This is pdfTeX, Version 3.141592653-2.6-1.40.29 (TeX Live 2026) (preloaded format=pdflatex 2026.8.19)  30 AUG 2026 22:07
entering extended mode
 restricted \write18 enabled.
 %&-line parsing enabled.
**output.tex
(./output.tex
LaTeX2e <2026-06-01>
L3 programming layer <2026-08-10>
(/opt/texlive/2026/texmf-dist/tex/latex/amscls/amsart.cls
Document Class: amsart 2020/05/29 v2.20.6
\linespacing=\dimen150
\normalparindent=\dimen151
\normaltopskip=\skip49
(/opt/texlive/2026/texmf-dist/tex/latex/amsmath/amsmath.sty
Package: amsmath 2026/05/19 v2.18d AMS math features
\@mathmargin=\skip50

For additional information on amsmath, use the `?' option.
(/opt/texlive/2026/texmf-dist/tex/latex/amsmath/amstext.sty
Package: amstext 2024/11/17 v2.01 AMS text

(/opt/texlive/2026/texmf-dist/tex/latex/amsmath/amsgen.sty
File: amsgen.sty 1999/11/30 v2.0 generic functions
\@emptytoks=\toks17
\ex@=\dimen152
))
(/opt/texlive/2026/texmf-dist/tex/latex/amsmath/amsbsy.sty
Package: amsbsy 1999/11/29 v1.2d Bold Symbols
\pmbraise@=\dimen153
)
(/opt/texlive/2026/texmf-dist/tex/latex/amsmath/amsopn.sty
Package: amsopn 2022/04/08 v2.04 operator names
)
\inf@bad=\count276
LaTeX Info: Redefining \frac on input line 233.
\uproot@=\count277
\leftroot@=\count278
LaTeX Info: Redefining \overline on input line 398.
LaTeX Info: Redefining \colon on input line 409.
\classnum@=\count279
\DOTSCASE@=\count280
LaTeX Info: Redefining \ldots on input line 495.
LaTeX Info: Redefining \dots on input line 498.
LaTeX Info: Redefining \cdots on input line 619.
\Mathstrutbox@=\box53
\strutbox@=\box54
LaTeX Info: Redefining \big on input line 721.
LaTeX Info: Redefining \Big on input line 722.
LaTeX Info: Redefining \bigg on input line 723.
LaTeX Info: Redefining \Bigg on input line 724.
\big@size=\dimen154
LaTeX Font Info:    Redeclaring font encoding OML on input line 742.
LaTeX Font Info:    Redeclaring font encoding OMS on input line 743.
\macc@depth=\count281
LaTeX Info: Redefining \bmod on input line 904.
LaTeX Info: Redefining \pmod on input line 909.
LaTeX Info: Redefining \smash on input line 939.
LaTeX Info: Redefining \relbar on input line 969.
LaTeX Info: Redefining \Relbar on input line 970.
\c@MaxMatrixCols=\count282
\dotsspace@=\muskip17
\c@parentequation=\count283
\dspbrk@lvl=\count284
\tag@help=\toks18
\row@=\count285
\column@=\count286
\maxfields@=\count287
\andhelp@=\toks19
\eqnshift@=\dimen155
\alignsep@=\dimen156
\tagshift@=\dimen157
\tagwidth@=\dimen158
\totwidth@=\dimen159
\lineht@=\dimen160
\@envbody=\toks20
\multlinegap=\skip51
\multlinetaggap=\skip52
\mathdisplay@stack=\toks21
LaTeX Info: Redefining \[ on input line 2965.
LaTeX Info: Redefining \] on input line 2966.
)
LaTeX Font Info:    Trying to load font information for U+msa on input line 397
.

(/opt/texlive/2026/texmf-dist/tex/latex/amsfonts/umsa.fd
File: umsa.fd 2013/01/14 v3.01 AMS symbols A
)
(/opt/texlive/2026/texmf-dist/tex/latex/amsfonts/amsfonts.sty
Package: amsfonts 2013/01/14 v3.01 Basic AMSFonts support
\symAMSa=\mathgroup4
\symAMSb=\mathgroup5
LaTeX Font Info:    Redeclaring math symbol \hbar on input line 98.
LaTeX Font Info:    Overwriting math alphabet `\mathfrak' in version `bold'
(Font)                  U/euf/m/n --> U/euf/b/n on input line 106.
)
\copyins=\insert252
\abstractbox=\box55
\listisep=\skip53
\c@part=\count288
\c@section=\count289
\c@subsection=\count290
\c@subsubsection=\count291
\c@paragraph=\count292
\c@subparagraph=\count293
\c@figure=\count294
\c@table=\count295
\abovecaptionskip=\skip54
\belowcaptionskip=\skip55
\captionindent=\dimen161
\thm@style=\toks22
\thm@bodyfont=\toks23
\thm@headfont=\toks24
\thm@notefont=\toks25
\thm@headpunct=\toks26
\thm@preskip=\skip56
\thm@postskip=\skip57
\thm@headsep=\skip58
\dth@everypar=\toks27
)
LaTeX Info: Redefining \markboth on input line 5.

(/home/dzack/.pandoc/styles/dzg-unified.sty
Package: dzg-unified 2025/01/09 DZG Unified Macro Package

(/home/dzack/.pandoc/styles/preambles/dzg-preamble.tex
(/opt/texlive/2026/texmf-dist/tex/latex/amsfonts/amssymb.sty
Package: amssymb 2013/01/14 v3.01 AMS font symbols
)
(/opt/texlive/2026/texmf-dist/tex/latex/mathtools/mathtools.sty
Package: mathtools 2024/10/04 v1.31 mathematical typesetting tools

(/opt/texlive/2026/texmf-dist/tex/latex/graphics/keyval.sty
Package: keyval 2026-05-17 v1.15 key=value parser (DPC)
\KV@toks@=\toks28
)
(/opt/texlive/2026/texmf-dist/tex/latex/tools/calc.sty
Package: calc 2025/03/01 v4.3b Infix arithmetic (KKT,FJ)
\calc@Acount=\count296
\calc@Bcount=\count297
\calc@Adimen=\dimen162
\calc@Bdimen=\dimen163
\calc@Askip=\skip59
\calc@Bskip=\skip60
LaTeX Info: Redefining \setlength on input line 86.
LaTeX Info: Redefining \addtolength on input line 87.
\calc@Ccount=\count298
\calc@Cskip=\skip61
)
(/opt/texlive/2026/texmf-dist/tex/latex/mathtools/mhsetup.sty
Package: mhsetup 2021/03/18 v1.4 programming setup (MH)
)
\g_MT_multlinerow_int=\count299
\l_MT_multwidth_dim=\dimen164
\origjot=\skip62
\l_MT_shortvdotswithinadjustabove_dim=\dimen165
\l_MT_shortvdotswithinadjustbelow_dim=\dimen166
\l_MT_above_intertext_sep=\dimen167
\l_MT_below_intertext_sep=\dimen168
\l_MT_above_shortintertext_sep=\dimen169
\l_MT_below_shortintertext_sep=\dimen170
\xmathstrut@box=\box56
\xmathstrut@dim=\dimen171
)
(/opt/texlive/2026/texmf-dist/tex/latex/jknapltx/mathrsfs.sty
Package: mathrsfs 1996/01/01 Math RSFS package v1.0 (jk)
\symrsfs=\mathgroup6
)
(/opt/texlive/2026/texmf-dist/tex/latex/tools/bm.sty
Package: bm 2025/10/21 v1.2g Bold Symbol Support (DPC/FMi)
\symboldoperators=\mathgroup7
\symboldletters=\mathgroup8
\symboldsymbols=\mathgroup9
Package bm Info: No bold for \OMX/cmex/m/n, using \pmb.
Package bm Info: No bold for \U/msa/m/n, using \pmb.
Package bm Info: No bold for \U/msb/m/n, using \pmb.
Package bm Info: No bold for \U/rsfs/m/n, using \pmb.
LaTeX Font Info:    Redeclaring math alphabet \mathbf on input line 149.
)
(/opt/texlive/2026/texmf-dist/tex/latex/esint/esint.sty
Package: esint 
\symlargesymbolsA=\mathgroup10
)
(/opt/texlive/2026/texmf-dist/tex/latex/stmaryrd/stmaryrd.sty
Package: stmaryrd 1994/03/03 St Mary's Road symbol package
\symstmry=\mathgroup11
LaTeX Font Info:    Overwriting symbol font `stmry' in version `bold'
(Font)                  U/stmry/m/n --> U/stmry/b/n on input line 89.
)
(/opt/texlive/2026/texmf-dist/tex/latex/was/upgreek.sty
Package: upgreek 2003/02/12 v2.0 (WaS)
Package upgreek Info: Using Euler Roman for upright Greek on input line 31.
\symugrf@m=\mathgroup12
LaTeX Font Info:    Overwriting symbol font `ugrf@m' in version `bold'
(Font)                  U/eur/m/n --> U/eur/b/n on input line 38.
)
(/opt/texlive/2026/texmf-dist/tex/latex/base/inputenc.sty
Package: inputenc 2024/02/08 v1.3d Input encoding file
\inpenc@prehook=\toks29
\inpenc@posthook=\toks30
)
(/opt/texlive/2026/texmf-dist/tex/latex/base/fontenc.sty
Package: fontenc 2025/07/18 v2.1d Standard LaTeX package
)
(/opt/texlive/2026/texmf-dist/tex/latex/graphics/graphicx.sty
Package: graphicx 2026-05-17 v1.2e Enhanced LaTeX Graphics (DPC,SPQR)

(/opt/texlive/2026/texmf-dist/tex/latex/graphics/graphics.sty
Package: graphics 2026-05-17 v1.4h Standard LaTeX Graphics (DPC,SPQR)

(/opt/texlive/2026/texmf-dist/tex/latex/graphics/trig.sty
Package: trig 2023/12/02 v1.11 sin cos tan (DPC)
)
(/opt/texlive/2026/texmf-dist/tex/latex/graphics-cfg/graphics.cfg
File: graphics.cfg 2016/06/04 v1.11 sample graphics configuration
)
Package graphics Info: Driver file: pdftex.def on input line 106.

(/opt/texlive/2026/texmf-dist/tex/latex/graphics-def/pdftex.def
File: pdftex.def 2025/09/29 v1.2d Graphics/color driver for pdftex
))
\Gin@req@height=\dimen172
\Gin@req@width=\dimen173
)
(/opt/texlive/2026/texmf-dist/tex/latex/caption/subcaption.sty
Package: subcaption 2023/07/28 v1.6b Sub-captions (AR)

(/opt/texlive/2026/texmf-dist/tex/latex/caption/caption.sty
Package: caption 2023/08/05 v3.6o Customizing captions (AR)

(/opt/texlive/2026/texmf-dist/tex/latex/caption/caption3.sty
Package: caption3 2023/07/31 v2.4d caption3 kernel (AR)
\caption@tempdima=\dimen174
\captionmargin=\dimen175
\caption@leftmargin=\dimen176
\caption@rightmargin=\dimen177
\caption@width=\dimen178
\caption@indent=\dimen179
\caption@parindent=\dimen180
\caption@hangindent=\dimen181
Package caption Info: AMS or SMF document class detected.

(/opt/texlive/2026/texmf-dist/tex/latex/caption/caption-ams-smf.sto
File: caption-ams-smf.sto 2020/08/22 v2.0 Adaption of the caption package to th
e AMS and SMF document classes (AR)
))
\c@caption@flags=\count300
\c@continuedfloat=\count301
)
Package caption Info: New subtype `subfigure' on input line 238.
\c@subfigure=\count302
Package caption Info: New subtype `subtable' on input line 238.
\c@subtable=\count303
)
(/opt/texlive/2026/texmf-dist/tex/latex/xcolor/xcolor.sty
Package: xcolor 2024/09/29 v3.02 LaTeX color extensions (UK)

(/opt/texlive/2026/texmf-dist/tex/latex/graphics-cfg/color.cfg
File: color.cfg 2016/01/02 v1.6 sample color configuration
)
Package xcolor Info: Driver file: pdftex.def on input line 274.

(/opt/texlive/2026/texmf-dist/tex/latex/graphics/mathcolor.ltx)
Package xcolor Info: Model `cmy' substituted by `cmy0' on input line 1349.
Package xcolor Info: Model `hsb' substituted by `rgb' on input line 1353.
Package xcolor Info: Model `RGB' extended on input line 1365.
Package xcolor Info: Model `HTML' substituted by `rgb' on input line 1367.
Package xcolor Info: Model `Hsb' substituted by `hsb' on input line 1368.
Package xcolor Info: Model `tHsb' substituted by `hsb' on input line 1369.
Package xcolor Info: Model `HSB' substituted by `hsb' on input line 1370.
Package xcolor Info: Model `Gray' substituted by `gray' on input line 1371.
Package xcolor Info: Model `wave' substituted by `hsb' on input line 1372.
)
(/opt/texlive/2026/texmf-dist/tex/latex/graphics/dvipsnam.def
File: dvipsnam.def 2026-05-17 v3.0m Driver-dependent file (DPC,SPQR)
)
(/opt/texlive/2026/texmf-dist/tex/latex/amsmath/amscd.sty
Package: amscd 2017/04/14 v2.1 AMS Commutative Diagrams
\athelp@=\toks31
\minaw@=\dimen182
\bigaw@=\dimen183
\minCDarrowwidth=\dimen184
)
(/opt/texlive/2026/texmf-dist/tex/latex/oberdiek/centernot.sty
Package: centernot 2016/05/16 v1.4 Centers the not symbol horizontally (HO)
)
(/opt/texlive/2026/texmf-dist/tex/latex/carlisle/slashed.sty
Package: slashed 1997/01/16 v0.01 Feynman Slashed Character Notation (DPC)
)
(/opt/texlive/2026/texmf-dist/tex/latex/pgf/frontendlayer/tikz.sty
(/opt/texlive/2026/texmf-dist/tex/latex/pgf/basiclayer/pgf.sty
(/opt/texlive/2026/texmf-dist/tex/latex/pgf/utilities/pgfrcs.sty
(/opt/texlive/2026/texmf-dist/tex/generic/pgf/utilities/pgfutil-common.tex
\pgfutil@everybye=\toks32
\pgfutil@tempdima=\dimen185
\pgfutil@tempdimb=\dimen186
)
(/opt/texlive/2026/texmf-dist/tex/generic/pgf/utilities/pgfutil-latex.def
\pgfutil@abb=\box57
)
(/opt/texlive/2026/texmf-dist/tex/generic/pgf/utilities/pgfrcs.code.tex
(/opt/texlive/2026/texmf-dist/tex/generic/pgf/pgf.revision.tex)
Package: pgfrcs 2026-08-01 v3.1.12 (3.1.12)
))
Package: pgf 2026-08-01 v3.1.12 (3.1.12)

(/opt/texlive/2026/texmf-dist/tex/latex/pgf/basiclayer/pgfcore.sty
(/opt/texlive/2026/texmf-dist/tex/latex/pgf/systemlayer/pgfsys.sty
(/opt/texlive/2026/texmf-dist/tex/generic/pgf/systemlayer/pgfsys.code.tex
Package: pgfsys 2026-08-01 v3.1.12 (3.1.12)

(/opt/texlive/2026/texmf-dist/tex/generic/pgf/utilities/pgfkeys.code.tex
\pgfkeys@pathtoks=\toks33
\pgfkeys@temptoks=\toks34

(/opt/texlive/2026/texmf-dist/tex/generic/pgf/utilities/pgfkeyslibraryfiltered.
code.tex
\pgfkeys@tmptoks=\toks35
))
\pgf@x=\dimen187
\pgf@y=\dimen188
\pgf@xa=\dimen189
\pgf@ya=\dimen190
\pgf@xb=\dimen191
\pgf@yb=\dimen192
\pgf@xc=\dimen193
\pgf@yc=\dimen194
\pgf@xd=\dimen195
\pgf@yd=\dimen196
\w@pgf@writea=\write3
\r@pgf@reada=\read2
\c@pgf@counta=\count304
\c@pgf@countb=\count305
\c@pgf@countc=\count306
\c@pgf@countd=\count307
\t@pgf@toka=\toks36
\t@pgf@tokb=\toks37
\t@pgf@tokc=\toks38
\pgf@sys@id@count=\count308
 (/opt/texlive/2026/texmf-dist/tex/generic/pgf/systemlayer/pgf.cfg
File: pgf.cfg 2026-08-01 v3.1.12 (3.1.12)
)
Driver file for pgf: pgfsys-pdftex.def

(/opt/texlive/2026/texmf-dist/tex/generic/pgf/systemlayer/pgfsys-pdftex.def
File: pgfsys-pdftex.def 2026-08-01 v3.1.12 (3.1.12)

(/opt/texlive/2026/texmf-dist/tex/generic/pgf/systemlayer/pgfsys-common-pdf.def
File: pgfsys-common-pdf.def 2026-08-01 v3.1.12 (3.1.12)
)))
(/opt/texlive/2026/texmf-dist/tex/generic/pgf/systemlayer/pgfsyssoftpath.code.t
ex
File: pgfsyssoftpath.code.tex 2026-08-01 v3.1.12 (3.1.12)
\pgfsyssoftpath@smallbuffer@items=\count309
\pgfsyssoftpath@bigbuffer@items=\count310
)
(/opt/texlive/2026/texmf-dist/tex/generic/pgf/systemlayer/pgfsysprotocol.code.t
ex
File: pgfsysprotocol.code.tex 2026-08-01 v3.1.12 (3.1.12)
)) (/opt/texlive/2026/texmf-dist/tex/generic/pgf/basiclayer/pgfcore.code.tex
Package: pgfcore 2026-08-01 v3.1.12 (3.1.12)

(/opt/texlive/2026/texmf-dist/tex/generic/pgf/math/pgfmath.code.tex
(/opt/texlive/2026/texmf-dist/tex/generic/pgf/math/pgfmathutil.code.tex)
(/opt/texlive/2026/texmf-dist/tex/generic/pgf/math/pgfmathparser.code.tex
\pgfmath@dimen=\dimen197
\pgfmath@count=\count311
\pgfmath@box=\box58
\pgfmath@toks=\toks39
\pgfmath@stack@operand=\toks40
\pgfmath@stack@operation=\toks41
)
(/opt/texlive/2026/texmf-dist/tex/generic/pgf/math/pgfmathfunctions.code.tex)
(/opt/texlive/2026/texmf-dist/tex/generic/pgf/math/pgfmathfunctions.basic.code.
tex)
(/opt/texlive/2026/texmf-dist/tex/generic/pgf/math/pgfmathfunctions.trigonometr
ic.code.tex)
(/opt/texlive/2026/texmf-dist/tex/generic/pgf/math/pgfmathfunctions.random.code
.tex)
(/opt/texlive/2026/texmf-dist/tex/generic/pgf/math/pgfmathfunctions.comparison.
code.tex)
(/opt/texlive/2026/texmf-dist/tex/generic/pgf/math/pgfmathfunctions.base.code.t
ex)
(/opt/texlive/2026/texmf-dist/tex/generic/pgf/math/pgfmathfunctions.round.code.
tex)
(/opt/texlive/2026/texmf-dist/tex/generic/pgf/math/pgfmathfunctions.misc.code.t
ex)
(/opt/texlive/2026/texmf-dist/tex/generic/pgf/math/pgfmathfunctions.integerarit
hmetics.code.tex)
(/opt/texlive/2026/texmf-dist/tex/generic/pgf/math/pgfmathcalc.code.tex)
(/opt/texlive/2026/texmf-dist/tex/generic/pgf/math/pgfmathfloat.code.tex
\c@pgfmathroundto@lastzeros=\count312
))
(/opt/texlive/2026/texmf-dist/tex/generic/pgf/math/pgfint.code.tex)
(/opt/texlive/2026/texmf-dist/tex/generic/pgf/basiclayer/pgfcorepoints.code.tex
File: pgfcorepoints.code.tex 2026-08-01 v3.1.12 (3.1.12)
\pgf@picminx=\dimen198
\pgf@picmaxx=\dimen199
\pgf@picminy=\dimen256
\pgf@picmaxy=\dimen257
\pgf@pathminx=\dimen258
\pgf@pathmaxx=\dimen259
\pgf@pathminy=\dimen260
\pgf@pathmaxy=\dimen261
\pgf@xx=\dimen262
\pgf@xy=\dimen263
\pgf@yx=\dimen264
\pgf@yy=\dimen265
\pgf@zx=\dimen266
\pgf@zy=\dimen267
)
(/opt/texlive/2026/texmf-dist/tex/generic/pgf/basiclayer/pgfcorepathconstruct.c
ode.tex
File: pgfcorepathconstruct.code.tex 2026-08-01 v3.1.12 (3.1.12)
\pgf@path@lastx=\dimen268
\pgf@path@lasty=\dimen269
)
(/opt/texlive/2026/texmf-dist/tex/generic/pgf/basiclayer/pgfcorepathusage.code.
tex
File: pgfcorepathusage.code.tex 2026-08-01 v3.1.12 (3.1.12)
\pgf@shorten@end@additional=\dimen270
\pgf@shorten@start@additional=\dimen271
)
(/opt/texlive/2026/texmf-dist/tex/generic/pgf/basiclayer/pgfcorescopes.code.tex
File: pgfcorescopes.code.tex 2026-08-01 v3.1.12 (3.1.12)
\pgfpic=\box59
\pgf@hbox=\box60
\pgf@layerbox@main=\box61
\pgf@picture@serial@count=\count313
)
(/opt/texlive/2026/texmf-dist/tex/generic/pgf/basiclayer/pgfcoregraphicstate.co
de.tex
File: pgfcoregraphicstate.code.tex 2026-08-01 v3.1.12 (3.1.12)
\pgflinewidth=\dimen272
)
(/opt/texlive/2026/texmf-dist/tex/generic/pgf/basiclayer/pgfcoretransformations
.code.tex
File: pgfcoretransformations.code.tex 2026-08-01 v3.1.12 (3.1.12)
\pgf@pt@x=\dimen273
\pgf@pt@y=\dimen274
\pgf@pt@temp=\dimen275
)
(/opt/texlive/2026/texmf-dist/tex/generic/pgf/basiclayer/pgfcorequick.code.tex
File: pgfcorequick.code.tex 2026-08-01 v3.1.12 (3.1.12)
)
(/opt/texlive/2026/texmf-dist/tex/generic/pgf/basiclayer/pgfcoreobjects.code.te
x
File: pgfcoreobjects.code.tex 2026-08-01 v3.1.12 (3.1.12)
)
(/opt/texlive/2026/texmf-dist/tex/generic/pgf/basiclayer/pgfcorepathprocessing.
code.tex
File: pgfcorepathprocessing.code.tex 2026-08-01 v3.1.12 (3.1.12)
)
(/opt/texlive/2026/texmf-dist/tex/generic/pgf/basiclayer/pgfcorearrows.code.tex
File: pgfcorearrows.code.tex 2026-08-01 v3.1.12 (3.1.12)
\pgfarrowsep=\dimen276
)
(/opt/texlive/2026/texmf-dist/tex/generic/pgf/basiclayer/pgfcoreshade.code.tex
File: pgfcoreshade.code.tex 2026-08-01 v3.1.12 (3.1.12)
\pgf@max=\dimen277
\pgf@sys@shading@range@num=\count314
\pgf@shadingcount=\count315
) (/opt/texlive/2026/texmf-dist/tex/generic/pgf/basiclayer/pgfcoreimage.code.te
x
File: pgfcoreimage.code.tex 2026-08-01 v3.1.12 (3.1.12)
)
(/opt/texlive/2026/texmf-dist/tex/generic/pgf/basiclayer/pgfcoreexternal.code.t
ex
File: pgfcoreexternal.code.tex 2026-08-01 v3.1.12 (3.1.12)
\pgfexternal@startupbox=\box62
)
(/opt/texlive/2026/texmf-dist/tex/generic/pgf/basiclayer/pgfcorelayers.code.tex
File: pgfcorelayers.code.tex 2026-08-01 v3.1.12 (3.1.12)
)
(/opt/texlive/2026/texmf-dist/tex/generic/pgf/basiclayer/pgfcoretransparency.co
de.tex
File: pgfcoretransparency.code.tex 2026-08-01 v3.1.12 (3.1.12)
)
(/opt/texlive/2026/texmf-dist/tex/generic/pgf/basiclayer/pgfcorepatterns.code.t
ex
File: pgfcorepatterns.code.tex 2026-08-01 v3.1.12 (3.1.12)
)
(/opt/texlive/2026/texmf-dist/tex/generic/pgf/basiclayer/pgfcorerdf.code.tex
File: pgfcorerdf.code.tex 2026-08-01 v3.1.12 (3.1.12)
))) (/opt/texlive/2026/texmf-dist/tex/generic/pgf/modules/pgfmoduleshapes.code.
tex
File: pgfmoduleshapes.code.tex 2026-08-01 v3.1.12 (3.1.12)
\pgfnodeparttextbox=\box63
) (/opt/texlive/2026/texmf-dist/tex/generic/pgf/modules/pgfmoduleplot.code.tex
File: pgfmoduleplot.code.tex 2026-08-01 v3.1.12 (3.1.12)
)
(/opt/texlive/2026/texmf-dist/tex/latex/pgf/compatibility/pgfcomp-version-0-65.
sty
Package: pgfcomp-version-0-65 2026-08-01 v3.1.12 (3.1.12)
\pgf@nodesepstart=\dimen278
\pgf@nodesepend=\dimen279
)
(/opt/texlive/2026/texmf-dist/tex/latex/pgf/compatibility/pgfcomp-version-1-18.
sty
Package: pgfcomp-version-1-18 2026-08-01 v3.1.12 (3.1.12)
)) (/opt/texlive/2026/texmf-dist/tex/latex/pgf/utilities/pgffor.sty
(/opt/texlive/2026/texmf-dist/tex/latex/pgf/utilities/pgfkeys.sty
(/opt/texlive/2026/texmf-dist/tex/generic/pgf/utilities/pgfkeys.code.tex))
(/opt/texlive/2026/texmf-dist/tex/latex/pgf/math/pgfmath.sty
(/opt/texlive/2026/texmf-dist/tex/generic/pgf/math/pgfmath.code.tex))
(/opt/texlive/2026/texmf-dist/tex/generic/pgf/utilities/pgffor.code.tex
Package: pgffor 2026-08-01 v3.1.12 (3.1.12)
\pgffor@iter=\dimen280
\pgffor@skip=\dimen281
\pgffor@stack=\toks42
\pgffor@toks=\toks43
))
(/opt/texlive/2026/texmf-dist/tex/generic/pgf/frontendlayer/tikz/tikz.code.tex
Package: tikz 2026-08-01 v3.1.12 (3.1.12)

(/opt/texlive/2026/texmf-dist/tex/generic/pgf/libraries/pgflibraryplothandlers.
code.tex
File: pgflibraryplothandlers.code.tex 2026-08-01 v3.1.12 (3.1.12)
\pgf@plot@mark@count=\count316
\pgfplotmarksize=\dimen282
)
\tikz@lastx=\dimen283
\tikz@lasty=\dimen284
\tikz@lastxsaved=\dimen285
\tikz@lastysaved=\dimen286
\tikz@lastmovetox=\dimen287
\tikz@lastmovetoy=\dimen288
\tikzleveldistance=\dimen289
\tikzsiblingdistance=\dimen290
\tikz@figbox=\box64
\tikz@figbox@bg=\box65
\tikz@tempbox=\box66
\tikz@tempbox@bg=\box67
\tikztreelevel=\count317
\tikznumberofchildren=\count318
\tikznumberofcurrentchild=\count319
\tikz@fig@count=\count320

(/opt/texlive/2026/texmf-dist/tex/generic/pgf/modules/pgfmodulematrix.code.tex
File: pgfmodulematrix.code.tex 2026-08-01 v3.1.12 (3.1.12)
\pgfmatrixcurrentrow=\count321
\pgfmatrixcurrentcolumn=\count322
\pgf@matrix@numberofcolumns=\count323
)
\tikz@expandcount=\count324

(/opt/texlive/2026/texmf-dist/tex/generic/pgf/frontendlayer/tikz/libraries/tikz
librarytopaths.code.tex
File: tikzlibrarytopaths.code.tex 2026-08-01 v3.1.12 (3.1.12)
)))
(/opt/texlive/2026/texmf-dist/tex/latex/tikz-cd/tikz-cd.sty
Package: tikz-cd 2021/05/04 v1.0 Commutative diagrams with TikZ

(/opt/texlive/2026/texmf-dist/tex/generic/tikz-cd/tikzlibrarycd.code.tex
(/opt/texlive/2026/texmf-dist/tex/generic/pgf/frontendlayer/tikz/libraries/tikz
librarymatrix.code.tex
File: tikzlibrarymatrix.code.tex 2026-08-01 v3.1.12 (3.1.12)
)
(/opt/texlive/2026/texmf-dist/tex/generic/pgf/frontendlayer/tikz/libraries/tikz
libraryquotes.code.tex
File: tikzlibraryquotes.code.tex 2026-08-01 v3.1.12 (3.1.12)
)
(/opt/texlive/2026/texmf-dist/tex/generic/pgf/libraries/pgflibraryarrows.meta.c
ode.tex
File: pgflibraryarrows.meta.code.tex 2026-08-01 v3.1.12 (3.1.12)
\pgfarrowinset=\dimen291
\pgfarrowlength=\dimen292
\pgfarrowwidth=\dimen293
\pgfarrowlinewidth=\dimen294
)))
(/opt/texlive/2026/texmf-dist/tex/generic/pgf/frontendlayer/tikz/libraries/tikz
libraryfadings.code.tex
File: tikzlibraryfadings.code.tex 2026-08-01 v3.1.12 (3.1.12)

(/opt/texlive/2026/texmf-dist/tex/generic/pgf/libraries/pgflibraryfadings.code.
tex
File: pgflibraryfadings.code.tex 2026-08-01 v3.1.12 (3.1.12)
))
(/opt/texlive/2026/texmf-dist/tex/generic/pgf/frontendlayer/tikz/libraries/tikz
librarypatterns.code.tex
File: tikzlibrarypatterns.code.tex 2026-08-01 v3.1.12 (3.1.12)

(/opt/texlive/2026/texmf-dist/tex/generic/pgf/libraries/pgflibrarypatterns.code
.tex
File: pgflibrarypatterns.code.tex 2026-08-01 v3.1.12 (3.1.12)
))
(/opt/texlive/2026/texmf-dist/tex/generic/pgf/frontendlayer/tikz/libraries/tikz
librarycalc.code.tex
File: tikzlibrarycalc.code.tex 2026-08-01 v3.1.12 (3.1.12)
)
(/opt/texlive/2026/texmf-dist/tex/generic/pgf/frontendlayer/tikz/libraries/tikz
librarypositioning.code.tex
File: tikzlibrarypositioning.code.tex 2026-08-01 v3.1.12 (3.1.12)
)
(/opt/texlive/2026/texmf-dist/tex/generic/pgf/frontendlayer/tikz/libraries/tikz
librarydecorations.code.tex
(/opt/texlive/2026/texmf-dist/tex/generic/pgf/modules/pgfmoduledecorations.code
.tex
\pgfdecoratedcompleteddistance=\dimen295
\pgfdecoratedremainingdistance=\dimen296
\pgfdecoratedinputsegmentcompleteddistance=\dimen297
\pgfdecoratedinputsegmentremainingdistance=\dimen298
\pgf@decorate@distancetomove=\dimen299
\pgf@decorate@repeatstate=\count325
\pgfdecorationsegmentamplitude=\dimen300
\pgfdecorationsegmentlength=\dimen301
)
\tikz@lib@dec@box=\box68
)
(/opt/texlive/2026/texmf-dist/tex/generic/pgf/frontendlayer/tikz/libraries/tikz
librarydecorations.pathreplacing.code.tex
(/opt/texlive/2026/texmf-dist/tex/generic/pgf/libraries/decorations/pgflibraryd
ecorations.pathreplacing.code.tex))
(/opt/texlive/2026/texmf-dist/tex/generic/pgf/frontendlayer/tikz/libraries/tikz
librarydecorations.markings.code.tex
(/opt/texlive/2026/texmf-dist/tex/generic/pgf/libraries/decorations/pgflibraryd
ecorations.markings.code.tex))
(/opt/texlive/2026/texmf-dist/tex/generic/pgf/frontendlayer/tikz/libraries/tikz
libraryshapes.code.tex
File: tikzlibraryshapes.code.tex 2026-08-01 v3.1.12 (3.1.12)

(/opt/texlive/2026/texmf-dist/tex/generic/pgf/frontendlayer/tikz/libraries/tikz
libraryshapes.geometric.code.tex
File: tikzlibraryshapes.geometric.code.tex 2026-08-01 v3.1.12 (3.1.12)

(/opt/texlive/2026/texmf-dist/tex/generic/pgf/libraries/shapes/pgflibraryshapes
.geometric.code.tex
File: pgflibraryshapes.geometric.code.tex 2026-08-01 v3.1.12 (3.1.12)
))
(/opt/texlive/2026/texmf-dist/tex/generic/pgf/frontendlayer/tikz/libraries/tikz
libraryshapes.misc.code.tex
File: tikzlibraryshapes.misc.code.tex 2026-08-01 v3.1.12 (3.1.12)

(/opt/texlive/2026/texmf-dist/tex/generic/pgf/libraries/shapes/pgflibraryshapes
.misc.code.tex
File: pgflibraryshapes.misc.code.tex 2026-08-01 v3.1.12 (3.1.12)
))
(/opt/texlive/2026/texmf-dist/tex/generic/pgf/frontendlayer/tikz/libraries/tikz
libraryshapes.symbols.code.tex
File: tikzlibraryshapes.symbols.code.tex 2026-08-01 v3.1.12 (3.1.12)

(/opt/texlive/2026/texmf-dist/tex/generic/pgf/libraries/shapes/pgflibraryshapes
.symbols.code.tex
File: pgflibraryshapes.symbols.code.tex 2026-08-01 v3.1.12 (3.1.12)
))
(/opt/texlive/2026/texmf-dist/tex/generic/pgf/frontendlayer/tikz/libraries/tikz
libraryshapes.arrows.code.tex
File: tikzlibraryshapes.arrows.code.tex 2026-08-01 v3.1.12 (3.1.12)

(/opt/texlive/2026/texmf-dist/tex/generic/pgf/libraries/shapes/pgflibraryshapes
.arrows.code.tex
File: pgflibraryshapes.arrows.code.tex 2026-08-01 v3.1.12 (3.1.12)
))
(/opt/texlive/2026/texmf-dist/tex/generic/pgf/frontendlayer/tikz/libraries/tikz
libraryshapes.callouts.code.tex
(/opt/texlive/2026/texmf-dist/tex/generic/pgf/libraries/shapes/pgflibraryshapes
.callouts.code.tex))
(/opt/texlive/2026/texmf-dist/tex/generic/pgf/frontendlayer/tikz/libraries/tikz
libraryshapes.multipart.code.tex
File: tikzlibraryshapes.multipart.code.tex 2026-08-01 v3.1.12 (3.1.12)

(/opt/texlive/2026/texmf-dist/tex/generic/pgf/libraries/shapes/pgflibraryshapes
.multipart.code.tex
File: pgflibraryshapes.multipart.code.tex 2026-08-01 v3.1.12 (3.1.12)
\pgfnodepartlowerbox=\box69
\pgfnodeparttwobox=\box70
\pgfnodepartthreebox=\box71
\pgfnodepartfourbox=\box72
\pgfnodeparttwentybox=\box73
\pgfnodepartnineteenbox=\box74
\pgfnodeparteighteenbox=\box75
\pgfnodepartseventeenbox=\box76
\pgfnodepartsixteenbox=\box77
\pgfnodepartfifteenbox=\box78
\pgfnodepartfourteenbox=\box79
\pgfnodepartthirteenbox=\box80
\pgfnodeparttwelvebox=\box81
\pgfnodepartelevenbox=\box82
\pgfnodeparttenbox=\box83
\pgfnodepartninebox=\box84
\pgfnodeparteightbox=\box85
\pgfnodepartsevenbox=\box86
\pgfnodepartsixbox=\box87
\pgfnodepartfivebox=\box88
)))
(/opt/texlive/2026/texmf-dist/tex/generic/pgf/frontendlayer/tikz/libraries/tikz
librarybackgrounds.code.tex
File: tikzlibrarybackgrounds.code.tex 2026-08-01 v3.1.12 (3.1.12)
\pgf@layerbox@background=\box89
\pgf@layerboxsaved@background=\box90
)
(/opt/texlive/2026/texmf-dist/tex/generic/pgf/frontendlayer/tikz/libraries/tikz
libraryfit.code.tex
File: tikzlibraryfit.code.tex 2026-08-01 v3.1.12 (3.1.12)
)
(/opt/texlive/2026/texmf-dist/tex/generic/pgf/frontendlayer/tikz/libraries/tikz
libraryintersections.code.tex
(/opt/texlive/2026/texmf-dist/tex/generic/pgf/libraries/pgflibraryintersections
.code.tex
(/opt/texlive/2026/texmf-dist/tex/generic/pgf/libraries/pgflibraryfpu.code.tex)
\pgf@intersect@solutions=\count326
)) (/opt/texlive/2026/texmf-dist/tex/latex/hobby/tikzlibraryhobby.code.tex
(/opt/texlive/2026/texmf-dist/tex/latex/hobby/pgflibraryhobby.code.tex
(/opt/texlive/2026/texmf-dist/tex/latex/hobby/hobby.code.tex
(/opt/texlive/2026/texmf-dist/tex/latex/hobby/pml3array.sty
(/opt/texlive/2026/texmf-dist/tex/latex/l3kernel/expl3.sty
Package: expl3 2026-08-10 L3 programming layer (loader) 

(/opt/texlive/2026/texmf-dist/tex/latex/l3kernel/l3backend-pdftex.def
File: l3backend-pdftex.def 2026-08-10 L3 backend support: PDF output (pdfTeX)
\l__color_backend_stack_int=\count327
))
\l_array_base_int=\count328
\l_array_top_int=\count329
\l_array_tmp_int=\count330
\g_array_map_int=\count331
\g_array_base_int=\count332
)
\g__hobby_npoints_int=\count333
\g__hobby_draw_int=\count334
)))
(/opt/texlive/2026/texmf-dist/tex/generic/pgf/frontendlayer/tikz/libraries/tikz
libraryarrows.code.tex
File: tikzlibraryarrows.code.tex 2026-08-01 v3.1.12 (3.1.12)

(/opt/texlive/2026/texmf-dist/tex/generic/pgf/libraries/pgflibraryarrows.code.t
ex
File: pgflibraryarrows.code.tex 2026-08-01 v3.1.12 (3.1.12)
\arrowsize=\dimen302
))
(/opt/texlive/2026/texmf-dist/tex/generic/pgf/frontendlayer/tikz/libraries/tikz
librarydecorations.pathmorphing.code.tex
(/opt/texlive/2026/texmf-dist/tex/generic/pgf/libraries/decorations/pgflibraryd
ecorations.pathmorphing.code.tex))
(/opt/texlive/2026/texmf-dist/tex/latex/etoolbox/etoolbox.sty
Package: etoolbox 2025/10/02 v2.5m e-TeX tools for LaTeX (JAW)
\etb@tempcnta=\count335
)
(/opt/texlive/2026/texmf-dist/tex/latex/l3packages/xparse/xparse.sty
Package: xparse 2025-10-09 L3 Experimental document command parser
)
(/home/dzack/.pandoc/styles/tikzit.sty
Package: tikzit 2026/06/18 TikZiT style/defs support (vendored)
\pgf@layerbox@edgelayer=\box91
\pgf@layerboxsaved@edgelayer=\box92
\pgf@layerbox@nodelayer=\box93
\pgf@layerboxsaved@nodelayer=\box94
)
(/opt/texlive/2026/texmf-dist/tex/latex/dynkin-diagrams/dynkin-diagrams.sty
Package: dynkin-diagrams 2024/12/04 Dynkin diagrams

(/opt/texlive/2026/texmf-dist/tex/generic/xstring/xstring.sty
(/opt/texlive/2026/texmf-dist/tex/generic/xstring/xstring.tex
\xs_counta=\count336
\xs_countb=\count337
)
Package: xstring 2023/08/22 v1.86 String manipulations (CT)
)
(/opt/texlive/2026/texmf-dist/tex/latex/pgfopts/pgfopts.sty
Package: pgfopts 2014/07/10 v2.1a LaTeX package options with pgfkeys
\pgfopts@list@add@a@toks=\toks44
\pgfopts@list@add@b@toks=\toks45
)
(/opt/texlive/2026/texmf-dist/tex/generic/pgf/frontendlayer/tikz/libraries/tikz
libraryshadows.code.tex
File: tikzlibraryshadows.code.tex 2026-08-01 v3.1.12 (3.1.12)
)
\pgf@layerbox@Dynkin behind=\box95
\pgf@layerboxsaved@Dynkin behind=\box96
\dynkinOverrideRoot=\count338
\dynkin@rpo=\count339
\c@dynkinRootNo=\count340
\dynkin@onesbit=\count341
\dynkin@twosbit=\count342
\dynkin@rank=\count343
\dynkin@rank@minus@one=\count344
\dynkin@rank@minus@two=\count345
\dynkin@rank@minus@three=\count346
\dynkin@nodes=\count347
\dynkin@ply=\count348
\dynkin@drpo=\count349
\dynkin@where=\count350
\dynkin@first@root@no=\count351
\dynkin@second@root@no=\count352
\dynkin@Root@Numbr=\count353
\dynkin@string@length=\count354
\dynkin@Root@Numbrpo=\count355
\defaultpgflinewidth=\skip63
\dynkin@lenny=\count356
\dynkin@Root@Number=\count357
\@dynkin@from@root=\count358
\@dynkin@to@root=\count359
\dynkin@r=\count360
\dynkin@root@no=\count361
\dynkin@order@temp=\count362
\dynkin@order@temp@b=\count363
\tempDynkinReorder=\count364
\test@bit@a=\count365
\test@bit@b=\count366
\replaceNthCounter=\count367
\replacementN=\count368
\dynkin@where=\count369
\dynkin@nodes@minus@one=\count370
\pipebmo=\count371
\pipefpo=\count372
\pipe@end=\count373
\start@pipe=\count374
\dynkin@h=\count375
\dynkin@hpo=\count376
\dynkin@afterfold=\count377
\dynkin@nrts=\count378
\dynkin@countdown=\count379
\dynkin@bmo=\count380
\dynkin@bmo=\count381
\dynkin@height@minus@one=\count382
\dynkin@nodes@minus@one=\count383
\dynkin@diagram@list@item@number=\count384
) (/home/dzack/.pandoc/styles/vendor/quiver.sty
Package: quiver 2021/01/11 quiver
)
(/opt/texlive/2026/texmf-dist/tex/latex/pgfplots/pgfplots.sty
(/opt/texlive/2026/texmf-dist/tex/generic/pgfplots/pgfplots.revision.tex)
Package: pgfplots 2025/08/14 v1.18.2 Data Visualization (1.18.2)

(/opt/texlive/2026/texmf-dist/tex/generic/pgfplots/pgfplots.code.tex
(/opt/texlive/2026/texmf-dist/tex/generic/pgfplots/pgfplotscore.code.tex
\t@pgfplots@toka=\toks46
\t@pgfplots@tokb=\toks47
\t@pgfplots@tokc=\toks48
\pgfplots@tmpa=\dimen303
\c@pgfplots@coordindex=\count385
\c@pgfplots@scanlineindex=\count386

(/opt/texlive/2026/texmf-dist/tex/generic/pgfplots/sys/pgfplotssysgeneric.code.
tex))
(/opt/texlive/2026/texmf-dist/tex/generic/pgfplots/libs/pgfplotslibrary.code.te
x)
(/opt/texlive/2026/texmf-dist/tex/generic/pgfplots/oldpgfcompatib/pgfplotsoldpg
fsupp_loader.code.tex
(/opt/texlive/2026/texmf-dist/tex/generic/pgfplots/oldpgfcompatib/pgfplotsoldpg
fsupp_pgfutil-common-lists.tex))
(/opt/texlive/2026/texmf-dist/tex/generic/pgfplots/util/pgfplotsutil.code.tex
(/opt/texlive/2026/texmf-dist/tex/generic/pgfplots/liststructure/pgfplotslistst
ructure.code.tex)
(/opt/texlive/2026/texmf-dist/tex/generic/pgfplots/liststructure/pgfplotslistst
ructureext.code.tex)
(/opt/texlive/2026/texmf-dist/tex/generic/pgfplots/liststructure/pgfplotsarray.
code.tex
\c@pgfplotsarray@tmp=\count387
)
(/opt/texlive/2026/texmf-dist/tex/generic/pgfplots/liststructure/pgfplotsmatrix
.code.tex)
(/opt/texlive/2026/texmf-dist/tex/generic/pgfplots/numtable/pgfplotstableshared
.code.tex
\c@pgfplotstable@counta=\count388
\t@pgfplotstable@a=\toks49
)
(/opt/texlive/2026/texmf-dist/tex/generic/pgfplots/liststructure/pgfplotsdeque.
code.tex)
(/opt/texlive/2026/texmf-dist/tex/generic/pgfplots/util/pgfplotsbinary.code.tex

(/opt/texlive/2026/texmf-dist/tex/generic/pgfplots/util/pgfplotsbinary.data.cod
e.tex))
(/opt/texlive/2026/texmf-dist/tex/generic/pgfplots/util/pgfplotsutil.verb.code.
tex)
(/opt/texlive/2026/texmf-dist/tex/generic/pgfplots/libs/pgflibrarypgfplots.surf
shading.code.tex
\c@pgfplotslibrarysurf@no=\count389

(/opt/texlive/2026/texmf-dist/tex/generic/pgfplots/sys/pgflibrarypgfplots.surfs
hading.pgfsys-pdftex.def)))
(/opt/texlive/2026/texmf-dist/tex/generic/pgfplots/util/pgfplotscolormap.code.t
ex
(/opt/texlive/2026/texmf-dist/tex/generic/pgfplots/util/pgfplotscolor.code.tex)
)
(/opt/texlive/2026/texmf-dist/tex/generic/pgfplots/pgfplotsstackedplots.code.te
x)
(/opt/texlive/2026/texmf-dist/tex/generic/pgfplots/pgfplotsplothandlers.code.te
x
(/opt/texlive/2026/texmf-dist/tex/generic/pgfplots/pgfplotsmeshplothandler.code
.tex
(/opt/texlive/2026/texmf-dist/tex/generic/pgfplots/pgfplotsmeshplotimage.code.t
ex)))
(/opt/texlive/2026/texmf-dist/tex/generic/pgfplots/pgfplots.scaling.code.tex)
(/opt/texlive/2026/texmf-dist/tex/generic/pgfplots/pgfplotscoordprocessing.code
.tex)
(/opt/texlive/2026/texmf-dist/tex/generic/pgfplots/pgfplots.errorbars.code.tex)
(/opt/texlive/2026/texmf-dist/tex/generic/pgfplots/pgfplots.markers.code.tex)
(/opt/texlive/2026/texmf-dist/tex/generic/pgfplots/pgfplotsticks.code.tex)
(/opt/texlive/2026/texmf-dist/tex/generic/pgfplots/pgfplots.paths.code.tex)
(/opt/texlive/2026/texmf-dist/tex/generic/pgfplots/libs/tikzlibrarypgfplots.con
tourlua.code.tex)
\pgfplots@numplots=\count390
\pgfplots@xmin@reg=\dimen304
\pgfplots@xmax@reg=\dimen305
\pgfplots@ymin@reg=\dimen306
\pgfplots@ymax@reg=\dimen307
\pgfplots@zmin@reg=\dimen308
\pgfplots@zmax@reg=\dimen309
)
(/opt/texlive/2026/texmf-dist/tex/generic/pgf/frontendlayer/tikz/libraries/tikz
libraryplotmarks.code.tex
File: tikzlibraryplotmarks.code.tex 2026-08-01 v3.1.12 (3.1.12)

(/opt/texlive/2026/texmf-dist/tex/generic/pgf/libraries/pgflibraryplotmarks.cod
e.tex
File: pgflibraryplotmarks.code.tex 2026-08-01 v3.1.12 (3.1.12)
))) (/opt/texlive/2026/texmf-dist/tex/generic/xypic/xy.sty
(/opt/texlive/2026/texmf-dist/tex/generic/xypic/xy.tex Bootstrap'ing:
catcodes, docmode, (/opt/texlive/2026/texmf-dist/tex/generic/xypic/xyrecat.tex)
(/opt/texlive/2026/texmf-dist/tex/generic/xypic/xyidioms.tex)

 Xy-pic version 3.8.9 <2013/10/06>
 Copyright (c) 1991-2013 by Kristoffer H. Rose <krisrose@tug.org> and others
 Xy-pic is free software: see the User's Guide for details.

Loading kernel: messages; fonts; allocations: state,
\X@c=\dimen310
\Y@c=\dimen311
\U@c=\dimen312
\D@c=\dimen313
\L@c=\dimen314
\R@c=\dimen315
\Edge@c=\toks50
\X@p=\dimen316
\Y@p=\dimen317
\U@p=\dimen318
\D@p=\dimen319
\L@p=\dimen320
\R@p=\dimen321
\Edge@p=\toks51
\X@origin=\dimen322
\Y@origin=\dimen323
\X@xbase=\dimen324
\Y@xbase=\dimen325
\X@ybase=\dimen326
\Y@ybase=\dimen327
\X@min=\dimen328
\Y@min=\dimen329
\X@max=\dimen330
\Y@max=\dimen331
\lastobjectbox@=\box97
\zerodotbox@=\box98
\almostz@=\dimen332
 direction,
\d@X=\dimen333
\d@Y=\dimen334
\K@=\count391
\KK@=\count392
\Direction=\count393
\K@dXdY=\dimen335
\K@dYdX=\dimen336
\xyread@=\read3
\xywrite@=\write4
\csp@=\count394
\quotPTK@=\dimen337

utility macros; pictures: \xy, positions,
\swaptoks@@=\toks52
\connectobjectbox@@=\box99
 objects,
\styletoks@=\toks53
 decorations;
kernel objects: directionals, circles, text; options; algorithms: directions,
edges, connections;  Xy-pic loaded)
(/opt/texlive/2026/texmf-dist/tex/generic/iftex/ifpdf.sty
Package: ifpdf 2019/10/25 v3.4 ifpdf legacy package. Use iftex instead.

(/opt/texlive/2026/texmf-dist/tex/generic/iftex/iftex.sty
Package: iftex 2024/12/12 v1.0g TeX engine tests
))
Package: xy 2013/10/06 Xy-pic version 3.8.9

(/opt/texlive/2026/texmf-dist/tex/generic/xypic/xyall.tex
 Xy-pic option: All features v.3.8
(/opt/texlive/2026/texmf-dist/tex/generic/xypic/xycurve.tex
 Xy-pic option: Curve and Spline extension v.3.12 curve,
\crv@cnt@=\count395
\crvpts@=\toks54
\splinebox@=\box100
\splineval@=\dimen338
\splinedepth@=\dimen339
\splinetol@=\dimen340
\splinelength@=\dimen341
 circles,
\L@=\dimen342
 loaded)
(/opt/texlive/2026/texmf-dist/tex/generic/xypic/xyframe.tex
 Xy-pic option: Frame and Bracket extension v.3.14 loaded)
(/opt/texlive/2026/texmf-dist/tex/generic/xypic/xycmtip.tex
 Xy-pic option: Computer Modern tip extension v.3.7
(/opt/texlive/2026/texmf-dist/tex/generic/xypic/xytips.tex
 Xy-pic option: More Tips extension v.3.11 loaded) loaded)
(/opt/texlive/2026/texmf-dist/tex/generic/xypic/xyline.tex
 Xy-pic option: Line styles extension v.3.10
\xylinethick@=\dimen343
 loaded)
(/opt/texlive/2026/texmf-dist/tex/generic/xypic/xyrotate.tex
 Xy-pic option: Rotate and Scale extension v.3.8 loaded)
(/opt/texlive/2026/texmf-dist/tex/generic/xypic/xycolor.tex
 Xy-pic option: Colour extension v.3.11 loaded)
(/opt/texlive/2026/texmf-dist/tex/generic/xypic/xymatrix.tex
 Xy-pic option: Matrix feature v.3.14
\Row=\count396
\Col=\count397
\queue@=\toks55
\queue@@=\toks56
\qcount@=\count398
\qcount@@=\count399
\matrixsize@=\count400
 loaded)
(/opt/texlive/2026/texmf-dist/tex/generic/xypic/xyarrow.tex
 Xy-pic option: Arrow and Path feature v.3.9 path, \ar, loaded)
(/opt/texlive/2026/texmf-dist/tex/generic/xypic/xygraph.tex
 Xy-pic option: Graph feature v.3.11 loaded) loaded)
(/opt/texlive/2026/texmf-dist/tex/generic/xypic/xypdf.tex
 Xy-pic option: PDF driver v.1.7 Xy-pic pdf driver: `color' extension support
(/opt/texlive/2026/texmf-dist/tex/generic/xypic/xypdf-co.tex loaded)
Xy-pic pdf driver: `curve' extension support
(/opt/texlive/2026/texmf-dist/tex/generic/xypic/xypdf-cu.tex loaded)
Xy-pic pdf driver: `frame' extension support
(/opt/texlive/2026/texmf-dist/tex/generic/xypic/xypdf-fr.tex loaded)
Xy-pic pdf driver: `line' extension support
(/opt/texlive/2026/texmf-dist/tex/generic/xypic/xypdf-li.tex loaded)
Xy-pic pdf driver: `rotate' extension support
(/opt/texlive/2026/texmf-dist/tex/generic/xypic/xypdf-ro.tex loaded) loaded))
(/opt/texlive/2026/texmf-dist/tex/latex/microtype/microtype.sty
Package: microtype 2026/03/01 v3.2d Micro-typographical refinements (RS)
\MT@toks=\toks57
\MT@tempbox=\box101
\MT@count=\count401
LaTeX Info: Redefining \noprotrusionifhmode on input line 1084.
LaTeX Info: Redefining \leftprotrusion on input line 1085.
\MT@prot@toks=\toks58
LaTeX Info: Redefining \rightprotrusion on input line 1104.
LaTeX Info: Redefining \textls on input line 1449.
\MT@outer@kern=\dimen344
LaTeX Info: Redefining \microtypecontext on input line 2053.
LaTeX Info: Redefining \textmicrotypecontext on input line 2070.
\MT@listname@count=\count402

(/opt/texlive/2026/texmf-dist/tex/latex/microtype/microtype-pdftex.def
File: microtype-pdftex.def 2026/03/01 v3.2d Definitions specific to pdftex (RS)

LaTeX Info: Redefining \lsstyle on input line 944.
LaTeX Info: Redefining \lslig on input line 944.
\MT@outer@space=\skip64
)
Package microtype Info: Loading configuration file microtype.cfg.

(/opt/texlive/2026/texmf-dist/tex/latex/microtype/microtype.cfg
File: microtype.cfg 2026/03/01 v3.2d microtype main configuration file (RS)
)
LaTeX Info: Redefining \microtypesetup on input line 3065.
)
(/opt/texlive/2026/texmf-dist/tex/latex/hyperref/hyperref.sty
Package: hyperref 2026-06-17 v7.01r Hypertext links for LaTeX

(/opt/texlive/2026/texmf-dist/tex/latex/kvsetkeys/kvsetkeys.sty
Package: kvsetkeys 2022-10-05 v1.19 Key value parser (HO)
)
(/opt/texlive/2026/texmf-dist/tex/generic/kvdefinekeys/kvdefinekeys.sty
Package: kvdefinekeys 2019-12-19 v1.6 Define keys (HO)
)
(/opt/texlive/2026/texmf-dist/tex/generic/pdfescape/pdfescape.sty
Package: pdfescape 2019/12/09 v1.15 Implements pdfTeX's escape features (HO)

(/opt/texlive/2026/texmf-dist/tex/generic/ltxcmds/ltxcmds.sty
Package: ltxcmds 2023-12-04 v1.26 LaTeX kernel commands for general use (HO)
)
(/opt/texlive/2026/texmf-dist/tex/generic/pdftexcmds/pdftexcmds.sty
Package: pdftexcmds 2020-06-27 v0.33 Utility functions of pdfTeX for LuaTeX (HO
)

(/opt/texlive/2026/texmf-dist/tex/generic/infwarerr/infwarerr.sty
Package: infwarerr 2019/12/03 v1.5 Providing info/warning/error messages (HO)
)
Package pdftexcmds Info: \pdf@primitive is available.
Package pdftexcmds Info: \pdf@ifprimitive is available.
Package pdftexcmds Info: \pdfdraftmode found.
))
(/opt/texlive/2026/texmf-dist/tex/latex/hycolor/hycolor.sty
Package: hycolor 2020-01-27 v1.10 Color options for hyperref/bookmark (HO)
)
(/opt/texlive/2026/texmf-dist/tex/latex/hyperref/nameref.sty
Package: nameref 2026-01-29 v2.58 Cross-referencing by name of section

(/opt/texlive/2026/texmf-dist/tex/latex/refcount/refcount.sty
Package: refcount 2019/12/15 v3.6 Data extraction from label references (HO)
)
(/opt/texlive/2026/texmf-dist/tex/generic/gettitlestring/gettitlestring.sty
Package: gettitlestring 2019/12/15 v1.6 Cleanup title references (HO)

(/opt/texlive/2026/texmf-dist/tex/latex/kvoptions/kvoptions.sty
Package: kvoptions 2022-06-15 v3.15 Key value format for package options (HO)
))
\c@section@level=\count403
)
(/opt/texlive/2026/texmf-dist/tex/generic/stringenc/stringenc.sty
Package: stringenc 2019/11/29 v1.12 Convert strings between diff. encodings (HO
)
)
\@linkdim=\dimen345
\Hy@linkcounter=\count404
\Hy@pagecounter=\count405

(/opt/texlive/2026/texmf-dist/tex/latex/hyperref/pd1enc.def
File: pd1enc.def 2026-06-17 v7.01r Hyperref: PDFDocEncoding definition (HO)
Now handling font encoding PD1 ...
... no UTF-8 mapping file for font encoding PD1
)
(/opt/texlive/2026/texmf-dist/tex/generic/intcalc/intcalc.sty
Package: intcalc 2019/12/15 v1.3 Expandable calculations with integers (HO)
)
\Hy@SavedSpaceFactor=\count406

(/opt/texlive/2026/texmf-dist/tex/latex/hyperref/puenc.def
File: puenc.def 2026-06-17 v7.01r Hyperref: PDF Unicode definition (HO)
Now handling font encoding PU ...
... no UTF-8 mapping file for font encoding PU
)
Package hyperref Info: Option `unicode' set `true' on input line 4070.
Package hyperref Info: Option `colorlinks' set `true' on input line 4070.
Package hyperref Info: Hyper figures OFF on input line 4199.
Package hyperref Info: Link nesting OFF on input line 4204.
Package hyperref Info: Hyper index ON on input line 4207.
Package hyperref Info: Plain pages OFF on input line 4214.
Package hyperref Info: Backreferencing OFF on input line 4219.
Package hyperref Info: Implicit mode ON; LaTeX internals redefined.
Package hyperref Info: Bookmarks ON on input line 4466.
\c@Hy@tempcnt=\count407

(/opt/texlive/2026/texmf-dist/tex/latex/url/url.sty
\Urlmuskip=\muskip18
Package: url 2013/09/16  ver 3.4  Verb mode for urls, etc.
)
LaTeX Info: Redefining \url on input line 4805.
\XeTeXLinkMargin=\dimen346

(/opt/texlive/2026/texmf-dist/tex/generic/bitset/bitset.sty
Package: bitset 2019/12/09 v1.3 Handle bit-vector datatype (HO)

(/opt/texlive/2026/texmf-dist/tex/generic/bigintcalc/bigintcalc.sty
Package: bigintcalc 2019/12/15 v1.5 Expandable calculations on big integers (HO
)
))
\Fld@menulength=\count408
\Field@Width=\dimen347
\Fld@charsize=\dimen348
Package hyperref Info: Hyper figures OFF on input line 6091.
Package hyperref Info: Link nesting OFF on input line 6096.
Package hyperref Info: Hyper index ON on input line 6099.
Package hyperref Info: backreferencing OFF on input line 6106.
Package hyperref Info: Link coloring ON on input line 6109.
Package hyperref Info: Link coloring with OCG OFF on input line 6116.
Package hyperref Info: PDF/A mode OFF on input line 6121.
\Hy@abspage=\count409
\c@Item=\count410
\c@Hfootnote=\count411
)
Package hyperref Info: Driver (autodetected): hpdftex.

(/opt/texlive/2026/texmf-dist/tex/latex/hyperref/hpdftex.def
File: hpdftex.def 2026-06-17 v7.01r Hyperref driver for pdfTeX
\Fld@listcount=\count412
\c@bookmark@seq@number=\count413

(/opt/texlive/2026/texmf-dist/tex/latex/rerunfilecheck/rerunfilecheck.sty
Package: rerunfilecheck 2025-06-21 v1.11 Rerun checks for auxiliary files (HO)

(/opt/texlive/2026/texmf-dist/tex/generic/uniquecounter/uniquecounter.sty
Package: uniquecounter 2019/12/15 v1.4 Provide unlimited unique counter (HO)
)
Package uniquecounter Info: New unique counter `rerunfilecheck' on input line 2
84.
)
\Hy@SectionHShift=\skip65
)
(/opt/texlive/2026/texmf-dist/tex/latex/bookmark/bookmark.sty
Package: bookmark 2026-05-21 v1.32 PDF bookmarks (HO)

(/opt/texlive/2026/texmf-dist/tex/latex/bookmark/bkm-pdftex.def
File: bkm-pdftex.def 2026-05-21 v1.32 bookmark driver for pdfTeX (HO)
\BKM@id=\count414
))
(/opt/texlive/2026/texmf-dist/tex/latex/enumitem/enumitem.sty
Package: enumitem 2025/02/06 v3.11 Customized lists
\labelindent=\skip66
\enit@outerparindent=\dimen349
\enit@toks=\toks59
\enit@inbox=\box102
\enit@count@id=\count415
\enitdp@description=\count416
))
(/opt/texlive/2026/texmf-dist/tex/latex/tools/longtable.sty
Package: longtable 2026-01-28 v4.27 Multi-page Table package (DPC)
\LTleft=\skip67
\LTright=\skip68
\LTpre=\skip69
\LTpost=\skip70
\LTchunksize=\count417
\LTcapwidth=\dimen350
\LT@head=\box103
\LT@firsthead=\box104
\LT@foot=\box105
\LT@lastfoot=\box106
\LT@gbox=\box107
\LT@cols=\count418
\LT@rows=\count419
\c@LT@tables=\count420
\c@LT@chunks=\count421
\LT@p@ftn=\toks60
)
(/opt/texlive/2026/texmf-dist/tex/latex/tools/array.sty
Package: array 2026/02/24 v2.7b Tabular extension package (FMi)
\col@sep=\dimen351
\ar@mcellbox=\box108
\extrarowheight=\dimen352
\NC@list=\toks61
\extratabsurround=\skip71
\backup@length=\skip72
\ar@cellbox=\box109
)
(/opt/texlive/2026/texmf-dist/tex/latex/booktabs/booktabs.sty
Package: booktabs 2020/01/12 v1.61803398 Publication quality tables
\heavyrulewidth=\dimen353
\lightrulewidth=\dimen354
\cmidrulewidth=\dimen355
\belowrulesep=\dimen356
\belowbottomsep=\dimen357
\aboverulesep=\dimen358
\abovetopsep=\dimen359
\cmidrulesep=\dimen360
\cmidrulekern=\dimen361
\defaultaddspace=\dimen362
\@cmidla=\count422
\@cmidlb=\count423
\@aboverulesep=\dimen363
\@belowrulesep=\dimen364
\@thisruleclass=\count424
\@lastruleclass=\count425
\@thisrulewidth=\dimen365
)
(/opt/texlive/2026/texmf-dist/tex/latex/tools/tabularx.sty
Package: tabularx 2023/12/11 v2.12a `tabularx' package (DPC)
\TX@col@width=\dimen366
\TX@old@table=\dimen367
\TX@old@col=\dimen368
\TX@target=\dimen369
\TX@delta=\dimen370
\TX@cols=\count426
\TX@ftn=\toks62
)
(/opt/texlive/2026/texmf-dist/tex/latex/placeins/placeins.sty
Package: placeins 2005/04/18  v 2.2
)
(/opt/texlive/2026/texmf-dist/tex/latex/float/float.sty
Package: float 2001/11/08 v1.3d Float enhancements (AL)
\c@float@type=\count427
\float@exts=\toks63
\float@box=\box110
\@float@everytoks=\toks64
\@floatcapt=\box111
)
(/opt/texlive/2026/texmf-dist/tex/latex/adjustbox/adjustbox.sty
Package: adjustbox 2025/02/26 v1.3c Adjusting TeX boxes (trim, clip, ...)

(/opt/texlive/2026/texmf-dist/tex/latex/xkeyval/xkeyval.sty
Package: xkeyval 2025/11/04 v2.10 package option processing (HA)

(/opt/texlive/2026/texmf-dist/tex/generic/xkeyval/xkeyval.tex
(/opt/texlive/2026/texmf-dist/tex/generic/xkeyval/xkvutils.tex
\XKV@toks=\toks65
\XKV@tempa@toks=\toks66
\XKV@tempb@toks=\toks67
)
\XKV@depth=\count428
File: xkeyval.tex 2014/12/03 v2.7a key=value parser (HA)
))
(/opt/texlive/2026/texmf-dist/tex/latex/adjustbox/adjcalc.sty
Package: adjcalc 2012/05/16 v1.1 Provides advanced setlength with multiple back
-ends (calc, etex, pgfmath)
)
(/opt/texlive/2026/texmf-dist/tex/latex/adjustbox/trimclip.sty
Package: trimclip 2025/02/21 v1.2a Trim and clip general TeX material

(/opt/texlive/2026/texmf-dist/tex/latex/collectbox/collectbox.sty
Package: collectbox 2022/10/17 v0.4c Collect macro arguments as boxes
\collectedbox=\box112
)
\tc@llx=\dimen371
\tc@lly=\dimen372
\tc@urx=\dimen373
\tc@ury=\dimen374
Package trimclip Info: Using driver 'tc-pdftex.def'.

(/opt/texlive/2026/texmf-dist/tex/latex/adjustbox/tc-pdftex.def
File: tc-pdftex.def 2025/02/26 v2.3 Clipping driver for pdftex
))
\adjbox@Width=\dimen375
\adjbox@Height=\dimen376
\adjbox@Depth=\dimen377
\adjbox@Totalheight=\dimen378
\adjbox@pwidth=\dimen379
\adjbox@pheight=\dimen380
\adjbox@pdepth=\dimen381
\adjbox@ptotalheight=\dimen382

(/opt/texlive/2026/texmf-dist/tex/latex/ifoddpage/ifoddpage.sty
Package: ifoddpage 2022/10/18 v1.2 Conditionals for odd/even page detection
\c@checkoddpage=\count429
)
(/opt/texlive/2026/texmf-dist/tex/latex/varwidth/varwidth.sty
Package: varwidth 2009/03/30 ver 0.92;  Variable-width minipages
\@vwid@box=\box113
\sift@deathcycles=\count430
\@vwid@loff=\dimen383
\@vwid@roff=\dimen384
)
==> First Aid for varwidth.sty applied!
) (/opt/texlive/2026/texmf-dist/tex/latex/epstopdf-pkg/epstopdf.sty
Package: epstopdf 2020-01-24 v2.11 Conversion with epstopdf on the fly (HO)

(/opt/texlive/2026/texmf-dist/tex/latex/grfext/grfext.sty
Package: grfext 2019/12/03 v1.3 Manage graphics extensions (HO)
)
(/opt/texlive/2026/texmf-dist/tex/latex/epstopdf-pkg/epstopdf-base.sty
Package: epstopdf-base 2020-01-24 v2.11 Base part for package epstopdf
Package epstopdf-base Info: Redefining graphics rule for `.eps' on input line 4
85.
Package grfext Info: Graphics extension search list:
(grfext)             [.pdf,.png,.jpg,.mps,.jpeg,.jbig2,.jb2,.PDF,.PNG,.JPG,.JPE
G,.JBIG2,.JB2,.eps]
(grfext)             \AppendGraphicsExtensions on input line 504.

(/opt/texlive/2026/texmf-dist/tex/latex/latexconfig/epstopdf-sys.cfg
File: epstopdf-sys.cfg 2010/07/13 v1.3 Configuration of (r)epstopdf for TeX Liv
e
)))
(/opt/texlive/2026/texmf-dist/tex/latex/svg/svg.sty
Package: svg 2020/11/26 v2.02k (include SVG pictures)

(/opt/texlive/2026/texmf-dist/tex/latex/koma-script/scrbase.sty
Package: scrbase 2026/02/02 v3.49.2 KOMA-Script package (KOMA-Script-independen
t basics and keyval usage)

(/opt/texlive/2026/texmf-dist/tex/latex/koma-script/scrlfile.sty
Package: scrlfile 2026/02/02 v3.49.2 KOMA-Script package (file load hooks)

(/opt/texlive/2026/texmf-dist/tex/latex/koma-script/scrlfile-hook.sty
Package: scrlfile-hook 2026/02/02 v3.49.2 KOMA-Script package (using LaTeX hook
s)

(/opt/texlive/2026/texmf-dist/tex/latex/koma-script/scrlogo.sty
Package: scrlogo 2026/02/02 v3.49.2 KOMA-Script package (logo)
)))
Applying: [2021/05/01] Usage of raw or classic option list on input line 254.
Already applied: [0000/00/00] Usage of raw or classic option list on input line
 370.
)
(/opt/texlive/2026/texmf-dist/tex/latex/trimspaces/trimspaces.sty
Package: trimspaces 2009/09/17 v1.1 Trim spaces around a token list
)
(/opt/texlive/2026/texmf-dist/tex/latex/tools/shellesc.sty
Package: shellesc 2023/07/08 v1.0d unified shell escape interface for LaTeX
Package shellesc Info: Restricted shell escape enabled on input line 77.
)
\c@svg@param@lastpage=\count431
\svg@box=\box114
\c@svg@param@currpage=\count432
)
(/opt/texlive/2026/texmf-dist/tex/latex/transparent/transparent.sty
Package: transparent 2025-06-23 v1.6 Transparency with color stacks

(/opt/texlive/2026/texmf-dist/tex/latex/transparent/transparent-nometadata.sty
Package: transparent-nometadata 2025-06-23 v1.6 Transparency via pdfTeX's color
 stack (HO)

(/opt/texlive/2026/texmf-dist/tex/latex/auxhook/auxhook.sty
Package: auxhook 2019-12-17 v1.6 Hooks for auxiliary files (HO)
)))
(/opt/texlive/2026/texmf-dist/tex/latex/etex-pkg/etex.sty
Package: etex 2016/08/01 v2.7 eTeX basic definition package (PEB,DPC)


Package etex Warning: Extended allocation already in use.
(etex)                etex.sty code will not be used.
(etex)                To force etex package to load, add
(etex)                \RequirePackage{etex}
(etex)                at the start of the document.

) (/opt/texlive/2026/texmf-dist/tex/latex/hyphenat/hyphenat.sty
Package: hyphenat 2009/09/02 v2.3c hyphenation utilities
\langwohyphens=\language91
LaTeX Info: Redefining \_ on input line 43.
)
(/opt/texlive/2026/texmf-dist/tex/latex/tools/indentfirst.sty
Package: indentfirst 2023/07/02 v1.03 Indent first paragraph (DPC)
)
(/opt/texlive/2026/texmf-dist/tex/latex/csquotes/csquotes.sty
Package: csquotes 2026-05-19 v5.2p context-sensitive quotations (JAW)
\csq@reset=\count433
\csq@gtype=\count434
\csq@glevel=\count435
\csq@qlevel=\count436
\csq@maxlvl=\count437
\csq@tshold=\count438
\csq@ltx@everypar=\toks68

(/opt/texlive/2026/texmf-dist/tex/latex/csquotes/csquotes.def
File: csquotes.def 2026-05-19 v5.2p csquotes generic definitions (JAW)
)
Package csquotes Info: Trying to load configuration file 'csquotes.cfg'...
Package csquotes Info: ... configuration file loaded successfully.

(/opt/texlive/2026/texmf-dist/tex/latex/csquotes/csquotes.cfg
File: csquotes.cfg 
))
(/opt/texlive/2026/texmf-dist/tex/latex/datetime/datetime.sty
Package: datetime 2015/03/20 v2.60 Date Time Package

(/opt/texlive/2026/texmf-dist/tex/latex/fmtcount/fmtcount.sty
Package: fmtcount 2025/12/02 v3.12 Displaying the values of LaTeX counters (NT,
VB,NE)

(/opt/texlive/2026/texmf-dist/tex/latex/base/ifthen.sty
Package: ifthen 2024/03/16 v1.1e Standard LaTeX ifthen package (DPC)
)
(/opt/texlive/2026/texmf-dist/tex/latex/fmtcount/fcprefix.sty
Package: fcprefix 2012/09/28

(/opt/texlive/2026/texmf-dist/tex/latex/fmtcount/fcnumparser.sty
Package: fcnumparser 2017/06/15
\fc@digit@counter=\count439
))
\c@padzeroesN=\count440
\fc@tmpcatcode=\count441
\@DT@modctr=\count442
\@ordinalctr=\count443
\@orgargctr=\count444
\@strctr=\count445
\@tmpstrctr=\count446
\@DT@loopN=\count447
\@DT@X=\count448
)
(/opt/texlive/2026/texmf-dist/tex/latex/datetime/datetime-defaults.sty
Package: datetime-defaults 2013/09/10
)
\@day=\count449
\@month=\count450
\@year=\count451
\c@HOUR=\count452
\c@HOURXII=\count453
\c@MINUTE=\count454
\c@TOHOUR=\count455
\c@TOMINUTE=\count456
\c@SECOND=\count457
\currenthour=\count458
\currentminute=\count459
\currentsecond=\count460
Package datetime Info: No datetime.cfg file found, using default settings on in
put line 308.
\@dtctr=\count461
\dayofyear=\count462
\dayofweek=\count463
LaTeX Info: Redefining \today on input line 736.
\dt@a=\toks69
\dt@b=\toks70
)
(/opt/texlive/2026/texmf-dist/tex/latex/marginnote/marginnote.sty
Package: marginnote 2026-06-15 1.5 non floating margin notes for LaTeX 
\c@mn@abspage=\count464
)
(/opt/texlive/2026/texmf-dist/tex/latex/todonotes/todonotes.sty
Package: todonotes 2024/01/05 v1.1.7 Todonotes source and documentation.
Package: todonotes 2024/01/05
\c@@todonotes@numberoftodonotes=\count465
)
(/opt/texlive/2026/texmf-dist/tex/latex/geometry/geometry.sty
Package: geometry 2026/03/07 v6.0 Page Geometry

(/opt/texlive/2026/texmf-dist/tex/generic/iftex/ifvtex.sty
Package: ifvtex 2019/10/25 v1.7 ifvtex legacy package. Use iftex instead.
)
\Gm@cnth=\count466
\Gm@cntv=\count467
\c@Gm@tempcnt=\count468
\Gm@bindingoffset=\dimen385
\Gm@wd@mp=\dimen386
\Gm@odd@mp=\dimen387
\Gm@even@mp=\dimen388
\Gm@layoutwidth=\dimen389
\Gm@layoutheight=\dimen390
\Gm@layouthoffset=\dimen391
\Gm@layoutvoffset=\dimen392
\Gm@dimlist=\toks71
)
(/home/dzack/.pandoc/styles/dzg-macros.sty
Package: dzg-macros 2026/06/14 DZG Macros Package

(/home/dzack/.pandoc/styles/macros/tier1-mathjax-simple.tex)
(/home/dzack/.pandoc/styles/macros/tier2-mathjax-args.tex)
(/home/dzack/.pandoc/styles/macros/tier3-tex-complex.tex)
(/home/dzack/.pandoc/styles/macros/tier4-preamble.tex)
(/home/dzack/.pandoc/styles/macros/categories.tex)
(/home/dzack/.pandoc/styles/macros/spectral.tex)
(/home/dzack/.pandoc/styles/macros/tikz-macros.tex
(/home/dzack/.pandoc/styles/macros/tikz/layers.tex)
(/home/dzack/.pandoc/styles/macros/tikz/nodes.tex)
(/home/dzack/.pandoc/styles/macros/tikz/edges.tex)
(/home/dzack/.pandoc/styles/macros/tikz/commands.tex)
(/home/dzack/.pandoc/styles/macros/tikz/diagrams.tex)))
(/opt/texlive/2026/texmf-dist/tex/latex/spectralsequences/spectralsequences.sty
Package: spectralsequences 2023/01/28 v1.3.3
(/opt/texlive/2026/texmf-dist/tex/latex/tools/verbatim.sty
Package: verbatim 2024-01-22 v1.5x LaTeX2e package for verbatim enhancements
\every@verbatim=\toks72
\verbatim@line=\toks73
\verbatim@in@stream=\read4
)
\sseq@temptoks=\toks74
\sseq@scope@toks=\toks75
\sseq@thepagecount=\count469
\sseq@anonsseqcount=\count470
\sseq@x=\count471
\sseq@y=\count472
\sseq@tempcount=\count473
\sseq@tempcountb=\count474
\sseq@tempx=\count475
\sseq@tempy=\count476
\sseq@tempxb=\count477
\sseq@tempyb=\count478
\sseq@xoffset=\count479
\sseq@yoffset=\count480
\sseq@stackdepth=\count481
\sseq@tempdimen=\dimen393
\sseq@tempxdimen=\dimen394
\sseq@tempydimen=\dimen395
\sseq@xscalecm=\dimen396
\sseq@yscalecm=\dimen397
\sseq@clip@xcenter=\dimen398
\sseq@clip@ycenter=\dimen399
\sseq@tooltip@height=\dimen400
\sseq@tooltip@width=\dimen401
\sseq@gridstrokethickness=\dimen402
\sseq@infinitycount=\count482

(/opt/texlive/2026/texmf-dist/tex/latex/spectralsequences/sseqmessages.code.tex
\sseq@thiscalltoks=\toks76
\sseq@foreachcall=\toks77
\sseq@topofstacktrace=\toks78
)
(/opt/texlive/2026/texmf-dist/tex/latex/spectralsequences/sseqcheckdefinitions.
code.tex)
(/opt/texlive/2026/texmf-dist/tex/latex/spectralsequences/sseqloadstore.code.te
x)
(/opt/texlive/2026/texmf-dist/tex/latex/spectralsequences/sseqmacromakers.code.
tex
\sseq@patchxparseUnewcode=\toks79
\sseq@macro@setthiscall@toks=\toks80
\sseq@macro@defaultarggetters@toks=\toks81
\sseq@groupargspectoks=\toks82
\sseq@groupthiscalltoks=\toks83
)
(/opt/texlive/2026/texmf-dist/tex/latex/spectralsequences/sseqparsers.code.tex
\sseq@cp@row=\count483
\sseq@cp@n=\count484
\sseq@userstacksavecount=\count485
) (/opt/texlive/2026/texmf-dist/tex/latex/spectralsequences/sseqforeach.code.te
x
\sseq@Do@depth=\count486
\sseq@foreachcall=\toks84
) (/opt/texlive/2026/texmf-dist/tex/latex/spectralsequences/sseqkeys.code.tex
\sseq@sseqstyle=\toks85
\sseq@sseqstyle@page=\toks86
\sseq@edgestyle=\toks87
\sseq@edgestyle@page=\toks88
\sseq@labelstyle=\toks89
\sseq@labelstyle@page=\toks90
\sseq@edgelabelstyle=\toks91
\sseq@edgelabelstyle@page=\toks92
\sseq@differentiallabelstyle=\toks93
\sseq@differentiallabelstyle@page=\toks94
\sseq@structlinelabelstyle=\toks95
\sseq@structlinelabelstyle@page=\toks96
\sseq@extensionlabelstyle=\toks97
\sseq@extensionlabelstyle@page=\toks98
\sseq@classstyle=\toks99
\sseq@classstyle@page=\toks100
\sseq@permanentcyclestyle=\toks101
\sseq@permanentcyclestyle@page=\toks102
\sseq@transientcyclestyle=\toks103
\sseq@transientcyclestyle@page=\toks104
\sseq@thispagecyclestyle=\toks105
\sseq@thispagecyclestyle@page=\toks106
\sseq@differentialstyle=\toks107
\sseq@differentialstyle@page=\toks108
\sseq@structlinestyle=\toks109
\sseq@structlinestyle@page=\toks110
\sseq@thispagestructlinestyle=\toks111
\sseq@thispagestructlinestyle@page=\toks112
\sseq@extensionstyle=\toks113
\sseq@extensionstyle@page=\toks114
\sseq@classlabelstyle=\toks115
\sseq@classlabelstyle@page=\toks116
\sseq@innerclasslabelstyle=\toks117
\sseq@innerclasslabelstyle@page=\toks118
\sseq@outerclasslabelstyle=\toks119
\sseq@outerclasslabelstyle@page=\toks120
\sseq@pinstyle=\toks121
\sseq@pinstyle@page=\toks122
\sseq@tikzprimitivestyle=\toks123
\sseq@tikzprimitivestyle@page=\toks124
\sseq@circleclassstyle=\toks125
\sseq@circleclassstyle@page=\toks126
)
(/opt/texlive/2026/texmf-dist/tex/latex/spectralsequences/sseqmain.code.tex
\sseq@scope@savestackid=\count487
\sseq@circleclassuid=\count488
)
(/opt/texlive/2026/texmf-dist/tex/latex/spectralsequences/sseqdrawing.code.tex
\sseq@totalclassesdrawn=\count489
)) (/home/dzack/.pandoc/styles/macros/environments.tex
(/opt/texlive/2026/texmf-dist/tex/latex/mdframed/mdframed.sty
Package: mdframed 2013/07/01 1.9b: mdframed

(/opt/texlive/2026/texmf-dist/tex/latex/zref/zref-abspage.sty
Package: zref-abspage 2026-03-07 v2.37 Module abspage for zref (HO)

(/opt/texlive/2026/texmf-dist/tex/latex/zref/zref-base.sty
Package: zref-base 2026-03-07 v2.37 Module base for zref (HO)

(/opt/texlive/2026/texmf-dist/tex/generic/etexcmds/etexcmds.sty
Package: etexcmds 2019/12/15 v1.7 Avoid name clashes with e-TeX commands (HO)
)
Package zref Info: New property list: main on input line 767.
Package zref Info: New property: default on input line 768.
Package zref Info: New property: page on input line 769.
)
\c@abspage=\count490
Package zref Info: New property: abspage on input line 67.
)
(/opt/texlive/2026/texmf-dist/tex/latex/needspace/needspace.sty
Package: needspace 2025/03/13 v1.3e reserve vertical space
)
\mdf@templength=\skip73
\c@mdf@globalstyle@cnt=\count491
\mdf@skipabove@length=\skip74
\mdf@skipbelow@length=\skip75
\mdf@leftmargin@length=\skip76
\mdf@rightmargin@length=\skip77
\mdf@innerleftmargin@length=\skip78
\mdf@innerrightmargin@length=\skip79
\mdf@innertopmargin@length=\skip80
\mdf@innerbottommargin@length=\skip81
\mdf@splittopskip@length=\skip82
\mdf@splitbottomskip@length=\skip83
\mdf@outermargin@length=\skip84
\mdf@innermargin@length=\skip85
\mdf@linewidth@length=\skip86
\mdf@innerlinewidth@length=\skip87
\mdf@middlelinewidth@length=\skip88
\mdf@outerlinewidth@length=\skip89
\mdf@roundcorner@length=\skip90
\mdf@footenotedistance@length=\skip91
\mdf@userdefinedwidth@length=\skip92
\mdf@needspace@length=\skip93
\mdf@frametitleaboveskip@length=\skip94
\mdf@frametitlebelowskip@length=\skip95
\mdf@frametitlerulewidth@length=\skip96
\mdf@frametitleleftmargin@length=\skip97
\mdf@frametitlerightmargin@length=\skip98
\mdf@shadowsize@length=\skip99
\mdf@extratopheight@length=\skip100
\mdf@subtitleabovelinewidth@length=\skip101
\mdf@subtitlebelowlinewidth@length=\skip102
\mdf@subtitleaboveskip@length=\skip103
\mdf@subtitlebelowskip@length=\skip104
\mdf@subtitleinneraboveskip@length=\skip105
\mdf@subtitleinnerbelowskip@length=\skip106
\mdf@subsubtitleabovelinewidth@length=\skip107
\mdf@subsubtitlebelowlinewidth@length=\skip108
\mdf@subsubtitleaboveskip@length=\skip109
\mdf@subsubtitlebelowskip@length=\skip110
\mdf@subsubtitleinneraboveskip@length=\skip111
\mdf@subsubtitleinnerbelowskip@length=\skip112

(/opt/texlive/2026/texmf-dist/tex/latex/mdframed/md-frame-1.mdf
File: md-frame-1.mdf 2013/07/01\ 1.9b: md-frame-1
)
\mdf@frametitlebox=\box115
\mdf@footnotebox=\box116
\mdf@splitbox@one=\box117
\mdf@splitbox@two=\box118
\mdf@splitbox@save=\box119
\mdfsplitboxwidth=\skip113
\mdfsplitboxtotalwidth=\skip114
\mdfsplitboxheight=\skip115
\mdfsplitboxdepth=\skip116
\mdfsplitboxtotalheight=\skip117
\mdfframetitleboxwidth=\skip118
\mdfframetitleboxtotalwidth=\skip119
\mdfframetitleboxheight=\skip120
\mdfframetitleboxdepth=\skip121
\mdfframetitleboxtotalheight=\skip122
\mdffootnoteboxwidth=\skip123
\mdffootnoteboxtotalwidth=\skip124
\mdffootnoteboxheight=\skip125
\mdffootnoteboxdepth=\skip126
\mdffootnoteboxtotalheight=\skip127
\mdftotallinewidth=\skip128
\mdfboundingboxwidth=\skip129
\mdfboundingboxtotalwidth=\skip130
\mdfboundingboxheight=\skip131
\mdfboundingboxdepth=\skip132
\mdfboundingboxtotalheight=\skip133
\mdf@freevspace@length=\skip134
\mdf@horizontalwidthofbox@length=\skip135
\mdf@verticalmarginwhole@length=\skip136
\mdf@horizontalspaceofbox=\skip137
\mdfsubtitleheight=\skip138
\mdfsubsubtitleheight=\skip139
\c@mdfcountframes=\count492

****** mdframed patching \endmdf@trivlist

****** -- success******

\mdf@envdepth=\count493
\c@mdf@env@i=\count494
\c@mdf@env@ii=\count495
\c@mdf@zref@counter=\count496
Package zref Info: New property: mdf@pagevalue on input line 895.
)
(/opt/texlive/2026/texmf-dist/tex/latex/tcolorbox/tcolorbox.sty
Package: tcolorbox 2026/05/28 version 6.10.0 text color boxes

(/opt/texlive/2026/texmf-dist/tex/latex/environ/environ.sty
Package: environ 2014/05/04 v0.3 A new way to define environments
)
\tcb@titlebox=\box120
\tcb@upperbox=\box121
\tcb@lowerbox=\box122
\tcb@phantombox=\box123
\c@tcbbreakpart=\count497
\c@tcblayer=\count498
\c@tcolorbox@number=\count499
\l__tcobox_tmpa_box=\box124
\l__tcobox_tmpa_dim=\dimen403
\tcb@temp=\box125
\tcb@temp=\box126
\tcb@temp=\box127
\tcb@temp=\box128

(/opt/texlive/2026/texmf-dist/tex/latex/tcolorbox/tcbraster.code.tex
Library (tcolorbox): 'tcbraster.code.tex' version '6.10.0'
\c@tcbrastercolumn=\count500
\c@tcbrasterrow=\count501
\c@tcbrasternum=\count502
\c@tcbraster=\count503
) (/opt/texlive/2026/texmf-dist/tex/latex/tcolorbox/tcbskins.code.tex
Library (tcolorbox): 'tcbskins.code.tex' version '6.10.0'
(/opt/texlive/2026/texmf-dist/tex/latex/tikzfill/tikzfill.image.sty
Package: tikzfill.image 2026/04/23 v1.2.0 Image filling library for TikZ

(/opt/texlive/2026/texmf-dist/tex/latex/tikzfill/tikzlibraryfill.image.code.tex
File: tikzlibraryfill.image.code.tex 2026/04/23 v1.2.0 Image filling library
\l__tikzfill_tmpa_dim=\dimen404
\l__tikzfill_tmpb_dim=\dimen405
\l__tikzfill_img_box=\box129
)) (/opt/texlive/2026/texmf-dist/tex/latex/tcolorbox/tcbskinsjigsaw.code.tex
Library (tcolorbox): 'tcbskinsjigsaw.code.tex' version '6.10.0'
)) (/opt/texlive/2026/texmf-dist/tex/latex/tcolorbox/tcbbreakable.code.tex
Library (tcolorbox): 'tcbbreakable.code.tex' version '6.10.0'
(/opt/texlive/2026/texmf-dist/tex/latex/pdfcol/pdfcol.sty
Package: pdfcol 2026-06-20 v1.8 Handle new color stacks for pdfTeX (HO)
)
Package pdfcol Info: New color stack `tcb@breakable' = 2 on input line 23.
\tcb@testbox=\box130
\tcb@totalupperbox=\box131
\tcb@totallowerbox=\box132
)
(/opt/texlive/2026/texmf-dist/tex/latex/tcolorbox/tcbhooks.code.tex
Library (tcolorbox): 'tcbhooks.code.tex' version '6.10.0'
) (/opt/texlive/2026/texmf-dist/tex/latex/tcolorbox/tcbtheorems.code.tex
Library (tcolorbox): 'tcbtheorems.code.tex' version '6.10.0'
) (/opt/texlive/2026/texmf-dist/tex/latex/tcolorbox/tcbfitting.code.tex
Library (tcolorbox): 'tcbfitting.code.tex' version '6.10.0'
\tcbfitdim=\dimen406
\tcb@lowerfitdim=\dimen407
\tcb@upperfitdim=\dimen408
\tcb@cur@hbadness=\count504
) (/opt/texlive/2026/texmf-dist/tex/latex/tcolorbox/tcblistingsutf8.code.tex
Library (tcolorbox): 'tcblistingsutf8.code.tex' version '6.10.0'
(/opt/texlive/2026/texmf-dist/tex/latex/tcolorbox/tcblistings.code.tex
Library (tcolorbox): 'tcblistings.code.tex' version '6.10.0'
(/opt/texlive/2026/texmf-dist/tex/latex/listings/listings.sty
\lst@mode=\count505
\lst@gtempboxa=\box133
\lst@token=\toks127
\lst@length=\count506
\lst@currlwidth=\dimen409
\lst@column=\count507
\lst@pos=\count508
\lst@lostspace=\dimen410
\lst@width=\dimen411
\lst@newlines=\count509
\lst@lineno=\count510
\lst@maxwidth=\dimen412

(/opt/texlive/2026/texmf-dist/tex/latex/listings/lstpatch.sty
File: lstpatch.sty 2025/11/14 1.11b (Carsten Heinz)
)
(/opt/texlive/2026/texmf-dist/tex/latex/listings/lstmisc.sty
File: lstmisc.sty 2025/11/14 1.11b (Carsten Heinz)
\c@lstnumber=\count511
\lst@skipnumbers=\count512
\lst@framebox=\box134
)
(/opt/texlive/2026/texmf-dist/tex/latex/listings/listings.cfg
File: listings.cfg 2025/11/14 1.11b listings configuration
))
Package: listings 2025/11/14 1.11b (Carsten Heinz)

(/opt/texlive/2026/texmf-dist/tex/latex/tcolorbox/tcblistingscore.code.tex
Library (tcolorbox): 'tcblistingscore.code.tex' version '6.10.0'
(/opt/texlive/2026/texmf-dist/tex/latex/tcolorbox/tcbprocessing.code.tex
Library (tcolorbox): 'tcbprocessing.code.tex' version '6.10.0'
)
\c@tcblisting=\count513
)) (/opt/texlive/2026/texmf-dist/tex/latex/listingsutf8/listingsutf8.sty
Package: listingsutf8 2019-12-10 v1.5 Allow UTF-8 in listings input (HO)
))
(/opt/texlive/2026/texmf-dist/tex/latex/tcolorbox/tcbexternal.code.tex
Library (tcolorbox): 'tcbexternal.code.tex' version '6.10.0'
) (/opt/texlive/2026/texmf-dist/tex/latex/tcolorbox/tcbmagazine.code.tex
Library (tcolorbox): 'tcbmagazine.code.tex' version '6.10.0'
) (/opt/texlive/2026/texmf-dist/tex/latex/tcolorbox/tcbvignette.code.tex
Library (tcolorbox): 'tcbvignette.code.tex' version '6.10.0'
) (/opt/texlive/2026/texmf-dist/tex/latex/tcolorbox/tcbposter.code.tex
Library (tcolorbox): 'tcbposter.code.tex' version '6.10.0'
)) (/opt/texlive/2026/texmf-dist/tex/latex/pgfornament/pgfornament.sty
Package: pgfornament 2024/08/14 v1.3 vector ornaments

(/opt/texlive/2026/texmf-dist/tex/latex/pgfornament/pgflibraryvectorian.code.te
x
2020/04/06 1.1 pgflibraryvectorian.code.tex
)) (/opt/texlive/2026/texmf-dist/tex/latex/stackengine/stackengine.sty
Package: stackengine 2021/07/22 v4.11\ Stacking text and objects in convenient 
ways

(/opt/texlive/2026/texmf-dist/tex/generic/listofitems/listofitems.sty
(/opt/texlive/2026/texmf-dist/tex/generic/listofitems/listofitems.tex
\loi_cnt_foreach_nest=\count514
\loi_nestcnt=\count515
)
Package: listofitems 2024/03/09 v1.65 Grab items in lists using user-specified 
sep char (CT)
)
\c@@stackindex=\count516
\@boxshift=\skip140
\stack@tmplength=\skip141
\temp@stkl=\skip142
\@stackedboxwidth=\skip143
\@addedbox=\box135
\@anchorbox=\box136
\@insetbox=\box137
\se@backgroundbox=\box138
\stackedbox=\box139
\@centerbox=\box140
\c@ROWcellindex@=\count517
)
(/opt/texlive/2026/texmf-dist/tex/latex/scalerel/scalerel.sty
Package: scalerel 2016/12/29 v1.8 Routines for constrained scaling and stretchi
ng of objects, relative to a reference object or in absolute terms
\thesrwidth=\skip144
\thesrheight=\skip145
\srblobheight=\skip146
\srblobdepth=\skip147
\mnxsrwidth=\skip148
\LMex=\skip149
\LMpt=\skip150
)
\c@theorem=\count518
\c@problem=\count519
)
(/opt/texlive/2026/texmf-dist/tex/latex/biblatex/biblatex.sty
Package: biblatex 2026/08/13 v3.22 programmable bibliographies (PK/MW)

(/opt/texlive/2026/texmf-dist/tex/latex/logreq/logreq.sty
Package: logreq 2010/08/04 v1.0 xml request logger
\lrq@indent=\count520

(/opt/texlive/2026/texmf-dist/tex/latex/logreq/logreq.def
File: logreq.def 2010/08/04 v1.0 logreq spec v1.0
))
\c@tabx@nest=\count521
\c@listtotal=\count522
\c@listcount=\count523
\c@liststart=\count524
\c@liststop=\count525
\c@citecount=\count526
\c@citetotal=\count527
\c@multicitecount=\count528
\c@multicitetotal=\count529
\c@instcount=\count530
\c@maxnames=\count531
\c@minnames=\count532
\c@maxitems=\count533
\c@minitems=\count534
\c@citecounter=\count535
\c@maxcitecounter=\count536
\c@savedcitecounter=\count537
\c@uniquelist=\count538
\c@uniquename=\count539
\c@refsection=\count540
\c@refsegment=\count541
\c@maxextratitle=\count542
\c@maxextratitleyear=\count543
\c@maxextraname=\count544
\c@maxextradate=\count545
\c@maxextraalpha=\count546
\c@abbrvpenalty=\count547
\c@highnamepenalty=\count548
\c@lownamepenalty=\count549
\c@maxparens=\count550
\c@parenlevel=\count551
\blx@tempcnta=\count552
\blx@tempcntb=\count553
\blx@tempcntc=\count554
\c@blx@maxsection=\count555
\blx@maxsegment@0=\count556
\blx@notetype=\count557
\blx@parenlevel@text=\count558
\blx@parenlevel@foot=\count559
\blx@sectionciteorder@0=\count560
\blx@sectionciteorderinternal@0=\count561
\blx@entrysetcounter=\count562
\blx@biblioinstance=\count563
\labelnumberwidth=\skip151
\labelalphawidth=\skip152
\biblabelsep=\skip153
\bibitemsep=\skip154
\bibnamesep=\skip155
\bibinitsep=\skip156
\bibparsep=\skip157
\bibhang=\skip158
\blx@bcfin=\read5
\blx@bcfout=\write5
\blx@langwohyphens=\language92
\c@mincomprange=\count564
\c@maxcomprange=\count565
\c@mincompwidth=\count566
Package biblatex Info: Trying to load biblatex default data model...
Package biblatex Info: ... file 'blx-dm.def' found.

(/opt/texlive/2026/texmf-dist/tex/latex/biblatex/blx-dm.def
File: blx-dm.def 2026/08/13 v3.22 biblatex datamodel (PK/MW)
)
Package biblatex Info: Trying to load biblatex style data model...
Package biblatex Info: ... file 'alphabetic.dbx' not found.
Package biblatex Info: Trying to load biblatex custom data model...
Package biblatex Info: ... file 'biblatex-dm.cfg' not found.
\c@afterword=\count567
\c@savedafterword=\count568
\c@annotator=\count569
\c@savedannotator=\count570
\c@author=\count571
\c@savedauthor=\count572
\c@bookauthor=\count573
\c@savedbookauthor=\count574
\c@commentator=\count575
\c@savedcommentator=\count576
\c@editor=\count577
\c@savededitor=\count578
\c@editora=\count579
\c@savededitora=\count580
\c@editorb=\count581
\c@savededitorb=\count582
\c@editorc=\count583
\c@savededitorc=\count584
\c@foreword=\count585
\c@savedforeword=\count586
\c@holder=\count587
\c@savedholder=\count588
\c@introduction=\count589
\c@savedintroduction=\count590
\c@namea=\count591
\c@savednamea=\count592
\c@nameb=\count593
\c@savednameb=\count594
\c@namec=\count595
\c@savednamec=\count596
\c@translator=\count597
\c@savedtranslator=\count598
\c@shortauthor=\count599
\c@savedshortauthor=\count600
\c@shorteditor=\count601
\c@savedshorteditor=\count602
\c@labelname=\count603
\c@savedlabelname=\count604
\c@institution=\count605
\c@savedinstitution=\count606
\c@lista=\count607
\c@savedlista=\count608
\c@listb=\count609
\c@savedlistb=\count610
\c@listc=\count611
\c@savedlistc=\count612
\c@listd=\count613
\c@savedlistd=\count614
\c@liste=\count615
\c@savedliste=\count616
\c@listf=\count617
\c@savedlistf=\count618
\c@location=\count619
\c@savedlocation=\count620
\c@organization=\count621
\c@savedorganization=\count622
\c@origlocation=\count623
\c@savedoriglocation=\count624
\c@origpublisher=\count625
\c@savedorigpublisher=\count626
\c@publisher=\count627
\c@savedpublisher=\count628
\c@language=\count629
\c@savedlanguage=\count630
\c@origlanguage=\count631
\c@savedoriglanguage=\count632
\c@pageref=\count633
\c@savedpageref=\count634
\shorthandwidth=\skip159
\shortjournalwidth=\skip160
\shortserieswidth=\skip161
\shorttitlewidth=\skip162
\shortauthorwidth=\skip163
\shorteditorwidth=\skip164
\locallabelnumberwidth=\skip165
\locallabelalphawidth=\skip166
\localshorthandwidth=\skip167
\localshortjournalwidth=\skip168
\localshortserieswidth=\skip169
\localshorttitlewidth=\skip170
\localshortauthorwidth=\skip171
\localshorteditorwidth=\skip172
Package biblatex Info: Trying to load compatibility code...
Package biblatex Info: ... file 'blx-compat.def' found.

(/opt/texlive/2026/texmf-dist/tex/latex/biblatex/blx-compat.def
File: blx-compat.def 2026/08/13 v3.22 biblatex compatibility (PK/MW)
)
Package biblatex Info: Trying to load generic definitions...
Package biblatex Info: ... file 'biblatex.def' found.

(/opt/texlive/2026/texmf-dist/tex/latex/biblatex/biblatex.def
File: biblatex.def 2026/08/13 v3.22 biblatex compatibility (PK/MW)
\c@textcitecount=\count635
\c@textcitetotal=\count636
\c@textcitemaxnames=\count637
\c@biburlbigbreakpenalty=\count638
\c@biburlbreakpenalty=\count639
\c@biburlnumpenalty=\count640
\c@biburlucpenalty=\count641
\c@biburllcpenalty=\count642
\biburlbigskip=\muskip19
\biburlnumskip=\muskip20
\biburlucskip=\muskip21
\biburllcskip=\muskip22
\c@smartand=\count643
)
Package biblatex Info: Trying to load bibliography style 'alphabetic'...
Package biblatex Info: ... file 'alphabetic.bbx' found.

(/opt/texlive/2026/texmf-dist/tex/latex/biblatex/bbx/alphabetic.bbx
File: alphabetic.bbx 2026/08/13 v3.22 biblatex bibliography style (PK/MW)
Package biblatex Info: Trying to load bibliography style 'standard'...
Package biblatex Info: ... file 'standard.bbx' found.

(/opt/texlive/2026/texmf-dist/tex/latex/biblatex/bbx/standard.bbx
File: standard.bbx 2026/08/13 v3.22 biblatex bibliography style (PK/MW)
\c@bbx:relatedcount=\count644
\c@bbx:relatedtotal=\count645
))
Package biblatex Info: Trying to load citation style 'alphabetic'...
Package biblatex Info: ... file 'alphabetic.cbx' found.

(/opt/texlive/2026/texmf-dist/tex/latex/biblatex/cbx/alphabetic.cbx
File: alphabetic.cbx 2026/08/13 v3.22 biblatex citation style (PK/MW)
Package biblatex Info: Redefining '\cite'.
Package biblatex Info: Redefining '\parencite'.
Package biblatex Info: Redefining '\footcite'.
Package biblatex Info: Redefining '\footcitetext'.
Package biblatex Info: Redefining '\smartcite'.
Package biblatex Info: Redefining '\textcite'.
Package biblatex Info: Redefining '\textcites'.
Package biblatex Info: Redefining '\cites'.
Package biblatex Info: Redefining '\parencites'.
Package biblatex Info: Redefining '\smartcites'.
)
Package biblatex Info: Trying to load configuration file...
Package biblatex Info: ... file 'biblatex.cfg' found.

(/opt/texlive/2026/texmf-dist/tex/latex/biblatex/biblatex.cfg
File: biblatex.cfg 
)
Package biblatex Info: Input encoding 'utf8' detected.
Package biblatex Info: Document encoding is UTF8 ....
Package biblatex Info: ... and expl3
(biblatex)             2026-08-10 L3 programming layer (loader) 
(biblatex)             is new enough (at least 2020/04/06),
(biblatex)             setting 'casechanger=expl3'.

(/opt/texlive/2026/texmf-dist/tex/latex/biblatex/blx-case-expl3.sty
Package: blx-case-expl3 2026/08/13 v3.22 expl3 case changing code for biblatex
))
(/opt/texlive/2026/texmf-dist/tex/latex/cleveref/cleveref.sty
Package: cleveref 2018/03/27 v0.21.4 Intelligent cross-referencing
Package cleveref Info: `hyperref' support loaded on input line 2370.
LaTeX Info: Redefining \cref on input line 2370.
LaTeX Info: Redefining \Cref on input line 2370.
LaTeX Info: Redefining \crefrange on input line 2370.
LaTeX Info: Redefining \Crefrange on input line 2370.
LaTeX Info: Redefining \cpageref on input line 2370.
LaTeX Info: Redefining \Cpageref on input line 2370.
LaTeX Info: Redefining \cpagerefrange on input line 2370.
LaTeX Info: Redefining \Cpagerefrange on input line 2370.
LaTeX Info: Redefining \labelcref on input line 2370.
LaTeX Info: Redefining \labelcpageref on input line 2370.
Package cleveref Info: `amsthm' support loaded on input line 3026.
Package cleveref Info: `listings' support loaded on input line 3131.
)
==> First Aid for cleveref.sty applied!
)
Package hyperref Info: Option `colorlinks' set `true' on input line 14.
Package hyperref Info: Option `linktocpage' set `true' on input line 14.


Package hyperref Warning: Option `hyperindex' has already been used,
(hyperref)                setting the option has no effect on input line 14.


Package hyperref Warning: Option `backref' has already been used,
(hyperref)                setting the option has no effect on input line 14.

(/opt/texlive/2026/texmf-dist/tex/generic/babel/babel.sty
Package: babel 2026/08/08 v26.10 The multilingual framework for LuaLaTeX, pdfLa
TeX and XeLaTeX
\babel@savecnt=\count646
LaTeX Encoding Info:    Redeclaring text command \ij (encoding OT1) on input li
ne 2105.
LaTeX Encoding Info:    Redeclaring text command \IJ (encoding OT1) on input li
ne 2107.
LaTeX Encoding Info:    Redeclaring text command \ij (encoding T1) on input lin
e 2109.
LaTeX Encoding Info:    Redeclaring text command \IJ (encoding T1) on input lin
e 2110.
LaTeX Encoding Info:    Ignoring declaration for text command \ij (encoding ?) 
on input line 2111.
LaTeX Encoding Info:    Ignoring declaration for text command \IJ (encoding ?) 
on input line 2113.
LaTeX Encoding Info:    Redeclaring text command \dj (encoding OT1) on input li
ne 2131.
LaTeX Encoding Info:    Redeclaring text command \DJ (encoding OT1) on input li
ne 2132.
LaTeX Encoding Info:    Ignoring declaration for text command \SS (encoding ?) 
on input line 2138.
\U@D=\dimen413
\l@unhyphenated=\language93

(/opt/texlive/2026/texmf-dist/tex/generic/babel/txtbabel.def)
\bbl@readstream=\read6
\bbl@dirlevel=\count647

(/opt/texlive/2026/texmf-dist/tex/generic/babel/locale/en/babel-english.tex)
Package babel Info: Importing font and identification data for 'english'
(babel)             from babel-en.ini. Reported on input line 4426.

(/opt/texlive/2026/texmf-dist/tex/generic/babel-english/english.ldf
Language: english 2017/06/06 v3.3r English support from the babel system
Package babel Info: Hyphen rules for 'canadian' set to \l@english
(babel)             (\language0). Reported on input line 102.
Package babel Info: Hyphen rules for 'australian' set to \l@ukenglish
(babel)             (\language22). Reported on input line 105.
Package babel Info: Hyphen rules for 'newzealand' set to \l@ukenglish
(babel)             (\language22). Reported on input line 108.
))
(/opt/texlive/2026/texmf-dist/tex/latex/base/fontenc.sty
Package: fontenc 2025/07/18 v2.1d Standard LaTeX package
)
\figrasterwd=\dimen414
Package csquotes Info: Checking for multilingual support...
Package csquotes Info: ... found 'babel' package.
Package csquotes Info: Adjusting default style.
Package csquotes Info: Redefining alias 'default' -> 'english'.
 (./output.aux)
\openout1 = `output.aux'.

LaTeX Font Info:    Checking defaults for OML/cmm/m/it on input line 57.
LaTeX Font Info:    ... okay on input line 57.
LaTeX Font Info:    Checking defaults for OMS/cmsy/m/n on input line 57.
LaTeX Font Info:    ... okay on input line 57.
LaTeX Font Info:    Checking defaults for OT1/cmr/m/n on input line 57.
LaTeX Font Info:    ... okay on input line 57.
LaTeX Font Info:    Checking defaults for T1/cmr/m/n on input line 57.
LaTeX Font Info:    ... okay on input line 57.
LaTeX Font Info:    Checking defaults for TS1/cmr/m/n on input line 57.
LaTeX Font Info:    ... okay on input line 57.
LaTeX Font Info:    Checking defaults for OMX/cmex/m/n on input line 57.
LaTeX Font Info:    ... okay on input line 57.
LaTeX Font Info:    Checking defaults for U/cmr/m/n on input line 57.
LaTeX Font Info:    ... okay on input line 57.
LaTeX Font Info:    Checking defaults for PD1/pdf/m/n on input line 57.
LaTeX Font Info:    ... okay on input line 57.
LaTeX Font Info:    Checking defaults for PU/pdf/m/n on input line 57.
LaTeX Font Info:    ... okay on input line 57.
LaTeX Font Info:    Trying to load font information for U+msa on input line 57.


(/opt/texlive/2026/texmf-dist/tex/latex/amsfonts/umsa.fd
File: umsa.fd 2013/01/14 v3.01 AMS symbols A
)
LaTeX Font Info:    Trying to load font information for U+msb on input line 57.


(/opt/texlive/2026/texmf-dist/tex/latex/amsfonts/umsb.fd
File: umsb.fd 2013/01/14 v3.01 AMS symbols B
)
LaTeX Font Info:    Trying to load font information for U+rsfs on input line 57
.

(/opt/texlive/2026/texmf-dist/tex/latex/jknapltx/ursfs.fd
File: ursfs.fd 1998/03/24 rsfs font definition file (jk)
)
LaTeX Font Info:    Trying to load font information for U+esint on input line 5
7.

(/opt/texlive/2026/texmf-dist/tex/latex/esint/uesint.fd
File: uesint.fd 
)
LaTeX Font Info:    Trying to load font information for U+stmry on input line 5
7.

(/opt/texlive/2026/texmf-dist/tex/latex/stmaryrd/Ustmry.fd)
(/opt/texlive/2026/texmf-dist/tex/context/base/mkii/supp-pdf.mkii
[Loading MPS to PDF converter (version 2006.09.02).]
\scratchcounter=\count648
\scratchdimen=\dimen415
\scratchbox=\box141
\nofMPsegments=\count649
\nofMParguments=\count650
\everyMPshowfont=\toks128
\MPscratchCnt=\count651
\MPscratchDim=\dimen416
\MPnumerator=\count652
\makeMPintoPDFobject=\count653
\everyMPtoPDFconversion=\toks129
)
Package caption Info: Begin \AtBeginDocument code.
Package caption Info: float package is loaded.
Package caption Info: hyperref package is loaded.
Package caption Info: listings package is loaded.
Package caption Info: longtable package is loaded.
 (/opt/texlive/2026/texmf-dist/tex/latex/caption/ltcaption.sty
Package: ltcaption 2021/01/08 v1.4c longtable captions (AR)
)
Package caption Info: End \AtBeginDocument code.


Package pgfplots Warning: running in backwards compatibility mode (unsuitable t
ick labels; missing features). Consider writing \pgfplotsset{compat=1.18} into 
your preamble.
 on input line 57.

Package xypdf Info: Line width: 0.39998pt on input line 57.
Package microtype Info: Patching varwidth to enable character protrusion.
\MT@vwid@leftmargin=\dimen417
\MT@vwid@rightmargin=\dimen418
LaTeX Info: Redefining \microtypecontext on input line 57.
Package microtype Info: Applying patch `item' on input line 57.
Package microtype Info: Applying patch `toc' on input line 57.
Package microtype Info: Applying patch `eqnum' on input line 57.
Package microtype Info: Applying patch `footnote' on input line 57.
Package microtype Info: Applying patch `verbatim' on input line 57.
LaTeX Info: Redefining \microtypesetup on input line 57.
Package microtype Info: Generating PDF output.
Package microtype Info: Character protrusion enabled (level 2).
Package microtype Info: Using default protrusion set `alltext'.
Package microtype Info: Automatic font expansion enabled (level 2),
(microtype)             stretch: 20, shrink: 20, step: 1, non-selected.
Package microtype Info: Using default expansion set `alltext-nott'.
Package microtype Info: Patching command `\showhyphens'.
Package microtype Info: Tracking enabled.
Package microtype Info: Using default tracking set `smallcaps'.
Package microtype Info: Adjustment of interword spacing enabled.
Package microtype Info: Using default spacing set `alltext-nott'.
Package microtype Info: Adjustment of character kerning enabled.
Package microtype Info: Using default kerning set `alltext'.
(/opt/texlive/2026/texmf-dist/tex/latex/microtype/mt-cmr.cfg
File: mt-cmr.cfg 2013/05/19 v2.2 microtype config. file: Computer Modern Roman 
(RS)
)

Package microtype Warning: \nonfrenchspacing is active. Adjustment of
(microtype)                interword spacing will disable it. You might want
(microtype)                to add `\microtypecontext{spacing=nonfrench}'
(microtype)                to your preamble.

Package hyperref Info: Link coloring ON on input line 57.
*geometry* driver: auto-detecting
*geometry* detected driver: pdftex
*geometry* verbose mode - [ preamble ] result:
* driver: pdftex
* paper: <default>
* layout: <same size as paper>
* layoutoffset:(h,v)=(0.0pt,0.0pt)
* modes: twoside 
* h-part:(L,W,R)=(72.26999pt, 469.75502pt, 72.26999pt)
* v-part:(T,H,B)=(72.26999pt, 650.43001pt, 72.26999pt)
* \paperwidth=614.295pt
* \paperheight=794.96999pt
* \textwidth=469.75502pt
* \textheight=650.43001pt
* \oddsidemargin=0.0pt
* \evensidemargin=0.0pt
* \topmargin=-22.0pt
* \headheight=8.0pt
* \headsep=14.0pt
* \topskip=10.0pt
* \footskip=12.0pt
* \marginparwidth=90.0pt
* \marginparsep=11.0pt
* \columnsep=10.0pt
* \skip\footins=7.0pt plus 11.0pt
* \hoffset=0.0pt
* \voffset=0.0pt
* \mag=1000
* \@twocolumnfalse
* \@twosidetrue
* \@mparswitchtrue
* \@reversemarginfalse
* (1in=72.27pt=25.4mm, 1cm=28.453pt)

\c@lstlisting=\count654
Package biblatex Info: Trying to load language 'english'...
Package biblatex Info: ... file 'english.lbx' found.
(/opt/texlive/2026/texmf-dist/tex/latex/biblatex/lbx/english.lbx
File: english.lbx 2026/08/13 v3.22 biblatex localization (PK/MW)
)
Package biblatex Info: Input encoding 'utf8' detected.
Package biblatex Info: Automatic encoding selection.
(biblatex)             Assuming data encoding 'utf8'.
\openout5 = `output.bcf'.

Package biblatex Info: Trying to load bibliographic data...
Package biblatex Info: ... file 'output.bbl' not found.

No file output.bbl.
Package biblatex Info: Reference section=0 on input line 57.
Package biblatex Info: Reference segment=0 on input line 57.
Package babel Info: Main language set to 'english'.
(./output.toc)
\tf@toc=\write6
\openout6 = `output.toc'.

 [1{/opt/texlive/2026/texmf-var/fonts/map/pdftex/updmap/pdftex.map}{/opt/texliv
e/2026/texmf-dist/fonts/enc/dvips/cm-super/cm-super-t1.enc}]

! LaTeX Error: Environment Shaded undefined.

See the LaTeX manual or LaTeX Companion for explanation.
Type  H <return>  for immediate help.
 ...                                              
                                                  
l.76 \begin{Shaded}
                   
Your command was ignored.
Type  I <command> <return>  to replace it with another command,
or  <return>  to continue without it.


! LaTeX Error: Environment Highlighting undefined.

See the LaTeX manual or LaTeX Companion for explanation.
Type  H <return>  for immediate help.
 ...                                              
                                                  
l.77 \begin{Highlighting}
                         []
Your command was ignored.
Type  I <command> <return>  to replace it with another command,
or  <return>  to continue without it.

! Undefined control sequence.
l.78 \CommentTok
                {\%\%| filename: fiber{-}square}
The control sequence at the end of the top line
of your error message was never \def'ed. If you have
misspelled it (e.g., `\hobx'), type `I' and the correct
spelling (e.g., `I\hbox'). Otherwise just continue,
and I'll forget about whatever was undefined.

! Undefined control sequence.
l.79 \CommentTok
                {\%\%| additionalPackages: \textbackslash{}usepackage\{amsma...
The control sequence at the end of the top line
of your error message was never \def'ed. If you have
misspelled it (e.g., `\hobx'), type `I' and the correct
spelling (e.g., `I\hbox'). Otherwise just continue,
and I'll forget about whatever was undefined.

! Undefined control sequence.
l.80 \KeywordTok
                {\textbackslash{}begin}\NormalTok{\{}\ExtensionTok{tikzcd}\N...
The control sequence at the end of the top line
of your error message was never \def'ed. If you have
misspelled it (e.g., `\hobx'), type `I' and the correct
spelling (e.g., `I\hbox'). Otherwise just continue,
and I'll forget about whatever was undefined.

! Undefined control sequence.
l.80 \KeywordTok{\textbackslash{}begin}\NormalTok
                                                 {\{}\ExtensionTok{tikzcd}\N...
The control sequence at the end of the top line
of your error message was never \def'ed. If you have
misspelled it (e.g., `\hobx'), type `I' and the correct
spelling (e.g., `I\hbox'). Otherwise just continue,
and I'll forget about whatever was undefined.

! Undefined control sequence.
l.80 ...ckslash{}begin}\NormalTok{\{}\ExtensionTok
                                                  {tikzcd}\NormalTok{\}}
The control sequence at the end of the top line
of your error message was never \def'ed. If you have
misspelled it (e.g., `\hobx'), type `I' and the correct
spelling (e.g., `I\hbox'). Otherwise just continue,
and I'll forget about whatever was undefined.

! Undefined control sequence.
l.80 ...rmalTok{\{}\ExtensionTok{tikzcd}\NormalTok
                                                  {\}}
The control sequence at the end of the top line
of your error message was never \def'ed. If you have
misspelled it (e.g., `\hobx'), type `I' and the correct
spelling (e.g., `I\hbox'). Otherwise just continue,
and I'll forget about whatever was undefined.

! Undefined control sequence.
l.81 \FunctionTok
                 {\textbackslash{}operatorname}\NormalTok{\{Fib\}(f)}
The control sequence at the end of the top line
of your error message was never \def'ed. If you have
misspelled it (e.g., `\hobx'), type `I' and the correct
spelling (e.g., `I\hbox'). Otherwise just continue,
and I'll forget about whatever was undefined.

! Undefined control sequence.
l.81 ...ok{\textbackslash{}operatorname}\NormalTok
                                                  {\{Fib\}(f)}
The control sequence at the end of the top line
of your error message was never \def'ed. If you have
misspelled it (e.g., `\hobx'), type `I' and the correct
spelling (e.g., `I\hbox'). Otherwise just continue,
and I'll forget about whatever was undefined.

! Undefined control sequence.
l.82   \FunctionTok
                   {\textbackslash{}arrow}\NormalTok{[r,"p\_X"]}
The control sequence at the end of the top line
of your error message was never \def'ed. If you have
misspelled it (e.g., `\hobx'), type `I' and the correct
spelling (e.g., `I\hbox'). Otherwise just continue,
and I'll forget about whatever was undefined.

! Undefined control sequence.
l.82 ...nctionTok{\textbackslash{}arrow}\NormalTok
                                                  {[r,"p\_X"]}
The control sequence at the end of the top line
of your error message was never \def'ed. If you have
misspelled it (e.g., `\hobx'), type `I' and the correct
spelling (e.g., `I\hbox'). Otherwise just continue,
and I'll forget about whatever was undefined.

! Undefined control sequence.
l.83   \FunctionTok
                   {\textbackslash{}arrow}\NormalTok{[d,"p\_*"\textquotesing...
The control sequence at the end of the top line
of your error message was never \def'ed. If you have
misspelled it (e.g., `\hobx'), type `I' and the correct
spelling (e.g., `I\hbox'). Otherwise just continue,
and I'll forget about whatever was undefined.

! Undefined control sequence.
l.83 ...nctionTok{\textbackslash{}arrow}\NormalTok
                                                  {[d,"p\_*"\textquotesingle...
The control sequence at the end of the top line
of your error message was never \def'ed. If you have
misspelled it (e.g., `\hobx'), type `I' and the correct
spelling (e.g., `I\hbox'). Otherwise just continue,
and I'll forget about whatever was undefined.

! Undefined control sequence.
l.84   \FunctionTok
                   {\textbackslash{}arrow}\NormalTok{[dr,phantom,very near s...
The control sequence at the end of the top line
of your error message was never \def'ed. If you have
misspelled it (e.g., `\hobx'), type `I' and the correct
spelling (e.g., `I\hbox'). Otherwise just continue,
and I'll forget about whatever was undefined.

! Undefined control sequence.
l.84 ...nctionTok{\textbackslash{}arrow}\NormalTok
                                                  {[dr,phantom,very near sta...
The control sequence at the end of the top line
of your error message was never \def'ed. If you have
misspelled it (e.g., `\hobx'), type `I' and the correct
spelling (e.g., `I\hbox'). Otherwise just continue,
and I'll forget about whatever was undefined.

! Undefined control sequence.
l.84 ...[dr,phantom,very near start,"}\FunctionTok
                                                  {\textbackslash{}lrcorner}...
The control sequence at the end of the top line
of your error message was never \def'ed. If you have
misspelled it (e.g., `\hobx'), type `I' and the correct
spelling (e.g., `I\hbox'). Otherwise just continue,
and I'll forget about whatever was undefined.

! Undefined control sequence.
l.84 ...ionTok{\textbackslash{}lrcorner}\NormalTok
                                                  {"] \&}
The control sequence at the end of the top line
of your error message was never \def'ed. If you have
misspelled it (e.g., `\hobx'), type `I' and the correct
spelling (e.g., `I\hbox'). Otherwise just continue,
and I'll forget about whatever was undefined.

! Undefined control sequence.
l.85 \NormalTok
               {X }\FunctionTok{\textbackslash{}arrow}\NormalTok{[d,"f"]}\Fu...
The control sequence at the end of the top line
of your error message was never \def'ed. If you have
misspelled it (e.g., `\hobx'), type `I' and the correct
spelling (e.g., `I\hbox'). Otherwise just continue,
and I'll forget about whatever was undefined.

! Undefined control sequence.
l.85 \NormalTok{X }\FunctionTok
                               {\textbackslash{}arrow}\NormalTok{[d,"f"]}\Fu...
The control sequence at the end of the top line
of your error message was never \def'ed. If you have
misspelled it (e.g., `\hobx'), type `I' and the correct
spelling (e.g., `I\hbox'). Otherwise just continue,
and I'll forget about whatever was undefined.

! Undefined control sequence.
l.85 ...nctionTok{\textbackslash{}arrow}\NormalTok
                                                  {[d,"f"]}\FunctionTok{\tex...
The control sequence at the end of the top line
of your error message was never \def'ed. If you have
misspelled it (e.g., `\hobx'), type `I' and the correct
spelling (e.g., `I\hbox'). Otherwise just continue,
and I'll forget about whatever was undefined.

! Undefined control sequence.
l.85 ...ash{}arrow}\NormalTok{[d,"f"]}\FunctionTok
                                                  {\textbackslash{}\textback...
The control sequence at the end of the top line
of your error message was never \def'ed. If you have
misspelled it (e.g., `\hobx'), type `I' and the correct
spelling (e.g., `I\hbox'). Otherwise just continue,
and I'll forget about whatever was undefined.

! Undefined control sequence.
l.86 \NormalTok
               {* }\FunctionTok{\textbackslash{}arrow}\NormalTok{[r,"0"\text...
The control sequence at the end of the top line
of your error message was never \def'ed. If you have
misspelled it (e.g., `\hobx'), type `I' and the correct
spelling (e.g., `I\hbox'). Otherwise just continue,
and I'll forget about whatever was undefined.

! Undefined control sequence.
l.86 \NormalTok{* }\FunctionTok
                               {\textbackslash{}arrow}\NormalTok{[r,"0"\text...
The control sequence at the end of the top line
of your error message was never \def'ed. If you have
misspelled it (e.g., `\hobx'), type `I' and the correct
spelling (e.g., `I\hbox'). Otherwise just continue,
and I'll forget about whatever was undefined.

! Undefined control sequence.
l.86 ...nctionTok{\textbackslash{}arrow}\NormalTok
                                                  {[r,"0"\textquotesingle{}]...
The control sequence at the end of the top line
of your error message was never \def'ed. If you have
misspelled it (e.g., `\hobx'), type `I' and the correct
spelling (e.g., `I\hbox'). Otherwise just continue,
and I'll forget about whatever was undefined.

! Undefined control sequence.
l.87 \KeywordTok
                {\textbackslash{}end}\NormalTok{\{}\ExtensionTok{tikzcd}\Nor...
The control sequence at the end of the top line
of your error message was never \def'ed. If you have
misspelled it (e.g., `\hobx'), type `I' and the correct
spelling (e.g., `I\hbox'). Otherwise just continue,
and I'll forget about whatever was undefined.

! Undefined control sequence.
l.87 \KeywordTok{\textbackslash{}end}\NormalTok
                                               {\{}\ExtensionTok{tikzcd}\Nor...
The control sequence at the end of the top line
of your error message was never \def'ed. If you have
misspelled it (e.g., `\hobx'), type `I' and the correct
spelling (e.g., `I\hbox'). Otherwise just continue,
and I'll forget about whatever was undefined.

! Undefined control sequence.
l.87 ...backslash{}end}\NormalTok{\{}\ExtensionTok
                                                  {tikzcd}\NormalTok{\}}
The control sequence at the end of the top line
of your error message was never \def'ed. If you have
misspelled it (e.g., `\hobx'), type `I' and the correct
spelling (e.g., `I\hbox'). Otherwise just continue,
and I'll forget about whatever was undefined.

! Undefined control sequence.
l.87 ...rmalTok{\{}\ExtensionTok{tikzcd}\NormalTok
                                                  {\}}
The control sequence at the end of the top line
of your error message was never \def'ed. If you have
misspelled it (e.g., `\hobx'), type `I' and the correct
spelling (e.g., `I\hbox'). Otherwise just continue,
and I'll forget about whatever was undefined.


! LaTeX Error: \begin{document} ended by \end{Highlighting}.

See the LaTeX manual or LaTeX Companion for explanation.
Type  H <return>  for immediate help.
 ...                                              
                                                  
l.88 \end{Highlighting}
                       
Your command was ignored.
Type  I <command> <return>  to replace it with another command,
or  <return>  to continue without it.


! LaTeX Error: \begin{document} ended by \end{Shaded}.

See the LaTeX manual or LaTeX Companion for explanation.
Type  H <return>  for immediate help.
 ...                                              
                                                  
l.89 \end{Shaded}
                 
Your command was ignored.
Type  I <command> <return>  to replace it with another command,
or  <return>  to continue without it.


Overfull \hbox (31.13109pt too wide) in paragraph at lines 77--90
\T1/cmr/m/n/10 (-20) gin{tikzcd} \op-er-a-tor-name{Fib}(f) \ar-row[r,"p_-X"] \a
r-row[d,"p_-*"\TS1/cmr/m/n/10 (-20) '\T1/cmr/m/n/10 (-20) ] \ar-row[dr,phantom,
very near start,"\lrcorner"]
 []


! LaTeX Error: Environment Shaded undefined.

See the LaTeX manual or LaTeX Companion for explanation.
Type  H <return>  for immediate help.
 ...                                              
                                                  
l.95 \begin{Shaded}
                   
Your command was ignored.
Type  I <command> <return>  to replace it with another command,
or  <return>  to continue without it.


! LaTeX Error: Environment Highlighting undefined.

See the LaTeX manual or LaTeX Companion for explanation.
Type  H <return>  for immediate help.
 ...                                              
                                                  
l.96 \begin{Highlighting}
                         []
Your command was ignored.
Type  I <command> <return>  to replace it with another command,
or  <return>  to continue without it.

! Undefined control sequence.
l.97 \CommentTok
                {\%\%| filename: cofiber{-}square}
The control sequence at the end of the top line
of your error message was never \def'ed. If you have
misspelled it (e.g., `\hobx'), type `I' and the correct
spelling (e.g., `I\hbox'). Otherwise just continue,
and I'll forget about whatever was undefined.

! Undefined control sequence.
l.98 \CommentTok
                {\%\%| additionalPackages: \textbackslash{}usepackage\{amsma...
The control sequence at the end of the top line
of your error message was never \def'ed. If you have
misspelled it (e.g., `\hobx'), type `I' and the correct
spelling (e.g., `I\hbox'). Otherwise just continue,
and I'll forget about whatever was undefined.

! Undefined control sequence.
l.99 \KeywordTok
                {\textbackslash{}begin}\NormalTok{\{}\ExtensionTok{tikzcd}\N...
The control sequence at the end of the top line
of your error message was never \def'ed. If you have
misspelled it (e.g., `\hobx'), type `I' and the correct
spelling (e.g., `I\hbox'). Otherwise just continue,
and I'll forget about whatever was undefined.

! Undefined control sequence.
l.99 \KeywordTok{\textbackslash{}begin}\NormalTok
                                                 {\{}\ExtensionTok{tikzcd}\N...
The control sequence at the end of the top line
of your error message was never \def'ed. If you have
misspelled it (e.g., `\hobx'), type `I' and the correct
spelling (e.g., `I\hbox'). Otherwise just continue,
and I'll forget about whatever was undefined.

! Undefined control sequence.
l.99 ...ckslash{}begin}\NormalTok{\{}\ExtensionTok
                                                  {tikzcd}\NormalTok{\}}
The control sequence at the end of the top line
of your error message was never \def'ed. If you have
misspelled it (e.g., `\hobx'), type `I' and the correct
spelling (e.g., `I\hbox'). Otherwise just continue,
and I'll forget about whatever was undefined.

! Undefined control sequence.
l.99 ...rmalTok{\{}\ExtensionTok{tikzcd}\NormalTok
                                                  {\}}
The control sequence at the end of the top line
of your error message was never \def'ed. If you have
misspelled it (e.g., `\hobx'), type `I' and the correct
spelling (e.g., `I\hbox'). Otherwise just continue,
and I'll forget about whatever was undefined.

! Undefined control sequence.
l.100 \NormalTok
                {X}
The control sequence at the end of the top line
of your error message was never \def'ed. If you have
misspelled it (e.g., `\hobx'), type `I' and the correct
spelling (e.g., `I\hbox'). Otherwise just continue,
and I'll forget about whatever was undefined.

! Undefined control sequence.
l.101   \FunctionTok
                    {\textbackslash{}arrow}\NormalTok{[r,"f"]}
The control sequence at the end of the top line
of your error message was never \def'ed. If you have
misspelled it (e.g., `\hobx'), type `I' and the correct
spelling (e.g., `I\hbox'). Otherwise just continue,
and I'll forget about whatever was undefined.

! Undefined control sequence.
l.101 ...ctionTok{\textbackslash{}arrow}\NormalTok
                                                  {[r,"f"]}
The control sequence at the end of the top line
of your error message was never \def'ed. If you have
misspelled it (e.g., `\hobx'), type `I' and the correct
spelling (e.g., `I\hbox'). Otherwise just continue,
and I'll forget about whatever was undefined.

! Undefined control sequence.
l.102   \FunctionTok
                    {\textbackslash{}arrow}\NormalTok{[d,"0"\textquotesingle...
The control sequence at the end of the top line
of your error message was never \def'ed. If you have
misspelled it (e.g., `\hobx'), type `I' and the correct
spelling (e.g., `I\hbox'). Otherwise just continue,
and I'll forget about whatever was undefined.

! Undefined control sequence.
l.102 ...ctionTok{\textbackslash{}arrow}\NormalTok
                                                  {[d,"0"\textquotesingle{}]}
The control sequence at the end of the top line
of your error message was never \def'ed. If you have
misspelled it (e.g., `\hobx'), type `I' and the correct
spelling (e.g., `I\hbox'). Otherwise just continue,
and I'll forget about whatever was undefined.

! Undefined control sequence.
l.103   \FunctionTok
                    {\textbackslash{}arrow}\NormalTok{[dr,phantom,very near ...
The control sequence at the end of the top line
of your error message was never \def'ed. If you have
misspelled it (e.g., `\hobx'), type `I' and the correct
spelling (e.g., `I\hbox'). Otherwise just continue,
and I'll forget about whatever was undefined.

! Undefined control sequence.
l.103 ...ctionTok{\textbackslash{}arrow}\NormalTok
                                                  {[dr,phantom,very near end...
The control sequence at the end of the top line
of your error message was never \def'ed. If you have
misspelled it (e.g., `\hobx'), type `I' and the correct
spelling (e.g., `I\hbox'). Otherwise just continue,
and I'll forget about whatever was undefined.

! Undefined control sequence.
l.103 ...{[dr,phantom,very near end,"}\FunctionTok
                                                  {\textbackslash{}ulcorner}...
The control sequence at the end of the top line
of your error message was never \def'ed. If you have
misspelled it (e.g., `\hobx'), type `I' and the correct
spelling (e.g., `I\hbox'). Otherwise just continue,
and I'll forget about whatever was undefined.

! Undefined control sequence.
l.103 ...onTok{\textbackslash{}ulcorner}\NormalTok
                                                  {"] \&}
The control sequence at the end of the top line
of your error message was never \def'ed. If you have
misspelled it (e.g., `\hobx'), type `I' and the correct
spelling (e.g., `I\hbox'). Otherwise just continue,
and I'll forget about whatever was undefined.

! Undefined control sequence.
l.104 \NormalTok
                {Y }\FunctionTok{\textbackslash{}arrow}\NormalTok{[d,"i\_Y"]...
The control sequence at the end of the top line
of your error message was never \def'ed. If you have
misspelled it (e.g., `\hobx'), type `I' and the correct
spelling (e.g., `I\hbox'). Otherwise just continue,
and I'll forget about whatever was undefined.

! Undefined control sequence.
l.104 \NormalTok{Y }\FunctionTok
                                {\textbackslash{}arrow}\NormalTok{[d,"i\_Y"]...
The control sequence at the end of the top line
of your error message was never \def'ed. If you have
misspelled it (e.g., `\hobx'), type `I' and the correct
spelling (e.g., `I\hbox'). Otherwise just continue,
and I'll forget about whatever was undefined.

! Undefined control sequence.
l.104 ...ctionTok{\textbackslash{}arrow}\NormalTok
                                                  {[d,"i\_Y"]}\FunctionTok{\...
The control sequence at the end of the top line
of your error message was never \def'ed. If you have
misspelled it (e.g., `\hobx'), type `I' and the correct
spelling (e.g., `I\hbox'). Otherwise just continue,
and I'll forget about whatever was undefined.

! Undefined control sequence.
l.104 ...}arrow}\NormalTok{[d,"i\_Y"]}\FunctionTok
                                                  {\textbackslash{}\textback...
The control sequence at the end of the top line
of your error message was never \def'ed. If you have
misspelled it (e.g., `\hobx'), type `I' and the correct
spelling (e.g., `I\hbox'). Otherwise just continue,
and I'll forget about whatever was undefined.

! Undefined control sequence.
l.105 \NormalTok
                {* }\FunctionTok{\textbackslash{}arrow}\NormalTok{[r,"i\_*"\...
The control sequence at the end of the top line
of your error message was never \def'ed. If you have
misspelled it (e.g., `\hobx'), type `I' and the correct
spelling (e.g., `I\hbox'). Otherwise just continue,
and I'll forget about whatever was undefined.

! Undefined control sequence.
l.105 \NormalTok{* }\FunctionTok
                                {\textbackslash{}arrow}\NormalTok{[r,"i\_*"\...
The control sequence at the end of the top line
of your error message was never \def'ed. If you have
misspelled it (e.g., `\hobx'), type `I' and the correct
spelling (e.g., `I\hbox'). Otherwise just continue,
and I'll forget about whatever was undefined.

! Undefined control sequence.
l.105 ...ctionTok{\textbackslash{}arrow}\NormalTok
                                                  {[r,"i\_*"\textquotesingle...
The control sequence at the end of the top line
of your error message was never \def'ed. If you have
misspelled it (e.g., `\hobx'), type `I' and the correct
spelling (e.g., `I\hbox'). Otherwise just continue,
and I'll forget about whatever was undefined.

! Undefined control sequence.
l.105 ...i\_*"\textquotesingle{}] \& }\FunctionTok
                                                  {\textbackslash{}operatorn...
The control sequence at the end of the top line
of your error message was never \def'ed. If you have
misspelled it (e.g., `\hobx'), type `I' and the correct
spelling (e.g., `I\hbox'). Otherwise just continue,
and I'll forget about whatever was undefined.

! Undefined control sequence.
l.105 ...k{\textbackslash{}operatorname}\NormalTok
                                                  {\{Cof\}(f)}
The control sequence at the end of the top line
of your error message was never \def'ed. If you have
misspelled it (e.g., `\hobx'), type `I' and the correct
spelling (e.g., `I\hbox'). Otherwise just continue,
and I'll forget about whatever was undefined.

! Undefined control sequence.
l.106 \KeywordTok
                 {\textbackslash{}end}\NormalTok{\{}\ExtensionTok{tikzcd}\No...
The control sequence at the end of the top line
of your error message was never \def'ed. If you have
misspelled it (e.g., `\hobx'), type `I' and the correct
spelling (e.g., `I\hbox'). Otherwise just continue,
and I'll forget about whatever was undefined.

! Undefined control sequence.
l.106 \KeywordTok{\textbackslash{}end}\NormalTok
                                                {\{}\ExtensionTok{tikzcd}\No...
The control sequence at the end of the top line
of your error message was never \def'ed. If you have
misspelled it (e.g., `\hobx'), type `I' and the correct
spelling (e.g., `I\hbox'). Otherwise just continue,
and I'll forget about whatever was undefined.

! Undefined control sequence.
l.106 ...ackslash{}end}\NormalTok{\{}\ExtensionTok
                                                  {tikzcd}\NormalTok{\}}
The control sequence at the end of the top line
of your error message was never \def'ed. If you have
misspelled it (e.g., `\hobx'), type `I' and the correct
spelling (e.g., `I\hbox'). Otherwise just continue,
and I'll forget about whatever was undefined.

! Undefined control sequence.
l.106 ...malTok{\{}\ExtensionTok{tikzcd}\NormalTok
                                                  {\}}
The control sequence at the end of the top line
of your error message was never \def'ed. If you have
misspelled it (e.g., `\hobx'), type `I' and the correct
spelling (e.g., `I\hbox'). Otherwise just continue,
and I'll forget about whatever was undefined.


! LaTeX Error: \begin{document} ended by \end{Highlighting}.

See the LaTeX manual or LaTeX Companion for explanation.
Type  H <return>  for immediate help.
 ...                                              
                                                  
l.107 \end{Highlighting}
                        
Your command was ignored.
Type  I <command> <return>  to replace it with another command,
or  <return>  to continue without it.


! LaTeX Error: \begin{document} ended by \end{Shaded}.

See the LaTeX manual or LaTeX Companion for explanation.
Type  H <return>  for immediate help.
 ...                                              
                                                  
l.108 \end{Shaded}
                  
Your command was ignored.
Type  I <command> <return>  to replace it with another command,
or  <return>  to continue without it.


! LaTeX Error: Environment Shaded undefined.

See the LaTeX manual or LaTeX Companion for explanation.
Type  H <return>  for immediate help.
 ...                                              
                                                  
l.120 \begin{Shaded}
                    
Your command was ignored.
Type  I <command> <return>  to replace it with another command,
or  <return>  to continue without it.


! LaTeX Error: Environment Highlighting undefined.

See the LaTeX manual or LaTeX Companion for explanation.
Type  H <return>  for immediate help.
 ...                                              
                                                  
l.121 \begin{Highlighting}
                          []
Your command was ignored.
Type  I <command> <return>  to replace it with another command,
or  <return>  to continue without it.

! Undefined control sequence.
l.122 \CommentTok
                 {\%\%| filename: loop{-}square}
The control sequence at the end of the top line
of your error message was never \def'ed. If you have
misspelled it (e.g., `\hobx'), type `I' and the correct
spelling (e.g., `I\hbox'). Otherwise just continue,
and I'll forget about whatever was undefined.

! Undefined control sequence.
l.123 \CommentTok
                 {\%\%| additionalPackages: \textbackslash{}usepackage\{amsm...
The control sequence at the end of the top line
of your error message was never \def'ed. If you have
misspelled it (e.g., `\hobx'), type `I' and the correct
spelling (e.g., `I\hbox'). Otherwise just continue,
and I'll forget about whatever was undefined.

! Undefined control sequence.
l.124 \KeywordTok
                 {\textbackslash{}begin}\NormalTok{\{}\ExtensionTok{tikzcd}\...
The control sequence at the end of the top line
of your error message was never \def'ed. If you have
misspelled it (e.g., `\hobx'), type `I' and the correct
spelling (e.g., `I\hbox'). Otherwise just continue,
and I'll forget about whatever was undefined.

! Undefined control sequence.
l.124 \KeywordTok{\textbackslash{}begin}\NormalTok
                                                  {\{}\ExtensionTok{tikzcd}\...
The control sequence at the end of the top line
of your error message was never \def'ed. If you have
misspelled it (e.g., `\hobx'), type `I' and the correct
spelling (e.g., `I\hbox'). Otherwise just continue,
and I'll forget about whatever was undefined.

! Undefined control sequence.
l.124 ...kslash{}begin}\NormalTok{\{}\ExtensionTok
                                                  {tikzcd}\NormalTok{\}}
The control sequence at the end of the top line
of your error message was never \def'ed. If you have
misspelled it (e.g., `\hobx'), type `I' and the correct
spelling (e.g., `I\hbox'). Otherwise just continue,
and I'll forget about whatever was undefined.

! Undefined control sequence.
l.124 ...malTok{\{}\ExtensionTok{tikzcd}\NormalTok
                                                  {\}}
The control sequence at the end of the top line
of your error message was never \def'ed. If you have
misspelled it (e.g., `\hobx'), type `I' and the correct
spelling (e.g., `I\hbox'). Otherwise just continue,
and I'll forget about whatever was undefined.

! Undefined control sequence.
l.125 \FunctionTok
                  {\textbackslash{}Omega}\NormalTok{ X}
The control sequence at the end of the top line
of your error message was never \def'ed. If you have
misspelled it (e.g., `\hobx'), type `I' and the correct
spelling (e.g., `I\hbox'). Otherwise just continue,
and I'll forget about whatever was undefined.

! Undefined control sequence.
l.125 ...ctionTok{\textbackslash{}Omega}\NormalTok
                                                  { X}
The control sequence at the end of the top line
of your error message was never \def'ed. If you have
misspelled it (e.g., `\hobx'), type `I' and the correct
spelling (e.g., `I\hbox'). Otherwise just continue,
and I'll forget about whatever was undefined.

! Undefined control sequence.
l.126   \FunctionTok
                    {\textbackslash{}arrow}\NormalTok{[r,"}\FunctionTok{\tex...
The control sequence at the end of the top line
of your error message was never \def'ed. If you have
misspelled it (e.g., `\hobx'), type `I' and the correct
spelling (e.g., `I\hbox'). Otherwise just continue,
and I'll forget about whatever was undefined.

! Undefined control sequence.
l.126 ...ctionTok{\textbackslash{}arrow}\NormalTok
                                                  {[r,"}\FunctionTok{\textba...
The control sequence at the end of the top line
of your error message was never \def'ed. If you have
misspelled it (e.g., `\hobx'), type `I' and the correct
spelling (e.g., `I\hbox'). Otherwise just continue,
and I'll forget about whatever was undefined.

! Undefined control sequence.
l.126 ...slash{}arrow}\NormalTok{[r,"}\FunctionTok
                                                  {\textbackslash{}operatorn...
The control sequence at the end of the top line
of your error message was never \def'ed. If you have
misspelled it (e.g., `\hobx'), type `I' and the correct
spelling (e.g., `I\hbox'). Otherwise just continue,
and I'll forget about whatever was undefined.

! Undefined control sequence.
l.126 ...k{\textbackslash{}operatorname}\NormalTok
                                                  {\{pr\}\_2"]}
The control sequence at the end of the top line
of your error message was never \def'ed. If you have
misspelled it (e.g., `\hobx'), type `I' and the correct
spelling (e.g., `I\hbox'). Otherwise just continue,
and I'll forget about whatever was undefined.

! Undefined control sequence.
l.127   \FunctionTok
                    {\textbackslash{}arrow}\NormalTok{[d,"}\FunctionTok{\tex...
The control sequence at the end of the top line
of your error message was never \def'ed. If you have
misspelled it (e.g., `\hobx'), type `I' and the correct
spelling (e.g., `I\hbox'). Otherwise just continue,
and I'll forget about whatever was undefined.

! Undefined control sequence.
l.127 ...ctionTok{\textbackslash{}arrow}\NormalTok
                                                  {[d,"}\FunctionTok{\textba...
The control sequence at the end of the top line
of your error message was never \def'ed. If you have
misspelled it (e.g., `\hobx'), type `I' and the correct
spelling (e.g., `I\hbox'). Otherwise just continue,
and I'll forget about whatever was undefined.

! Undefined control sequence.
l.127 ...slash{}arrow}\NormalTok{[d,"}\FunctionTok
                                                  {\textbackslash{}operatorn...
The control sequence at the end of the top line
of your error message was never \def'ed. If you have
misspelled it (e.g., `\hobx'), type `I' and the correct
spelling (e.g., `I\hbox'). Otherwise just continue,
and I'll forget about whatever was undefined.

! Undefined control sequence.
l.127 ...k{\textbackslash{}operatorname}\NormalTok
                                                  {\{pr\}\_1"\textquotesingl...
The control sequence at the end of the top line
of your error message was never \def'ed. If you have
misspelled it (e.g., `\hobx'), type `I' and the correct
spelling (e.g., `I\hbox'). Otherwise just continue,
and I'll forget about whatever was undefined.

! Undefined control sequence.
l.128   \FunctionTok
                    {\textbackslash{}arrow}\NormalTok{[dr,phantom,very near ...
The control sequence at the end of the top line
of your error message was never \def'ed. If you have
misspelled it (e.g., `\hobx'), type `I' and the correct
spelling (e.g., `I\hbox'). Otherwise just continue,
and I'll forget about whatever was undefined.

! Undefined control sequence.
l.128 ...ctionTok{\textbackslash{}arrow}\NormalTok
                                                  {[dr,phantom,very near sta...
The control sequence at the end of the top line
of your error message was never \def'ed. If you have
misspelled it (e.g., `\hobx'), type `I' and the correct
spelling (e.g., `I\hbox'). Otherwise just continue,
and I'll forget about whatever was undefined.

! Undefined control sequence.
l.128 ...dr,phantom,very near start,"}\FunctionTok
                                                  {\textbackslash{}lrcorner}...
The control sequence at the end of the top line
of your error message was never \def'ed. If you have
misspelled it (e.g., `\hobx'), type `I' and the correct
spelling (e.g., `I\hbox'). Otherwise just continue,
and I'll forget about whatever was undefined.

! Undefined control sequence.
l.128 ...onTok{\textbackslash{}lrcorner}\NormalTok
                                                  {"] \&}
The control sequence at the end of the top line
of your error message was never \def'ed. If you have
misspelled it (e.g., `\hobx'), type `I' and the correct
spelling (e.g., `I\hbox'). Otherwise just continue,
and I'll forget about whatever was undefined.

! Undefined control sequence.
l.129 \NormalTok
                {* }\FunctionTok{\textbackslash{}arrow}\NormalTok{[d,"0"]}\F...
The control sequence at the end of the top line
of your error message was never \def'ed. If you have
misspelled it (e.g., `\hobx'), type `I' and the correct
spelling (e.g., `I\hbox'). Otherwise just continue,
and I'll forget about whatever was undefined.

! Undefined control sequence.
l.129 \NormalTok{* }\FunctionTok
                                {\textbackslash{}arrow}\NormalTok{[d,"0"]}\F...
The control sequence at the end of the top line
of your error message was never \def'ed. If you have
misspelled it (e.g., `\hobx'), type `I' and the correct
spelling (e.g., `I\hbox'). Otherwise just continue,
and I'll forget about whatever was undefined.

! Undefined control sequence.
l.129 ...ctionTok{\textbackslash{}arrow}\NormalTok
                                                  {[d,"0"]}\FunctionTok{\tex...
The control sequence at the end of the top line
of your error message was never \def'ed. If you have
misspelled it (e.g., `\hobx'), type `I' and the correct
spelling (e.g., `I\hbox'). Otherwise just continue,
and I'll forget about whatever was undefined.

! Undefined control sequence.
l.129 ...sh{}arrow}\NormalTok{[d,"0"]}\FunctionTok
                                                  {\textbackslash{}\textback...
The control sequence at the end of the top line
of your error message was never \def'ed. If you have
misspelled it (e.g., `\hobx'), type `I' and the correct
spelling (e.g., `I\hbox'). Otherwise just continue,
and I'll forget about whatever was undefined.

! Undefined control sequence.
l.130 \NormalTok
                {* }\FunctionTok{\textbackslash{}arrow}\NormalTok{[r,"0"\tex...
The control sequence at the end of the top line
of your error message was never \def'ed. If you have
misspelled it (e.g., `\hobx'), type `I' and the correct
spelling (e.g., `I\hbox'). Otherwise just continue,
and I'll forget about whatever was undefined.

! Undefined control sequence.
l.130 \NormalTok{* }\FunctionTok
                                {\textbackslash{}arrow}\NormalTok{[r,"0"\tex...
The control sequence at the end of the top line
of your error message was never \def'ed. If you have
misspelled it (e.g., `\hobx'), type `I' and the correct
spelling (e.g., `I\hbox'). Otherwise just continue,
and I'll forget about whatever was undefined.

! Undefined control sequence.
l.130 ...ctionTok{\textbackslash{}arrow}\NormalTok
                                                  {[r,"0"\textquotesingle{}]...
The control sequence at the end of the top line
of your error message was never \def'ed. If you have
misspelled it (e.g., `\hobx'), type `I' and the correct
spelling (e.g., `I\hbox'). Otherwise just continue,
and I'll forget about whatever was undefined.

! Undefined control sequence.
l.131 \KeywordTok
                 {\textbackslash{}end}\NormalTok{\{}\ExtensionTok{tikzcd}\No...
The control sequence at the end of the top line
of your error message was never \def'ed. If you have
misspelled it (e.g., `\hobx'), type `I' and the correct
spelling (e.g., `I\hbox'). Otherwise just continue,
and I'll forget about whatever was undefined.

! Undefined control sequence.
l.131 \KeywordTok{\textbackslash{}end}\NormalTok
                                                {\{}\ExtensionTok{tikzcd}\No...
The control sequence at the end of the top line
of your error message was never \def'ed. If you have
misspelled it (e.g., `\hobx'), type `I' and the correct
spelling (e.g., `I\hbox'). Otherwise just continue,
and I'll forget about whatever was undefined.

! Undefined control sequence.
l.131 ...ackslash{}end}\NormalTok{\{}\ExtensionTok
                                                  {tikzcd}\NormalTok{\}}
The control sequence at the end of the top line
of your error message was never \def'ed. If you have
misspelled it (e.g., `\hobx'), type `I' and the correct
spelling (e.g., `I\hbox'). Otherwise just continue,
and I'll forget about whatever was undefined.

! Undefined control sequence.
l.131 ...malTok{\{}\ExtensionTok{tikzcd}\NormalTok
                                                  {\}}
The control sequence at the end of the top line
of your error message was never \def'ed. If you have
misspelled it (e.g., `\hobx'), type `I' and the correct
spelling (e.g., `I\hbox'). Otherwise just continue,
and I'll forget about whatever was undefined.


! LaTeX Error: \begin{document} ended by \end{Highlighting}.

See the LaTeX manual or LaTeX Companion for explanation.
Type  H <return>  for immediate help.
 ...                                              
                                                  
l.132 \end{Highlighting}
                        
Your command was ignored.
Type  I <command> <return>  to replace it with another command,
or  <return>  to continue without it.


! LaTeX Error: \begin{document} ended by \end{Shaded}.

See the LaTeX manual or LaTeX Companion for explanation.
Type  H <return>  for immediate help.
 ...                                              
                                                  
l.133 \end{Shaded}
                  
Your command was ignored.
Type  I <command> <return>  to replace it with another command,
or  <return>  to continue without it.


Overfull \hbox (32.07198pt too wide) in paragraph at lines 121--134
\T1/cmr/m/n/10 (-20) gin{tikzcd} \Omega X \ar-row[r,"\operatorname{pr}_-2"] \ar
-row[d,"\operatorname{pr}_-1"\TS1/cmr/m/n/10 (-20) '\T1/cmr/m/n/10 (-20) ] \ar-
row[dr,phantom,very
 []


! LaTeX Error: Environment Shaded undefined.

See the LaTeX manual or LaTeX Companion for explanation.
Type  H <return>  for immediate help.
 ...                                              
                                                  
l.137 \begin{Shaded}
                    
Your command was ignored.
Type  I <command> <return>  to replace it with another command,
or  <return>  to continue without it.


! LaTeX Error: Environment Highlighting undefined.

See the LaTeX manual or LaTeX Companion for explanation.
Type  H <return>  for immediate help.
 ...                                              
                                                  
l.138 \begin{Highlighting}
                          []
Your command was ignored.
Type  I <command> <return>  to replace it with another command,
or  <return>  to continue without it.

! Undefined control sequence.
l.139 \CommentTok
                 {\%\%| filename: suspension{-}square}
The control sequence at the end of the top line
of your error message was never \def'ed. If you have
misspelled it (e.g., `\hobx'), type `I' and the correct
spelling (e.g., `I\hbox'). Otherwise just continue,
and I'll forget about whatever was undefined.

! Undefined control sequence.
l.140 \CommentTok
                 {\%\%| additionalPackages: \textbackslash{}usepackage\{amsm...
The control sequence at the end of the top line
of your error message was never \def'ed. If you have
misspelled it (e.g., `\hobx'), type `I' and the correct
spelling (e.g., `I\hbox'). Otherwise just continue,
and I'll forget about whatever was undefined.

! Undefined control sequence.
l.141 \KeywordTok
                 {\textbackslash{}begin}\NormalTok{\{}\ExtensionTok{tikzcd}\...
The control sequence at the end of the top line
of your error message was never \def'ed. If you have
misspelled it (e.g., `\hobx'), type `I' and the correct
spelling (e.g., `I\hbox'). Otherwise just continue,
and I'll forget about whatever was undefined.

! Undefined control sequence.
l.141 \KeywordTok{\textbackslash{}begin}\NormalTok
                                                  {\{}\ExtensionTok{tikzcd}\...
The control sequence at the end of the top line
of your error message was never \def'ed. If you have
misspelled it (e.g., `\hobx'), type `I' and the correct
spelling (e.g., `I\hbox'). Otherwise just continue,
and I'll forget about whatever was undefined.

! Undefined control sequence.
l.141 ...kslash{}begin}\NormalTok{\{}\ExtensionTok
                                                  {tikzcd}\NormalTok{\}}
The control sequence at the end of the top line
of your error message was never \def'ed. If you have
misspelled it (e.g., `\hobx'), type `I' and the correct
spelling (e.g., `I\hbox'). Otherwise just continue,
and I'll forget about whatever was undefined.

! Undefined control sequence.
l.141 ...malTok{\{}\ExtensionTok{tikzcd}\NormalTok
                                                  {\}}
The control sequence at the end of the top line
of your error message was never \def'ed. If you have
misspelled it (e.g., `\hobx'), type `I' and the correct
spelling (e.g., `I\hbox'). Otherwise just continue,
and I'll forget about whatever was undefined.

! Undefined control sequence.
l.142 \NormalTok
                {X}
The control sequence at the end of the top line
of your error message was never \def'ed. If you have
misspelled it (e.g., `\hobx'), type `I' and the correct
spelling (e.g., `I\hbox'). Otherwise just continue,
and I'll forget about whatever was undefined.

! Undefined control sequence.
l.143   \FunctionTok
                    {\textbackslash{}arrow}\NormalTok{[r,"0"]}
The control sequence at the end of the top line
of your error message was never \def'ed. If you have
misspelled it (e.g., `\hobx'), type `I' and the correct
spelling (e.g., `I\hbox'). Otherwise just continue,
and I'll forget about whatever was undefined.

! Undefined control sequence.
l.143 ...ctionTok{\textbackslash{}arrow}\NormalTok
                                                  {[r,"0"]}
The control sequence at the end of the top line
of your error message was never \def'ed. If you have
misspelled it (e.g., `\hobx'), type `I' and the correct
spelling (e.g., `I\hbox'). Otherwise just continue,
and I'll forget about whatever was undefined.

! Undefined control sequence.
l.144   \FunctionTok
                    {\textbackslash{}arrow}\NormalTok{[d,"0"\textquotesingle...
The control sequence at the end of the top line
of your error message was never \def'ed. If you have
misspelled it (e.g., `\hobx'), type `I' and the correct
spelling (e.g., `I\hbox'). Otherwise just continue,
and I'll forget about whatever was undefined.

! Undefined control sequence.
l.144 ...ctionTok{\textbackslash{}arrow}\NormalTok
                                                  {[d,"0"\textquotesingle{}]}
The control sequence at the end of the top line
of your error message was never \def'ed. If you have
misspelled it (e.g., `\hobx'), type `I' and the correct
spelling (e.g., `I\hbox'). Otherwise just continue,
and I'll forget about whatever was undefined.

! Undefined control sequence.
l.145   \FunctionTok
                    {\textbackslash{}arrow}\NormalTok{[dr,phantom,very near ...
The control sequence at the end of the top line
of your error message was never \def'ed. If you have
misspelled it (e.g., `\hobx'), type `I' and the correct
spelling (e.g., `I\hbox'). Otherwise just continue,
and I'll forget about whatever was undefined.

! Undefined control sequence.
l.145 ...ctionTok{\textbackslash{}arrow}\NormalTok
                                                  {[dr,phantom,very near end...
The control sequence at the end of the top line
of your error message was never \def'ed. If you have
misspelled it (e.g., `\hobx'), type `I' and the correct
spelling (e.g., `I\hbox'). Otherwise just continue,
and I'll forget about whatever was undefined.

! Undefined control sequence.
l.145 ...{[dr,phantom,very near end,"}\FunctionTok
                                                  {\textbackslash{}ulcorner}...
The control sequence at the end of the top line
of your error message was never \def'ed. If you have
misspelled it (e.g., `\hobx'), type `I' and the correct
spelling (e.g., `I\hbox'). Otherwise just continue,
and I'll forget about whatever was undefined.

! Undefined control sequence.
l.145 ...onTok{\textbackslash{}ulcorner}\NormalTok
                                                  {"] \&}
The control sequence at the end of the top line
of your error message was never \def'ed. If you have
misspelled it (e.g., `\hobx'), type `I' and the correct
spelling (e.g., `I\hbox'). Otherwise just continue,
and I'll forget about whatever was undefined.

! Undefined control sequence.
l.146 \NormalTok
                {* }\FunctionTok{\textbackslash{}arrow}\NormalTok{[d,"j\_1"]...
The control sequence at the end of the top line
of your error message was never \def'ed. If you have
misspelled it (e.g., `\hobx'), type `I' and the correct
spelling (e.g., `I\hbox'). Otherwise just continue,
and I'll forget about whatever was undefined.

! Undefined control sequence.
l.146 \NormalTok{* }\FunctionTok
                                {\textbackslash{}arrow}\NormalTok{[d,"j\_1"]...
The control sequence at the end of the top line
of your error message was never \def'ed. If you have
misspelled it (e.g., `\hobx'), type `I' and the correct
spelling (e.g., `I\hbox'). Otherwise just continue,
and I'll forget about whatever was undefined.

! Undefined control sequence.
l.146 ...ctionTok{\textbackslash{}arrow}\NormalTok
                                                  {[d,"j\_1"]}\FunctionTok{\...
The control sequence at the end of the top line
of your error message was never \def'ed. If you have
misspelled it (e.g., `\hobx'), type `I' and the correct
spelling (e.g., `I\hbox'). Otherwise just continue,
and I'll forget about whatever was undefined.

! Undefined control sequence.
l.146 ...}arrow}\NormalTok{[d,"j\_1"]}\FunctionTok
                                                  {\textbackslash{}\textback...
The control sequence at the end of the top line
of your error message was never \def'ed. If you have
misspelled it (e.g., `\hobx'), type `I' and the correct
spelling (e.g., `I\hbox'). Otherwise just continue,
and I'll forget about whatever was undefined.

! Undefined control sequence.
l.147 \NormalTok
                {* }\FunctionTok{\textbackslash{}arrow}\NormalTok{[r,"j\_2"\...
The control sequence at the end of the top line
of your error message was never \def'ed. If you have
misspelled it (e.g., `\hobx'), type `I' and the correct
spelling (e.g., `I\hbox'). Otherwise just continue,
and I'll forget about whatever was undefined.

! Undefined control sequence.
l.147 \NormalTok{* }\FunctionTok
                                {\textbackslash{}arrow}\NormalTok{[r,"j\_2"\...
The control sequence at the end of the top line
of your error message was never \def'ed. If you have
misspelled it (e.g., `\hobx'), type `I' and the correct
spelling (e.g., `I\hbox'). Otherwise just continue,
and I'll forget about whatever was undefined.

! Undefined control sequence.
l.147 ...ctionTok{\textbackslash{}arrow}\NormalTok
                                                  {[r,"j\_2"\textquotesingle...
The control sequence at the end of the top line
of your error message was never \def'ed. If you have
misspelled it (e.g., `\hobx'), type `I' and the correct
spelling (e.g., `I\hbox'). Otherwise just continue,
and I'll forget about whatever was undefined.

! Undefined control sequence.
l.147 ...j\_2"\textquotesingle{}] \& }\FunctionTok
                                                  {\textbackslash{}Sigma}\No...
The control sequence at the end of the top line
of your error message was never \def'ed. If you have
misspelled it (e.g., `\hobx'), type `I' and the correct
spelling (e.g., `I\hbox'). Otherwise just continue,
and I'll forget about whatever was undefined.

! Undefined control sequence.
l.147 ...ctionTok{\textbackslash{}Sigma}\NormalTok
                                                  { X}
The control sequence at the end of the top line
of your error message was never \def'ed. If you have
misspelled it (e.g., `\hobx'), type `I' and the correct
spelling (e.g., `I\hbox'). Otherwise just continue,
and I'll forget about whatever was undefined.

! Undefined control sequence.
l.148 \KeywordTok
                 {\textbackslash{}end}\NormalTok{\{}\ExtensionTok{tikzcd}\No...
The control sequence at the end of the top line
of your error message was never \def'ed. If you have
misspelled it (e.g., `\hobx'), type `I' and the correct
spelling (e.g., `I\hbox'). Otherwise just continue,
and I'll forget about whatever was undefined.

! Undefined control sequence.
l.148 \KeywordTok{\textbackslash{}end}\NormalTok
                                                {\{}\ExtensionTok{tikzcd}\No...
The control sequence at the end of the top line
of your error message was never \def'ed. If you have
misspelled it (e.g., `\hobx'), type `I' and the correct
spelling (e.g., `I\hbox'). Otherwise just continue,
and I'll forget about whatever was undefined.

! Undefined control sequence.
l.148 ...ackslash{}end}\NormalTok{\{}\ExtensionTok
                                                  {tikzcd}\NormalTok{\}}
The control sequence at the end of the top line
of your error message was never \def'ed. If you have
misspelled it (e.g., `\hobx'), type `I' and the correct
spelling (e.g., `I\hbox'). Otherwise just continue,
and I'll forget about whatever was undefined.

! Undefined control sequence.
l.148 ...malTok{\{}\ExtensionTok{tikzcd}\NormalTok
                                                  {\}}
The control sequence at the end of the top line
of your error message was never \def'ed. If you have
misspelled it (e.g., `\hobx'), type `I' and the correct
spelling (e.g., `I\hbox'). Otherwise just continue,
and I'll forget about whatever was undefined.


! LaTeX Error: \begin{document} ended by \end{Highlighting}.

See the LaTeX manual or LaTeX Companion for explanation.
Type  H <return>  for immediate help.
 ...                                              
                                                  
l.149 \end{Highlighting}
                        
Your command was ignored.
Type  I <command> <return>  to replace it with another command,
or  <return>  to continue without it.


! LaTeX Error: \begin{document} ended by \end{Shaded}.

See the LaTeX manual or LaTeX Companion for explanation.
Type  H <return>  for immediate help.
 ...                                              
                                                  
l.150 \end{Shaded}
                  
Your command was ignored.
Type  I <command> <return>  to replace it with another command,
or  <return>  to continue without it.


LaTeX Warning: Citation 'sec-pi0-fiber' on page 2 undefined on input line 191.

[2{/opt/texlive/2026/texmf-dist/fonts/enc/dvips/cm-super/cm-super-ts1.enc}]

LaTeX Warning: Empty bibliography on input line 194.

Total classes: 0 (./output.aux)
 ***********
LaTeX2e <2026-06-01>
L3 programming layer <2026-08-10>
 ***********


LaTeX Warning: There were undefined references.


Package biblatex Warning: Please (re)run Biber on the file:
(biblatex)                output
(biblatex)                and rerun LaTeX afterwards.

Package logreq Info: Writing requests to 'output.run.xml'.
\openout1 = `output.run.xml'.

 ) 
Here is how much of TeX's memory you used:
 74190 strings out of 467099
 1687542 string characters out of 5383931
 2840689 words of memory out of 5000000
 102089 multiletter control sequences out of 15000+600000
 649213 words of font info for 136 fonts, out of 8000000 for 9000
 1302 hyphenation exceptions out of 8191
 112i,7n,125p,4976b,1938s stack positions out of 10000i,1000n,20000p,200000b,200000s
</opt/texlive/2026/texmf-dist/fonts/type1/public/amsfonts/cm/cmmi10.pfb></opt
/texlive/2026/texmf-dist/fonts/type1/public/amsfonts/cm/cmmi7.pfb></opt/texlive
/2026/texmf-dist/fonts/type1/public/amsfonts/cm/cmr10.pfb></opt/texlive/2026/te
xmf-dist/fonts/type1/public/amsfonts/cm/cmsy10.pfb></opt/texlive/2026/texmf-dis
t/fonts/type1/public/amsfonts/cm/cmsy7.pfb></opt/texlive/2026/texmf-dist/fonts/
type1/public/cm-super/sfbx1000.pfb></opt/texlive/2026/texmf-dist/fonts/type1/pu
blic/cm-super/sfcc1000.pfb></opt/texlive/2026/texmf-dist/fonts/type1/public/cm-
super/sfrm0700.pfb></opt/texlive/2026/texmf-dist/fonts/type1/public/cm-super/sf
rm0800.pfb></opt/texlive/2026/texmf-dist/fonts/type1/public/cm-super/sfrm1000.p
fb></opt/texlive/2026/texmf-dist/fonts/type1/public/cm-super/sfti0800.pfb>
Output written on output.pdf (2 pages, 151910 bytes).
PDF statistics:
 154 PDF objects out of 1000 (max. 8388607)
 99 compressed objects within 1 object stream
 10 named destinations out of 1000 (max. 500000)
 16607 words of extra memory for PDF output out of 17280 (max. 10000000)

