archive_module	qualified_name	kind	archive_line	name_match_count	unique_name_match_hint	live_owner	disposition
preamble/all.py	<module>	module	1	0			unreviewed
preamble/all.py	load	function	47	1	src/dzack_research/preamble/all.py		unreviewed
preamble/catalogue.sage	<module>	module	1	0			unreviewed
preamble/catalogue.sage	IntegralLattice	binding	63	0			unreviewed
preamble/catalogue.sage	TwoElementary	binding	220	0			unreviewed
preamble/catalogue.sage	two_elementary_orthogonal_sums	function	299	1	src/dzack_research/preamble/catalogue.py		unreviewed
preamble/catalogue.sage	signature_orthogonal_sums	function	447	1	src/dzack_research/preamble/catalogue.py		unreviewed
preamble/catalogue.sage	Involutions	class	894	1	src/dzack_research/preamble/catalogue.py		unreviewed
preamble/catalogue.sage	Embeddings	class	928	1	src/dzack_research/preamble/catalogue.py		unreviewed
preamble/categories/abstract_categories/arrow_categories.sage	<module>	module	1	0			unreviewed
preamble/categories/abstract_categories/arrow_categories.sage	common_category	function	32	1	src/dzack_research/preamble/categories/abstract_categories/arrow_categories.py		unreviewed
preamble/categories/abstract_categories/arrow_categories.sage	_OnACategory.graph	class	43	2			unreviewed
preamble/categories/abstract_categories/arrow_categories.sage	ArrowCategory	class	55	2			unreviewed
preamble/categories/abstract_categories/arrow_categories.sage	ArrowCategory.ObjectType	method	62	1	src/dzack_research/preamble/categories/abstract_categories/cat.py		unreviewed
preamble/categories/abstract_categories/arrow_categories.sage	ArrowCategory.super_categories	method	65	99			unreviewed
preamble/categories/abstract_categories/arrow_categories.sage	ArrowCategory._HomCategory.ParentMethods	class	99	89			unreviewed
preamble/categories/abstract_categories/arrow_categories.sage	ArrowCategory._HomCategory.ElementMethods	class	134	25			unreviewed
preamble/categories/abstract_categories/arrow_categories.sage	IsoArrowCategory	class	163	1	src/dzack_research/preamble/categories/abstract_categories/arrow_categories.py		unreviewed
preamble/categories/abstract_categories/arrow_categories.sage	IsoArrowCategory.ObjectType	method	170	1	src/dzack_research/preamble/categories/abstract_categories/cat.py		unreviewed
preamble/categories/abstract_categories/arrow_categories.sage	IsoArrowCategory.super_categories	method	173	99			unreviewed
preamble/categories/abstract_categories/arrow_categories.sage	MonomorphismArrowCategory	class	190	1	src/dzack_research/preamble/categories/abstract_categories/arrow_categories.py		unreviewed
preamble/categories/abstract_categories/arrow_categories.sage	MonomorphismArrowCategory.ObjectType	method	197	1	src/dzack_research/preamble/categories/abstract_categories/cat.py		unreviewed
preamble/categories/abstract_categories/arrow_categories.sage	MonomorphismArrowCategory.super_categories	method	200	99			unreviewed
preamble/categories/abstract_categories/arrow_categories.sage	EpimorphismArrowCategory	class	214	1	src/dzack_research/preamble/categories/abstract_categories/arrow_categories.py		unreviewed
preamble/categories/abstract_categories/arrow_categories.sage	EpimorphismArrowCategory.ObjectType	method	221	1	src/dzack_research/preamble/categories/abstract_categories/cat.py		unreviewed
preamble/categories/abstract_categories/arrow_categories.sage	EpimorphismArrowCategory.super_categories	method	224	99			unreviewed
preamble/categories/abstract_categories/arrow_categories.sage	EndArrowCategory	class	238	1	src/dzack_research/preamble/categories/abstract_categories/arrow_categories.py		unreviewed
preamble/categories/abstract_categories/arrow_categories.sage	EndArrowCategory.ObjectType	method	245	1	src/dzack_research/preamble/categories/abstract_categories/cat.py		unreviewed
preamble/categories/abstract_categories/arrow_categories.sage	EndArrowCategory.super_categories	method	248	99			unreviewed
preamble/categories/abstract_categories/arrow_categories.sage	AutomorphismArrowCategory	class	262	1	src/dzack_research/preamble/categories/abstract_categories/arrow_categories.py		unreviewed
preamble/categories/abstract_categories/arrow_categories.sage	AutomorphismArrowCategory.ObjectType	method	269	1	src/dzack_research/preamble/categories/abstract_categories/cat.py		unreviewed
preamble/categories/abstract_categories/arrow_categories.sage	AutomorphismArrowCategory.super_categories	method	272	99			unreviewed
preamble/categories/abstract_categories/arrow_categories.sage	WideSubcategory	class	313	1	src/dzack_research/preamble/categories/abstract_categories/arrow_categories.py		unreviewed
preamble/categories/abstract_categories/arrow_categories.sage	WideSubcategory.ObjectType	method	317	1	src/dzack_research/preamble/categories/abstract_categories/cat.py		unreviewed
preamble/categories/abstract_categories/arrow_categories.sage	WideSubcategory.ElementType	method	321	1	src/dzack_research/preamble/categories/abstract_categories/cat.py		unreviewed
preamble/categories/abstract_categories/arrow_categories.sage	WideSubcategory.super_categories	method	324	99			unreviewed
preamble/categories/abstract_categories/arrow_categories.sage	WideSubcategory.admits	method	330	1	src/dzack_research/preamble/categories/abstract_categories/arrow_categories.py		unreviewed
preamble/categories/abstract_categories/arrow_categories.sage	WideSubcategory.arrow	method	333	3			unreviewed
preamble/categories/abstract_categories/arrow_categories.sage	WideSubcategory._HomCategory.ParentMethods	class	346	89			unreviewed
preamble/categories/abstract_categories/arrow_categories.sage	Core	function	374	2			unreviewed
preamble/categories/abstract_categories/arrow_categories.sage	Isomorphism	function	382	1	src/dzack_research/preamble/categories/abstract_categories/arrow_categories.py		unreviewed
preamble/categories/abstract_categories/cat.sage	<module>	module	1	0			unreviewed
preamble/categories/abstract_categories/cat.sage	Cat	class	157	1	src/dzack_research/preamble/categories/abstract_categories/cat.py		unreviewed
preamble/categories/abstract_categories/cat.sage	Cat.super_categories	method	168	99			unreviewed
preamble/categories/abstract_categories/cat.sage	Cat._HomCategory.ParentMethods	class	190	89			unreviewed
preamble/categories/abstract_categories/cat.sage	Cat._HomCategory.ParentMethods._HomCategory.ParentMethods	class	228	89			unreviewed
preamble/categories/abstract_categories/cat.sage	Cat._HomCategory.ParentMethods._HomCategory.ElementMethods	class	258	25			unreviewed
preamble/categories/abstract_categories/cat.sage	Cat._HomCategory.ParentMethods._IsoCategory.ElementMethods	class	283	25			unreviewed
preamble/categories/abstract_categories/cat.sage	Cat._HomCategory.ElementMethods	class	290	25			unreviewed
preamble/categories/abstract_categories/cat.sage	Cat._IsoCategory.ElementMethods	class	320	25			unreviewed
preamble/categories/abstract_categories/cat.sage	Cat.ParentMethods	class	333	89			unreviewed
preamble/categories/abstract_categories/cat.sage	Cat.ParentMethods.ObjectType	method	343	1	src/dzack_research/preamble/categories/abstract_categories/cat.py		unreviewed
preamble/categories/abstract_categories/cat.sage	Cat.ParentMethods.ElementType	method	348	1	src/dzack_research/preamble/categories/abstract_categories/cat.py		unreviewed
preamble/categories/abstract_categories/cat.sage	Cat.ParentMethods.HomCategory	method	353	1	src/dzack_research/preamble/categories/abstract_categories/hom_foundation.py		unreviewed
preamble/categories/abstract_categories/cat.sage	Cat.ParentMethods.EndCategory	method	363	1	src/dzack_research/preamble/categories/abstract_categories/hom_foundation.py		unreviewed
preamble/categories/abstract_categories/cat.sage	Cat.ParentMethods.AutCategory	method	373	1	src/dzack_research/preamble/categories/abstract_categories/hom_foundation.py		unreviewed
preamble/categories/abstract_categories/cat.sage	Cat.ParentMethods.IsoCategory	method	383	1	src/dzack_research/preamble/categories/abstract_categories/hom_foundation.py		unreviewed
preamble/categories/abstract_categories/cat.sage	Cat.ParentMethods.MonoCategory	method	393	1	src/dzack_research/preamble/categories/abstract_categories/hom_foundation.py		unreviewed
preamble/categories/abstract_categories/cat.sage	Cat.ParentMethods.EpiCategory	method	403	1	src/dzack_research/preamble/categories/abstract_categories/hom_foundation.py		unreviewed
preamble/categories/abstract_categories/cat.sage	Cat.ParentMethods.HomCatType	method	413	0			unreviewed
preamble/categories/abstract_categories/cat.sage	Cat.ParentMethods.EndCatType	method	417	0			unreviewed
preamble/categories/abstract_categories/cat.sage	Cat.ParentMethods.AutCatType	method	421	0			unreviewed
preamble/categories/abstract_categories/cat.sage	Cat.ParentMethods.IsoCatType	method	425	0			unreviewed
preamble/categories/abstract_categories/cat.sage	Cat.ParentMethods.MonoCatType	method	429	0			unreviewed
preamble/categories/abstract_categories/cat.sage	Cat.ParentMethods.EpiCatType	method	433	0			unreviewed
preamble/categories/abstract_categories/cat.sage	Cat.ParentMethods.ArrowType	method	437	0			unreviewed
preamble/categories/abstract_categories/cat.sage	Cat.ParentMethods.EndArrowType	method	441	0			unreviewed
preamble/categories/abstract_categories/cat.sage	Cat.ParentMethods.AutArrowType	method	445	0			unreviewed
preamble/categories/abstract_categories/cat.sage	Cat.ParentMethods.IsoArrowType	method	449	0			unreviewed
preamble/categories/abstract_categories/cat.sage	Cat.ParentMethods.MonoArrowType	method	453	0			unreviewed
preamble/categories/abstract_categories/cat.sage	Cat.ParentMethods.EpiArrowType	method	457	0			unreviewed
preamble/categories/abstract_categories/cat.sage	Cat.ParentMethods.is_locally_discrete	method	460	0			unreviewed
preamble/categories/abstract_categories/cat.sage	Cat.ParentMethods.ArrowCategory	method	469	2			unreviewed
preamble/categories/abstract_categories/cat.sage	Cat.ParentMethods.DomainFunctor	method	475	1	src/dzack_research/preamble/categories/abstract_categories/functors.py		unreviewed
preamble/categories/abstract_categories/cat.sage	Cat.ParentMethods.CodomainFunctor	method	484	1	src/dzack_research/preamble/categories/abstract_categories/functors.py		unreviewed
preamble/categories/abstract_categories/cat.sage	Cat.ParentMethods.EndArrowCategory	method	493	1	src/dzack_research/preamble/categories/abstract_categories/arrow_categories.py		unreviewed
preamble/categories/abstract_categories/cat.sage	Cat.ParentMethods.IsomorphismArrowCategory	method	499	0			unreviewed
preamble/categories/abstract_categories/cat.sage	Cat.ParentMethods.AutArrowCategory	method	505	0			unreviewed
preamble/categories/abstract_categories/cat.sage	Cat.ParentMethods.MonomorphismArrowCategory	method	511	1	src/dzack_research/preamble/categories/abstract_categories/arrow_categories.py		unreviewed
preamble/categories/abstract_categories/cat.sage	Cat.ParentMethods.EpimorphismArrowCategory	method	517	1	src/dzack_research/preamble/categories/abstract_categories/arrow_categories.py		unreviewed
preamble/categories/abstract_categories/cat.sage	Cat.ParentMethods.core	method	523	1	src/dzack_research/preamble/categories/group/profinite/absolute_galois_group.py		unreviewed
preamble/categories/abstract_categories/cat.sage	Cat.ParentMethods.WideSubcategory	method	528	1	src/dzack_research/preamble/categories/abstract_categories/arrow_categories.py		unreviewed
preamble/categories/abstract_categories/cat.sage	Cat.ParentMethods.Diagram	method	532	0			unreviewed
preamble/categories/abstract_categories/cat.sage	Cat.ParentMethods.DiagonalFunctor	method	537	1	src/dzack_research/preamble/categories/abstract_categories/functors.py		unreviewed
preamble/categories/abstract_categories/cat.sage	Cat.ParentMethods.LimitFunctor	method	546	1	src/dzack_research/preamble/categories/abstract_categories/functors.py		unreviewed
preamble/categories/abstract_categories/cat.sage	Cat.ParentMethods.Limits	method	554	0			unreviewed
preamble/categories/abstract_categories/cat.sage	Cat.ParentMethods.ColimitFunctor	method	559	1	src/dzack_research/preamble/categories/abstract_categories/functors.py		unreviewed
preamble/categories/abstract_categories/cat.sage	Cat.ParentMethods.Colimits	method	567	0			unreviewed
preamble/categories/abstract_categories/cat.sage	Cat.ParentMethods.ProductFunctor	method	572	1	src/dzack_research/preamble/categories/abstract_categories/functors.py		unreviewed
preamble/categories/abstract_categories/cat.sage	Cat.ParentMethods.Products	method	580	0			unreviewed
preamble/categories/abstract_categories/cat.sage	Cat.ParentMethods.CoproductFunctor	method	585	1	src/dzack_research/preamble/categories/abstract_categories/functors.py		unreviewed
preamble/categories/abstract_categories/cat.sage	Cat.ParentMethods.Coproducts	method	593	0			unreviewed
preamble/categories/abstract_categories/cat.sage	Cat.ParentMethods.FunctorCategory	method	597	1	src/dzack_research/preamble/categories/abstract_categories/cat.py		unreviewed
preamble/categories/abstract_categories/cat.sage	Cat.ParentMethods.OppositeCategory	method	602	1	src/dzack_research/preamble/categories/abstract_categories/category_constructions.py		unreviewed
preamble/categories/abstract_categories/cat.sage	Cat.ParentMethods.ProductCategory	method	611	1	src/dzack_research/preamble/categories/abstract_categories/category_constructions.py		unreviewed
preamble/categories/abstract_categories/cat.sage	Cat.ParentMethods.ImageOf	method	620	0			unreviewed
preamble/categories/abstract_categories/cat.sage	Cat.ParentMethods.Hom	method	627	0			unreviewed
preamble/categories/abstract_categories/cat.sage	Cat.ParentMethods.End	method	637	4			unreviewed
preamble/categories/abstract_categories/cat.sage	Cat.ParentMethods.Aut	method	643	6			unreviewed
preamble/categories/abstract_categories/cat.sage	Cat.ParentMethods.Iso	method	649	1	src/dzack_research/preamble/categories/abstract_categories/hom_foundation.py		unreviewed
preamble/categories/abstract_categories/cat.sage	Cat.ParentMethods.Mono	method	659	1	src/dzack_research/preamble/categories/abstract_categories/hom_foundation.py		unreviewed
preamble/categories/abstract_categories/cat.sage	Cat.ParentMethods.Epi	method	669	1	src/dzack_research/preamble/categories/abstract_categories/hom_foundation.py		unreviewed
preamble/categories/abstract_categories/cat.sage	Cat.ParentMethods.identity	method	678	35			unreviewed
preamble/categories/abstract_categories/cat.sage	Cat.ParentMethods.compose	method	685	8			unreviewed
preamble/categories/abstract_categories/cat.sage	Cat.ParentMethods.Product	method	701	1	src/dzack_research/preamble/categories/abstract_categories/constructions.py		unreviewed
preamble/categories/abstract_categories/cat.sage	Cat.ParentMethods.Coproduct	method	706	1	src/dzack_research/preamble/categories/abstract_categories/constructions.py		unreviewed
preamble/categories/abstract_categories/cat.sage	Cat.ParentMethods.SliceOver	method	711	2			unreviewed
preamble/categories/abstract_categories/cat.sage	Cat.ParentMethods.CosliceUnder	method	716	2			unreviewed
preamble/categories/abstract_categories/cat.sage	Cat.ParentMethods.Subobjects	method	721	1	src/dzack_research/preamble/categories/abstract_categories/constructions.py		unreviewed
preamble/categories/abstract_categories/cat.sage	Cat.ParentMethods.Superobjects	method	726	0			unreviewed
preamble/categories/abstract_categories/cat.sage	Cat.ParentMethods.CoveringObjects	method	731	0			unreviewed
preamble/categories/abstract_categories/cat.sage	Cat.ParentMethods.CoveredObjects	method	736	0			unreviewed
preamble/categories/abstract_categories/category_constructions.sage	<module>	module	1	0			unreviewed
preamble/categories/abstract_categories/category_constructions.sage	OppositeCategory	class	52	1	src/dzack_research/preamble/categories/abstract_categories/category_constructions.py		unreviewed
preamble/categories/abstract_categories/category_constructions.sage	OppositeCategory.ObjectType	method	56	1	src/dzack_research/preamble/categories/abstract_categories/cat.py		unreviewed
preamble/categories/abstract_categories/category_constructions.sage	OppositeCategory.ElementType	method	60	1	src/dzack_research/preamble/categories/abstract_categories/cat.py		unreviewed
preamble/categories/abstract_categories/category_constructions.sage	OppositeCategory.super_categories	method	63	99			unreviewed
preamble/categories/abstract_categories/category_constructions.sage	OppositeCategory.OppositeCategory	method	76	1	src/dzack_research/preamble/categories/abstract_categories/category_constructions.py		unreviewed
preamble/categories/abstract_categories/category_constructions.sage	OppositeCategory._HomCategory.ElementMethods	class	93	25			unreviewed
preamble/categories/abstract_categories/category_constructions.sage	OppositeCategory._HomCategory.ParentMethods	class	110	89			unreviewed
preamble/categories/abstract_categories/category_constructions.sage	ProductCategory	class	168	1	src/dzack_research/preamble/categories/abstract_categories/category_constructions.py		unreviewed
preamble/categories/abstract_categories/category_constructions.sage	ProductCategory.super_categories	method	171	99			unreviewed
preamble/categories/abstract_categories/category_constructions.sage	ProductCategory.pair	method	181	2			unreviewed
preamble/categories/abstract_categories/category_constructions.sage	ProductCategory.ParentMethods	class	200	89			unreviewed
preamble/categories/abstract_categories/category_constructions.sage	ProductCategory.ParentMethods.first	method	213	2			unreviewed
preamble/categories/abstract_categories/category_constructions.sage	ProductCategory.ParentMethods.second	method	216	2			unreviewed
preamble/categories/abstract_categories/category_constructions.sage	ProductCategory._HomCategory.ElementMethods	class	236	25			unreviewed
preamble/categories/abstract_categories/category_constructions.sage	ProductCategory._HomCategory.ParentMethods	class	262	89			unreviewed
preamble/categories/abstract_categories/direct_sum_objects.sage	<module>	module	1	0			unreviewed
preamble/categories/abstract_categories/direct_sum_objects.sage	DirectSumObjects	class	39	1	src/dzack_research/preamble/categories/abstract_categories/direct_sum_objects.py		unreviewed
preamble/categories/abstract_categories/direct_sum_objects.sage	DirectSumObjects.super_categories	method	46	99			unreviewed
preamble/categories/abstract_categories/direct_sum_objects.sage	DirectSumObjects.ParentMethods	class	49	89			unreviewed
preamble/categories/abstract_categories/direct_sum_objects.sage	DirectSumObjects.ParentMethods.summands	method	63	4			unreviewed
preamble/categories/abstract_categories/direct_sum_objects.sage	DirectSumObjects.ParentMethods.summand_index_set	method	67	1	src/dzack_research/preamble/categories/abstract_categories/direct_sum_objects.py		unreviewed
preamble/categories/abstract_categories/direct_sum_objects.sage	DirectSumObjects.ParentMethods.summand	method	70	2			unreviewed
preamble/categories/abstract_categories/direct_sum_objects.sage	DirectSumDecomposition	function	98	1	src/dzack_research/preamble/categories/abstract_categories/direct_sum_objects.py		unreviewed
preamble/categories/abstract_categories/functor_images.sage	<module>	module	1	0			unreviewed
preamble/categories/abstract_categories/functor_images.sage	FunctorImageCategories	class	62	0			unreviewed
preamble/categories/abstract_categories/functor_images.sage	FunctorImageCategories.super_categories	method	65	99			unreviewed
preamble/categories/abstract_categories/functor_images.sage	FunctorImageCategories.is_image_category	method	77	0			unreviewed
preamble/categories/abstract_categories/functor_images.sage	ImageOfFunctor	class	84	1	src/dzack_research/preamble/categories/abstract_categories/functor_images.py		unreviewed
preamble/categories/abstract_categories/functor_images.sage	ImageOfFunctor.super_categories	method	87	99			unreviewed
preamble/categories/abstract_categories/functor_images.sage	ImageOfFunctor._HomCategory.ParentMethods	class	100	89			unreviewed
preamble/categories/abstract_categories/functor_images.sage	ImageOfFunctor.ParentMethods	class	136	89			unreviewed
preamble/categories/abstract_categories/functor_images.sage	ImageOfFunctor.ParentMethods.preimage	method	148	3			unreviewed
preamble/categories/abstract_categories/functor_images.sage	ImageOfFunctor.ParentMethods.image_category	method	151	1	src/dzack_research/preamble/categories/abstract_categories/functor_images.py		unreviewed
preamble/categories/abstract_categories/functor_images.sage	ImageOfFunctor.ParentMethods.constructing_functor	method	158	1	src/dzack_research/preamble/categories/abstract_categories/functor_images.py		unreviewed
preamble/categories/abstract_categories/functors.sage	<module>	module	1	0			unreviewed
preamble/categories/abstract_categories/functors.sage	DiscreteCategories	class	54	1	src/dzack_research/preamble/categories/abstract_categories/functors.py		unreviewed
preamble/categories/abstract_categories/functors.sage	DiscreteCategories.super_categories	method	57	99			unreviewed
preamble/categories/abstract_categories/functors.sage	DiscreteCategories.ParentMethods	class	69	89			unreviewed
preamble/categories/abstract_categories/functors.sage	DiscreteCategories.ParentMethods.objects	method	73	2			unreviewed
preamble/categories/abstract_categories/functors.sage	DiscreteCategories.ParentMethods._HomCategory.ParentMethods	class	84	89			unreviewed
preamble/categories/abstract_categories/functors.sage	DiscreteCategories.ParentMethods._HomCategory.ElementMethods	class	118	25			unreviewed
preamble/categories/abstract_categories/functors.sage	DiscreteCategory	class	123	1	src/dzack_research/preamble/categories/abstract_categories/functors.py		unreviewed
preamble/categories/abstract_categories/functors.sage	DiscreteCategory.ObjectType	method	127	1	src/dzack_research/preamble/categories/abstract_categories/cat.py		unreviewed
preamble/categories/abstract_categories/functors.sage	DiscreteCategory.objects	method	130	2			unreviewed
preamble/categories/abstract_categories/functors.sage	DiscreteCategory.super_categories	method	133	99			unreviewed
preamble/categories/abstract_categories/functors.sage	Functor	class	148	1	src/dzack_research/preamble/categories/functors/core.py		unreviewed
preamble/categories/abstract_categories/functors.sage	Functor.Image	method	170	0			unreviewed
preamble/categories/abstract_categories/functors.sage	ImageInclusionFunctor	class	175	0			unreviewed
preamble/categories/abstract_categories/functors.sage	IdentityFunctor	class	194	1	src/dzack_research/preamble/categories/functors/core.py		unreviewed
preamble/categories/abstract_categories/functors.sage	IdentityFunctor.factors	method	216	3			unreviewed
preamble/categories/abstract_categories/functors.sage	DomainFunctor	class	223	1	src/dzack_research/preamble/categories/abstract_categories/functors.py		unreviewed
preamble/categories/abstract_categories/functors.sage	CodomainFunctor	class	245	1	src/dzack_research/preamble/categories/abstract_categories/functors.py		unreviewed
preamble/categories/abstract_categories/functors.sage	compose_functors	function	267	1	src/dzack_research/preamble/categories/abstract_categories/functors.py		unreviewed
preamble/categories/abstract_categories/functors.sage	ComposedFunctor	class	284	0			unreviewed
preamble/categories/abstract_categories/functors.sage	ComposedFunctor.factors	method	305	3			unreviewed
preamble/categories/abstract_categories/functors.sage	ComposedFunctor.is_faithful	method	308	1	src/dzack_research/preamble/categories/functors/core.py		unreviewed
preamble/categories/abstract_categories/functors.sage	DiscreteDiagram	class	330	1	src/dzack_research/preamble/categories/abstract_categories/functors.py		unreviewed
preamble/categories/abstract_categories/functors.sage	DiscreteDiagram.diagram_objects	method	343	1	src/dzack_research/preamble/categories/abstract_categories/functors.py		unreviewed
preamble/categories/abstract_categories/functors.sage	ConstantDiagram	class	356	1	src/dzack_research/preamble/categories/abstract_categories/functors.py		unreviewed
preamble/categories/abstract_categories/functors.sage	ConstantDiagram.constant_value	method	370	1	src/dzack_research/preamble/categories/abstract_categories/functors.py		unreviewed
preamble/categories/abstract_categories/functors.sage	DiagonalFunctor	class	383	1	src/dzack_research/preamble/categories/abstract_categories/functors.py		unreviewed
preamble/categories/abstract_categories/functors.sage	LimitFunctor	class	406	1	src/dzack_research/preamble/categories/abstract_categories/functors.py		unreviewed
preamble/categories/abstract_categories/functors.sage	LimitFunctor.index_category	method	414	1	src/dzack_research/preamble/categories/abstract_categories/products.py		unreviewed
preamble/categories/abstract_categories/functors.sage	ColimitFunctor	class	453	1	src/dzack_research/preamble/categories/abstract_categories/functors.py		unreviewed
preamble/categories/abstract_categories/functors.sage	ColimitFunctor.index_category	method	461	1	src/dzack_research/preamble/categories/abstract_categories/products.py		unreviewed
preamble/categories/abstract_categories/functors.sage	ProductFunctor	class	500	1	src/dzack_research/preamble/categories/abstract_categories/functors.py		unreviewed
preamble/categories/abstract_categories/functors.sage	CoproductFunctor	class	519	1	src/dzack_research/preamble/categories/abstract_categories/functors.py		unreviewed
preamble/categories/abstract_categories/functors.sage	NaturalTransformations	function	538	1	src/dzack_research/preamble/categories/abstract_categories/functors.py		unreviewed
preamble/categories/abstract_categories/functors.sage	NaturalTransformation	function	546	1	src/dzack_research/preamble/categories/functors/core.py		unreviewed
preamble/categories/abstract_categories/functors.sage	NaturalIsomorphism	function	555	2			unreviewed
preamble/categories/abstract_categories/hom_categories.sage	<module>	module	1	0			unreviewed
preamble/categories/abstract_categories/hom_categories.sage	HomCategoryOf	class	56	1	src/dzack_research/preamble/categories/abstract_categories/hom_categories.py		unreviewed
preamble/categories/abstract_categories/hom_categories.sage	HomCategoryOf.inherited_hom_category_families	method	62	0			unreviewed
preamble/categories/abstract_categories/hom_categories.sage	HomCategoryOf.super_categories	method	69	99			unreviewed
preamble/categories/abstract_categories/hom_categories.sage	HomCategoryOf.Of	method	81	6			unreviewed
preamble/categories/abstract_categories/hom_categories.sage	HomCategoryOf.Between	method	95	1	src/dzack_research/preamble/categories/abstract_categories/hom_categories.py		unreviewed
preamble/categories/abstract_categories/hom_categories.sage	HomCategoryOf.ParentMethods	class	102	89			unreviewed
preamble/categories/abstract_categories/hom_categories.sage	HomCategoryOf.ParentMethods.domain	method	116	8			unreviewed
preamble/categories/abstract_categories/hom_categories.sage	HomCategoryOf.ParentMethods.codomain	method	119	10			unreviewed
preamble/categories/abstract_categories/hom_categories.sage	HomCategoryOf.ParentMethods.hom_category	method	122	1	src/dzack_research/preamble/categories/abstract_categories/hom_categories.py		unreviewed
preamble/categories/abstract_categories/hom_categories.sage	HomCategoryOf.ParentMethods.base_category	method	127	3			unreviewed
preamble/categories/abstract_categories/hom_categories.sage	HomCategoryOf.ParentMethods.super_categories	method	130	99			unreviewed
preamble/categories/abstract_categories/hom_categories.sage	HomCategoryOf.ElementMethods	class	155	25			unreviewed
preamble/categories/abstract_categories/hom_categories.sage	HomCategoryOf.ElementMethods.hom_category	method	161	1	src/dzack_research/preamble/categories/abstract_categories/hom_categories.py		unreviewed
preamble/categories/abstract_categories/hom_categories.sage	HomCategoryOf.ElementMethods.base_category	method	164	3			unreviewed
preamble/categories/abstract_categories/hom_categories.sage	HomCategoryOf.ElementMethods.domain	method	167	8			unreviewed
preamble/categories/abstract_categories/hom_categories.sage	HomCategoryOf.ElementMethods.codomain	method	170	10			unreviewed
preamble/categories/abstract_categories/hom_categories.sage	HomCategoryOf.ElementMethods.source	method	173	10			unreviewed
preamble/categories/abstract_categories/hom_categories.sage	HomCategoryOf.ElementMethods.target	method	176	8			unreviewed
preamble/categories/abstract_categories/hom_categories.sage	HomCategoryOf.ElementMethods.is_endomorphism	method	185	0			unreviewed
preamble/categories/abstract_categories/hom_categories.sage	HomCategoryOf.ElementMethods.is_isomorphism	method	188	0			unreviewed
preamble/categories/abstract_categories/hom_categories.sage	HomCategoryOf.ElementMethods.is_automorphism	method	191	0			unreviewed
preamble/categories/abstract_categories/hom_categories.sage	HomCategoryOf.ElementMethods.is_monomorphism	method	194	0			unreviewed
preamble/categories/abstract_categories/hom_categories.sage	HomCategoryOf.ElementMethods.is_epimorphism	method	197	0			unreviewed
preamble/categories/abstract_categories/hom_categories.sage	HomCategoryConstruction	class	201	2			unreviewed
preamble/categories/abstract_categories/hom_categories.sage	HomCategoryConstruction.extra_super_categories	method	204	2			unreviewed
preamble/categories/abstract_categories/hom_categories.sage	HomCategoryConstruction.inherited_hom_category_families	method	207	0			unreviewed
preamble/categories/abstract_categories/hom_categories.sage	HomCategoryConstruction.super_categories	method	210	99			unreviewed
preamble/categories/abstract_categories/hom_categories.sage	EndCategoryOf	class	220	1	src/dzack_research/preamble/categories/abstract_categories/hom_categories.py		unreviewed
preamble/categories/abstract_categories/hom_categories.sage	EndCategoryOf.super_categories	method	226	99			unreviewed
preamble/categories/abstract_categories/hom_categories.sage	EndCategoryOf.inherited_hom_category_families	method	229	0			unreviewed
preamble/categories/abstract_categories/hom_categories.sage	EndCategoryOf.Of	method	241	6			unreviewed
preamble/categories/abstract_categories/hom_categories.sage	EndCategoryOf.Between	method	250	1	src/dzack_research/preamble/categories/abstract_categories/hom_categories.py		unreviewed
preamble/categories/abstract_categories/hom_categories.sage	EndCategoryOf.ElementMethods	class	258	25			unreviewed
preamble/categories/abstract_categories/hom_categories.sage	EndCategoryOf.ElementMethods.is_endomorphism	method	259	0			unreviewed
preamble/categories/abstract_categories/hom_categories.sage	MonoCategoryOf	class	263	1	src/dzack_research/preamble/categories/abstract_categories/hom_categories.py		unreviewed
preamble/categories/abstract_categories/hom_categories.sage	MonoCategoryOf.inherited_hom_category_families	method	269	0			unreviewed
preamble/categories/abstract_categories/hom_categories.sage	MonoCategoryOf.super_categories	method	278	99			unreviewed
preamble/categories/abstract_categories/hom_categories.sage	MonoCategoryOf.Of	method	284	6			unreviewed
preamble/categories/abstract_categories/hom_categories.sage	MonoCategoryOf.Between	method	296	1	src/dzack_research/preamble/categories/abstract_categories/hom_categories.py		unreviewed
preamble/categories/abstract_categories/hom_categories.sage	MonoCategoryOf.ParentMethods	class	303	89			unreviewed
preamble/categories/abstract_categories/hom_categories.sage	MonoCategoryOf.ParentMethods.identity	method	317	35			unreviewed
preamble/categories/abstract_categories/hom_categories.sage	MonoCategoryOf.ParentMethods.compose	method	323	8			unreviewed
preamble/categories/abstract_categories/hom_categories.sage	MonoCategoryOf.ElementMethods	class	336	25			unreviewed
preamble/categories/abstract_categories/hom_categories.sage	MonoCategoryOf.ElementMethods.underlying_arrow	method	345	4			unreviewed
preamble/categories/abstract_categories/hom_categories.sage	MonoCategoryOf.ElementMethods.is_monomorphism	method	348	0			unreviewed
preamble/categories/abstract_categories/hom_categories.sage	EpiCategoryOf	class	352	1	src/dzack_research/preamble/categories/abstract_categories/hom_categories.py		unreviewed
preamble/categories/abstract_categories/hom_categories.sage	EpiCategoryOf.inherited_hom_category_families	method	358	0			unreviewed
preamble/categories/abstract_categories/hom_categories.sage	EpiCategoryOf.super_categories	method	367	99			unreviewed
preamble/categories/abstract_categories/hom_categories.sage	EpiCategoryOf.Of	method	373	6			unreviewed
preamble/categories/abstract_categories/hom_categories.sage	EpiCategoryOf.Between	method	385	1	src/dzack_research/preamble/categories/abstract_categories/hom_categories.py		unreviewed
preamble/categories/abstract_categories/hom_categories.sage	EpiCategoryOf.ParentMethods	class	392	89			unreviewed
preamble/categories/abstract_categories/hom_categories.sage	EpiCategoryOf.ParentMethods.identity	method	406	35			unreviewed
preamble/categories/abstract_categories/hom_categories.sage	EpiCategoryOf.ParentMethods.compose	method	412	8			unreviewed
preamble/categories/abstract_categories/hom_categories.sage	EpiCategoryOf.ElementMethods	class	425	25			unreviewed
preamble/categories/abstract_categories/hom_categories.sage	EpiCategoryOf.ElementMethods.underlying_arrow	method	434	4			unreviewed
preamble/categories/abstract_categories/hom_categories.sage	EpiCategoryOf.ElementMethods.is_epimorphism	method	437	0			unreviewed
preamble/categories/abstract_categories/hom_categories.sage	IsoCategoryOf	class	441	1	src/dzack_research/preamble/categories/abstract_categories/hom_categories.py		unreviewed
preamble/categories/abstract_categories/hom_categories.sage	IsoCategoryOf.super_categories	method	447	99			unreviewed
preamble/categories/abstract_categories/hom_categories.sage	IsoCategoryOf.inherited_hom_category_families	method	450	0			unreviewed
preamble/categories/abstract_categories/hom_categories.sage	IsoCategoryOf.Of	method	464	6			unreviewed
preamble/categories/abstract_categories/hom_categories.sage	IsoCategoryOf.Between	method	478	1	src/dzack_research/preamble/categories/abstract_categories/hom_categories.py		unreviewed
preamble/categories/abstract_categories/hom_categories.sage	IsoCategoryOf.ParentMethods	class	485	89			unreviewed
preamble/categories/abstract_categories/hom_categories.sage	IsoCategoryOf.ParentMethods.identity	method	500	35			unreviewed
preamble/categories/abstract_categories/hom_categories.sage	IsoCategoryOf.ParentMethods.compose	method	509	8			unreviewed
preamble/categories/abstract_categories/hom_categories.sage	IsoCategoryOf.ElementMethods	class	524	25			unreviewed
preamble/categories/abstract_categories/hom_categories.sage	IsoCategoryOf.ElementMethods.forward	method	535	4			unreviewed
preamble/categories/abstract_categories/hom_categories.sage	IsoCategoryOf.ElementMethods.inverse	method	538	16			unreviewed
preamble/categories/abstract_categories/hom_categories.sage	IsoCategoryOf.ElementMethods.is_endomorphism	method	545	0			unreviewed
preamble/categories/abstract_categories/hom_categories.sage	IsoCategoryOf.ElementMethods.is_isomorphism	method	548	0			unreviewed
preamble/categories/abstract_categories/hom_categories.sage	IsoCategoryOf.ElementMethods.is_automorphism	method	551	0			unreviewed
preamble/categories/abstract_categories/hom_categories.sage	IsoCategoryOf.ElementMethods.is_monomorphism	method	554	0			unreviewed
preamble/categories/abstract_categories/hom_categories.sage	IsoCategoryOf.ElementMethods.is_epimorphism	method	557	0			unreviewed
preamble/categories/abstract_categories/hom_categories.sage	AutCategoryOf	class	561	1	src/dzack_research/preamble/categories/abstract_categories/hom_categories.py		unreviewed
preamble/categories/abstract_categories/hom_categories.sage	AutCategoryOf.super_categories	method	567	99			unreviewed
preamble/categories/abstract_categories/hom_categories.sage	AutCategoryOf.inherited_hom_category_families	method	570	0			unreviewed
preamble/categories/abstract_categories/hom_categories.sage	AutCategoryOf.Of	method	583	6			unreviewed
preamble/categories/abstract_categories/hom_categories.sage	AutCategoryOf.Between	method	592	1	src/dzack_research/preamble/categories/abstract_categories/hom_categories.py		unreviewed
preamble/categories/abstract_categories/hom_categories.sage	AutCategoryOf.ParentMethods	class	600	89			unreviewed
preamble/categories/abstract_categories/hom_categories.sage	AutCategoryOf.ParentMethods.identity	method	601	35			unreviewed
preamble/categories/abstract_categories/hom_categories.sage	AutCategoryOf.ParentMethods.compose	method	607	8			unreviewed
preamble/categories/abstract_categories/hom_categories.sage	AutCategoryOf.ElementMethods	class	614	25			unreviewed
preamble/categories/abstract_categories/hom_categories.sage	AutCategoryOf.ElementMethods.is_endomorphism	method	615	0			unreviewed
preamble/categories/abstract_categories/hom_categories.sage	AutCategoryOf.ElementMethods.is_isomorphism	method	618	0			unreviewed
preamble/categories/abstract_categories/hom_categories.sage	AutCategoryOf.ElementMethods.is_automorphism	method	621	0			unreviewed
preamble/categories/abstract_categories/hom_categories.sage	EndCategoryConstruction	class	625	1	src/dzack_research/preamble/categories/abstract_categories/hom_categories.py		unreviewed
preamble/categories/abstract_categories/hom_categories.sage	EndCategoryConstruction.extra_super_categories	method	628	2			unreviewed
preamble/categories/abstract_categories/hom_categories.sage	EndCategoryConstruction.inherited_hom_category_families	method	631	0			unreviewed
preamble/categories/abstract_categories/hom_categories.sage	EndCategoryConstruction.super_categories	method	637	99			unreviewed
preamble/categories/abstract_categories/hom_categories.sage	MonoCategoryConstruction	class	641	1	src/dzack_research/preamble/categories/abstract_categories/hom_categories.py		unreviewed
preamble/categories/abstract_categories/hom_categories.sage	MonoCategoryConstruction.extra_super_categories	method	644	2			unreviewed
preamble/categories/abstract_categories/hom_categories.sage	MonoCategoryConstruction.inherited_hom_category_families	method	647	0			unreviewed
preamble/categories/abstract_categories/hom_categories.sage	MonoCategoryConstruction.super_categories	method	653	99			unreviewed
preamble/categories/abstract_categories/hom_categories.sage	EpiCategoryConstruction	class	657	1	src/dzack_research/preamble/categories/abstract_categories/hom_categories.py		unreviewed
preamble/categories/abstract_categories/hom_categories.sage	EpiCategoryConstruction.extra_super_categories	method	660	2			unreviewed
preamble/categories/abstract_categories/hom_categories.sage	EpiCategoryConstruction.inherited_hom_category_families	method	663	0			unreviewed
preamble/categories/abstract_categories/hom_categories.sage	EpiCategoryConstruction.super_categories	method	669	99			unreviewed
preamble/categories/abstract_categories/hom_categories.sage	IsoCategoryConstruction	class	673	1	src/dzack_research/preamble/categories/abstract_categories/hom_categories.py		unreviewed
preamble/categories/abstract_categories/hom_categories.sage	IsoCategoryConstruction.extra_super_categories	method	676	2			unreviewed
preamble/categories/abstract_categories/hom_categories.sage	IsoCategoryConstruction.inherited_hom_category_families	method	679	0			unreviewed
preamble/categories/abstract_categories/hom_categories.sage	IsoCategoryConstruction.super_categories	method	685	99			unreviewed
preamble/categories/abstract_categories/hom_categories.sage	AutCategoryConstruction	class	689	1	src/dzack_research/preamble/categories/abstract_categories/hom_categories.py		unreviewed
preamble/categories/abstract_categories/hom_categories.sage	AutCategoryConstruction.extra_super_categories	method	692	2			unreviewed
preamble/categories/abstract_categories/hom_categories.sage	AutCategoryConstruction.inherited_hom_category_families	method	695	0			unreviewed
preamble/categories/abstract_categories/hom_categories.sage	AutCategoryConstruction.super_categories	method	701	99			unreviewed
preamble/categories/abstract_categories/products.sage	<module>	module	1	0			unreviewed
preamble/categories/abstract_categories/products.sage	ConeParent	class	58	0			unreviewed
preamble/categories/abstract_categories/products.sage	ConeParent.category	method	59	2			unreviewed
preamble/categories/abstract_categories/products.sage	CoconeParent	class	61	0			unreviewed
preamble/categories/abstract_categories/products.sage	CoconeParent.category	method	62	2			unreviewed
preamble/categories/abstract_categories/products.sage	ModuleParent	class	64	0			unreviewed
preamble/categories/abstract_categories/products.sage	ModuleParent.module_generating_set	method	67	11			unreviewed
preamble/categories/abstract_categories/products.sage	ModuleParent.module_generator	method	68	11			unreviewed
preamble/categories/abstract_categories/products.sage	TensorProductParent	class	70	0			unreviewed
preamble/categories/abstract_categories/products.sage	TensorProductParent.category	method	74	2			unreviewed
preamble/categories/abstract_categories/products.sage	TensorProductParent.costructure_morphism	method	75	1	src/dzack_research/preamble/categories/abstract_categories/products.py		unreviewed
preamble/categories/abstract_categories/products.sage	TensorProductParent.tensor_factors	method	76	3			unreviewed
preamble/categories/abstract_categories/products.sage	TensorProductParent.module_generating_set	method	77	11			unreviewed
preamble/categories/abstract_categories/products.sage	TensorProductParent.hom	method	78	0			unreviewed
preamble/categories/abstract_categories/products.sage	_DiagramParameters.graph	class	90	2			unreviewed
preamble/categories/abstract_categories/products.sage	LimitsOfCategory	class	134	1	src/dzack_research/preamble/categories/abstract_categories/products.py		unreviewed
preamble/categories/abstract_categories/products.sage	LimitsOfCategory.super_categories	method	137	99			unreviewed
preamble/categories/abstract_categories/products.sage	LimitsOfCategory.ParentMethods	class	143	89			unreviewed
preamble/categories/abstract_categories/products.sage	LimitsOfCategory.ParentMethods.diagram	method	144	1	src/dzack_research/preamble/categories/abstract_categories/products.py		unreviewed
preamble/categories/abstract_categories/products.sage	LimitsOfCategory.ParentMethods.limit_cone	method	148	0			unreviewed
preamble/categories/abstract_categories/products.sage	LimitsOfCategory.ParentMethods.universal_morphism	method	152	0			unreviewed
preamble/categories/abstract_categories/products.sage	ColimitsOfCategory	class	156	1	src/dzack_research/preamble/categories/abstract_categories/products.py		unreviewed
preamble/categories/abstract_categories/products.sage	ColimitsOfCategory.super_categories	method	159	99			unreviewed
preamble/categories/abstract_categories/products.sage	ColimitsOfCategory.ParentMethods	class	165	89			unreviewed
preamble/categories/abstract_categories/products.sage	ColimitsOfCategory.ParentMethods.diagram	method	166	1	src/dzack_research/preamble/categories/abstract_categories/products.py		unreviewed
preamble/categories/abstract_categories/products.sage	ColimitsOfCategory.ParentMethods.colimit_cocone	method	170	0			unreviewed
preamble/categories/abstract_categories/products.sage	ColimitsOfCategory.ParentMethods.universal_morphism	method	174	0			unreviewed
preamble/categories/abstract_categories/products.sage	ProductsOfCategory	class	178	1	src/dzack_research/preamble/categories/abstract_categories/products.py		unreviewed
preamble/categories/abstract_categories/products.sage	ProductsOfCategory.super_categories	method	181	99			unreviewed
preamble/categories/abstract_categories/products.sage	ProductsOfCategory.ParentMethods	class	187	89			unreviewed
preamble/categories/abstract_categories/products.sage	ProductsOfCategory.ParentMethods.index_category	method	188	1	src/dzack_research/preamble/categories/abstract_categories/products.py		unreviewed
preamble/categories/abstract_categories/products.sage	ProductsOfCategory.ParentMethods.factors	method	191	3			unreviewed
preamble/categories/abstract_categories/products.sage	ProductsOfCategory.ParentMethods.projection	method	195	6			unreviewed
preamble/categories/abstract_categories/products.sage	ProductsOfCategory.ParentMethods.product_cone	method	199	0			unreviewed
preamble/categories/abstract_categories/products.sage	ProductsOfCategory.ParentMethods.limit_cone	method	215	0			unreviewed
preamble/categories/abstract_categories/products.sage	CoproductsOfCategory	class	219	1	src/dzack_research/preamble/categories/abstract_categories/products.py		unreviewed
preamble/categories/abstract_categories/products.sage	CoproductsOfCategory.super_categories	method	222	99			unreviewed
preamble/categories/abstract_categories/products.sage	CoproductsOfCategory.ParentMethods	class	228	89			unreviewed
preamble/categories/abstract_categories/products.sage	CoproductsOfCategory.ParentMethods.index_category	method	229	1	src/dzack_research/preamble/categories/abstract_categories/products.py		unreviewed
preamble/categories/abstract_categories/products.sage	CoproductsOfCategory.ParentMethods.cofactors	method	232	0			unreviewed
preamble/categories/abstract_categories/products.sage	CoproductsOfCategory.ParentMethods.injection	method	236	2			unreviewed
preamble/categories/abstract_categories/products.sage	CoproductsOfCategory.ParentMethods.coproduct_cocone	method	240	0			unreviewed
preamble/categories/abstract_categories/products.sage	CoproductsOfCategory.ParentMethods.colimit_cocone	method	256	0			unreviewed
preamble/categories/abstract_categories/products.sage	DiagramCategory	class	260	1	src/dzack_research/preamble/categories/abstract_categories/products.py		unreviewed
preamble/categories/abstract_categories/products.sage	DiagramCategory.super_categories	method	290	99			unreviewed
preamble/categories/abstract_categories/products.sage	DirectedSystem	class	294	1	src/dzack_research/preamble/categories/abstract_categories/products.py		unreviewed
preamble/categories/abstract_categories/products.sage	DirectedSystem.super_categories	method	326	99			unreviewed
preamble/categories/abstract_categories/products.sage	InverseSystem	class	330	1	src/dzack_research/preamble/categories/abstract_categories/products.py		unreviewed
preamble/categories/abstract_categories/products.sage	InverseSystem.super_categories	method	362	99			unreviewed
preamble/categories/abstract_categories/products.sage	ConeCategory	class	366	1	src/dzack_research/preamble/categories/abstract_categories/products.py		unreviewed
preamble/categories/abstract_categories/products.sage	ConeCategory.super_categories	method	372	99			unreviewed
preamble/categories/abstract_categories/products.sage	ConeCategory.ParentMethods	class	377	89			unreviewed
preamble/categories/abstract_categories/products.sage	ConeCategory.ParentMethods.apex	method	393	1	src/dzack_research/preamble/categories/abstract_categories/products.py		unreviewed
preamble/categories/abstract_categories/products.sage	ConeCategory.ParentMethods.structure_morphisms	method	396	1	src/dzack_research/preamble/categories/abstract_categories/products.py		unreviewed
preamble/categories/abstract_categories/products.sage	ConeCategory.ParentMethods.structure_morphism	method	400	2			unreviewed
preamble/categories/abstract_categories/products.sage	ConeCategory.ParentMethods.factors	method	404	3			unreviewed
preamble/categories/abstract_categories/products.sage	ConeCategory.ParentMethods.factor	method	411	5			unreviewed
preamble/categories/abstract_categories/products.sage	CoconeCategory	class	416	1	src/dzack_research/preamble/categories/abstract_categories/products.py		unreviewed
preamble/categories/abstract_categories/products.sage	CoconeCategory.super_categories	method	422	99			unreviewed
preamble/categories/abstract_categories/products.sage	CoconeCategory.ParentMethods	class	427	89			unreviewed
preamble/categories/abstract_categories/products.sage	CoconeCategory.ParentMethods.apex	method	443	1	src/dzack_research/preamble/categories/abstract_categories/products.py		unreviewed
preamble/categories/abstract_categories/products.sage	CoconeCategory.ParentMethods.costructure_morphisms	method	446	1	src/dzack_research/preamble/categories/abstract_categories/products.py		unreviewed
preamble/categories/abstract_categories/products.sage	CoconeCategory.ParentMethods.costructure_morphism	method	450	1	src/dzack_research/preamble/categories/abstract_categories/products.py		unreviewed
preamble/categories/abstract_categories/products.sage	CoconeCategory.ParentMethods.cofactors	method	454	0			unreviewed
preamble/categories/abstract_categories/products.sage	CoconeCategory.ParentMethods.cofactor	method	461	1	src/dzack_research/preamble/categories/sets/set_categories.py		unreviewed
preamble/categories/abstract_categories/products.sage	ProductConeCategory	class	466	1	src/dzack_research/preamble/categories/abstract_categories/products.py		unreviewed
preamble/categories/abstract_categories/products.sage	ProductConeCategory.super_categories	method	497	99			unreviewed
preamble/categories/abstract_categories/products.sage	CoproductCoconeCategory	class	501	1	src/dzack_research/preamble/categories/abstract_categories/products.py		unreviewed
preamble/categories/abstract_categories/products.sage	CoproductCoconeCategory.super_categories	method	532	99			unreviewed
preamble/categories/abstract_categories/products.sage	BiproductCategory	class	536	1	src/dzack_research/preamble/categories/abstract_categories/products.py		unreviewed
preamble/categories/abstract_categories/products.sage	BiproductCategory.super_categories	method	572	99			unreviewed
preamble/categories/abstract_categories/products.sage	ambient_category_of	function	583	0			unreviewed
preamble/categories/abstract_categories/products.sage	Cone	function	599	1	src/dzack_research/preamble/categories/abstract_categories/products.py		unreviewed
preamble/categories/abstract_categories/products.sage	Cocone	function	619	1	src/dzack_research/preamble/categories/abstract_categories/products.py		unreviewed
preamble/categories/abstract_categories/products.sage	Product	function	639	1	src/dzack_research/preamble/categories/abstract_categories/constructions.py		unreviewed
preamble/categories/abstract_categories/products.sage	Coproduct	function	658	1	src/dzack_research/preamble/categories/abstract_categories/constructions.py		unreviewed
preamble/categories/abstract_categories/products.sage	Biproduct	function	677	1	src/dzack_research/preamble/categories/abstract_categories/constructions.py		unreviewed
preamble/categories/abstract_categories/products.sage	TensorProductCategory	class	723	1	src/dzack_research/preamble/categories/abstract_categories/products.py		unreviewed
preamble/categories/abstract_categories/products.sage	TensorProductCategory.super_categories	method	778	99			unreviewed
preamble/categories/abstract_categories/products.sage	TensorProductCategory.ParentMethods	class	791	89			unreviewed
preamble/categories/abstract_categories/products.sage	TensorProductCategory.ParentMethods.tensor_factors	method	792	3			unreviewed
preamble/categories/abstract_categories/products.sage	TensorProductCategory.ParentMethods.tensor_factor	method	799	2			unreviewed
preamble/categories/abstract_categories/products.sage	TensorProductCategory.ParentMethods.cartesian_source	method	803	0			unreviewed
preamble/categories/abstract_categories/products.sage	TensorProductCategory.ParentMethods.universal_bilinear_map	method	807	1	src/dzack_research/preamble/categories/modules/pure/modules.py		unreviewed
preamble/categories/abstract_categories/products.sage	TensorProductCategory.ParentMethods.pure_tensor	method	812	2			unreviewed
preamble/categories/abstract_categories/products.sage	TensorProductCategory.ParentMethods.from_bilinear	method	830	1	src/dzack_research/preamble/categories/modules/pure/modules.py		unreviewed
preamble/categories/abstract_categories/slice_categories.sage	<module>	module	1	0			unreviewed
preamble/categories/abstract_categories/slice_categories.sage	_OverAnObject.graph	class	37	2			unreviewed
preamble/categories/abstract_categories/slice_categories.sage	SliceOverCategory	class	83	0			unreviewed
preamble/categories/abstract_categories/slice_categories.sage	SliceOverCategory.ObjectType	method	87	1	src/dzack_research/preamble/categories/abstract_categories/cat.py		unreviewed
preamble/categories/abstract_categories/slice_categories.sage	SliceOverCategory.super_categories	method	93	99			unreviewed
preamble/categories/abstract_categories/slice_categories.sage	SliceOverCategory._HomCategory.ParentMethods	class	107	89			unreviewed
preamble/categories/abstract_categories/slice_categories.sage	CosliceUnderCategory	class	138	0			unreviewed
preamble/categories/abstract_categories/slice_categories.sage	CosliceUnderCategory.ObjectType	method	142	1	src/dzack_research/preamble/categories/abstract_categories/cat.py		unreviewed
preamble/categories/abstract_categories/slice_categories.sage	CosliceUnderCategory.super_categories	method	148	99			unreviewed
preamble/categories/abstract_categories/slice_categories.sage	CosliceUnderCategory._HomCategory.ParentMethods	class	162	89			unreviewed
preamble/categories/abstract_categories/slice_categories.sage	SubobjectCategory	class	193	2			unreviewed
preamble/categories/abstract_categories/slice_categories.sage	SubobjectCategory.ObjectType	method	197	1	src/dzack_research/preamble/categories/abstract_categories/cat.py		unreviewed
preamble/categories/abstract_categories/slice_categories.sage	SubobjectCategory.super_categories	method	203	99			unreviewed
preamble/categories/abstract_categories/slice_categories.sage	SuperobjectCategory	class	212	2			unreviewed
preamble/categories/abstract_categories/slice_categories.sage	SuperobjectCategory.ObjectType	method	216	1	src/dzack_research/preamble/categories/abstract_categories/cat.py		unreviewed
preamble/categories/abstract_categories/slice_categories.sage	SuperobjectCategory.super_categories	method	222	99			unreviewed
preamble/categories/abstract_categories/slice_categories.sage	CoveringObjectCategory	class	232	0			unreviewed
preamble/categories/abstract_categories/slice_categories.sage	CoveringObjectCategory.ObjectType	method	236	1	src/dzack_research/preamble/categories/abstract_categories/cat.py		unreviewed
preamble/categories/abstract_categories/slice_categories.sage	CoveringObjectCategory.super_categories	method	242	99			unreviewed
preamble/categories/abstract_categories/slice_categories.sage	CoveredObjectCategory	class	252	0			unreviewed
preamble/categories/abstract_categories/slice_categories.sage	CoveredObjectCategory.ObjectType	method	256	1	src/dzack_research/preamble/categories/abstract_categories/cat.py		unreviewed
preamble/categories/abstract_categories/slice_categories.sage	CoveredObjectCategory.super_categories	method	262	99			unreviewed
preamble/categories/abstract_categories/slice_categories.sage	Slice	function	272	0			unreviewed
preamble/categories/abstract_categories/slice_categories.sage	Coslice	function	300	0			unreviewed
preamble/categories/abstract_categories/slice_categories.sage	Superobject	function	328	0			unreviewed
preamble/categories/abstract_categories/slice_categories.sage	Subobject	function	335	0			unreviewed
preamble/categories/abstract_categories/slice_categories.sage	Covering	function	342	0			unreviewed
preamble/categories/abstract_categories/slice_categories.sage	Covered	function	349	0			unreviewed
preamble/categories/algebras/algebras.sage	<module>	module	1	0			unreviewed
preamble/categories/algebras/algebras.sage	AlgebraParent	class	41	0			unreviewed
preamble/categories/algebras/algebras.sage	AlgebraParent.base_ring	method	49	32			unreviewed
preamble/categories/algebras/algebras.sage	AlgebraParent.coerce_map_from	method	50	0			unreviewed
preamble/categories/algebras/algebras.sage	AlgebraParent.change_ring	method	56	1	src/dzack_research/preamble/tensors/tensor.py		unreviewed
preamble/categories/algebras/algebras.sage	FramedAlgebraParent	class	58	0			unreviewed
preamble/categories/algebras/algebras.sage	FramedAlgebraParent.algebra_generating_set	method	61	5			unreviewed
preamble/categories/algebras/algebras.sage	FramedAlgebraParent.algebra_generator	method	62	5			unreviewed
preamble/categories/algebras/algebras.sage	AlgebraCategory	class	64	0			unreviewed
preamble/categories/algebras/algebras.sage	AlgebraCategory.base_ring	method	67	32			unreviewed
preamble/categories/algebras/algebras.sage	Algebras	class	70	1	src/dzack_research/preamble/categories/algebras/algebras.py		unreviewed
preamble/categories/algebras/algebras.sage	Algebras.super_categories	method	90	99			unreviewed
preamble/categories/algebras/algebras.sage	Algebras.ParentMethods	class	105	89			unreviewed
preamble/categories/algebras/algebras.sage	Algebras.ParentMethods.base_change	method	131	9			unreviewed
preamble/categories/algebras/algebras.sage	Algebras.ParentMethods.is_algebra	method	153	1	src/dzack_research/preamble/categories/algebras/algebras.py		unreviewed
preamble/categories/algebras/algebras.sage	Algebras.SubcategoryMethods	class	157	7			unreviewed
preamble/categories/algebras/algebras.sage	Algebras.SubcategoryMethods.Free	method	158	0			unreviewed
preamble/categories/algebras/algebras.sage	Algebras.SubcategoryMethods.FinitelyPresented	method	167	0			unreviewed
preamble/categories/algebras/algebras.sage	FramedAlgebras	class	175	1	src/dzack_research/preamble/categories/algebras/algebras.py		unreviewed
preamble/categories/algebras/algebras.sage	FramedAlgebras.super_categories	method	182	99			unreviewed
preamble/categories/algebras/algebras.sage	FramedAlgebras.ParentMethods	class	189	89			unreviewed
preamble/categories/algebras/algebras.sage	FramedAlgebras.ParentMethods.product_on_algebra_generators	method	192	1	src/dzack_research/preamble/categories/algebras/algebras.py		unreviewed
preamble/categories/algebras/algebras.sage	FramedAlgebras._HomCategory.ParentMethods	class	208	89			unreviewed
preamble/categories/algebras/algebras.sage	FramedAlgebras._HomCategory.ElementMethods	class	224	25			unreviewed
preamble/categories/algebras/algebras.sage	OwnedAlgebras	class	239	1	src/dzack_research/preamble/categories/algebras/algebras.py		unreviewed
preamble/categories/algebras/algebras.sage	OwnedAlgebras.super_categories	method	256	99			unreviewed
preamble/categories/algebras/algebras.sage	OwnedAlgebras.ParentMethods	class	259	89			unreviewed
preamble/categories/algebras/algebras.sage	OwnedAlgebras.ParentMethods.change_ring	method	286	1	src/dzack_research/preamble/tensors/tensor.py		unreviewed
preamble/categories/algebras/algebras.sage	own_algebra	function	305	1	src/dzack_research/preamble/categories/algebras/algebras.py		unreviewed
preamble/categories/algebras/algebras.sage	finite_algebra_generators	function	317	1	src/dzack_research/preamble/categories/algebras/algebras.py		unreviewed
preamble/categories/algebras/algebras.sage	install_algebras	function	344	0			unreviewed
preamble/categories/algebras/finitely_presented_algebras.sage	<module>	module	1	0			unreviewed
preamble/categories/algebras/finitely_presented_algebras.sage	PresentingAlgebraParent	class	39	0			unreviewed
preamble/categories/algebras/finitely_presented_algebras.sage	PresentingAlgebraParent.base_ring	method	46	32			unreviewed
preamble/categories/algebras/finitely_presented_algebras.sage	PresentingAlgebraParent.zero	method	47	29			unreviewed
preamble/categories/algebras/finitely_presented_algebras.sage	PresentingAlgebraParent.one	method	48	24			unreviewed
preamble/categories/algebras/finitely_presented_algebras.sage	PresentingAlgebraParent.algebra_generating_set	method	49	5			unreviewed
preamble/categories/algebras/finitely_presented_algebras.sage	PresentingAlgebraParent.algebra_generator	method	50	5			unreviewed
preamble/categories/algebras/finitely_presented_algebras.sage	PresentingAlgebraParent.module_generator	method	51	11			unreviewed
preamble/categories/algebras/finitely_presented_algebras.sage	PresentingAlgebraParent.product_on_algebra_generators	method	52	1	src/dzack_research/preamble/categories/algebras/algebras.py		unreviewed
preamble/categories/algebras/finitely_presented_algebras.sage	PresentingAlgebraParent.ideal	method	55	3			unreviewed
preamble/categories/algebras/finitely_presented_algebras.sage	PresentingAlgebraParent.quotient	method	56	0			unreviewed
preamble/categories/algebras/finitely_presented_algebras.sage	PresentingAlgebraParent.hom	method	57	0			unreviewed
preamble/categories/algebras/finitely_presented_algebras.sage	PresentedAlgebraParent	class	61	0			unreviewed
preamble/categories/algebras/finitely_presented_algebras.sage	PresentedAlgebraParent.base_ring	method	74	32			unreviewed
preamble/categories/algebras/finitely_presented_algebras.sage	PresentedAlgebraParent.relations	method	75	1	src/dzack_research/preamble/categories/algebras/algebras.py		unreviewed
preamble/categories/algebras/finitely_presented_algebras.sage	PresentedAlgebraParent.algebra_generating_set	method	76	5			unreviewed
preamble/categories/algebras/finitely_presented_algebras.sage	PresentedAlgebraParent.algebra_generator	method	77	5			unreviewed
preamble/categories/algebras/finitely_presented_algebras.sage	PresentedAlgebraParent.algebra_generator_morphism	method	78	2			unreviewed
preamble/categories/algebras/finitely_presented_algebras.sage	PresentedAlgebraParent.algebra_presentation_morphism	method	79	1	src/dzack_research/preamble/categories/algebras/algebras.py		unreviewed
preamble/categories/algebras/finitely_presented_algebras.sage	PresentedAlgebraParent.presentation_ring	method	80	2			unreviewed
preamble/categories/algebras/finitely_presented_algebras.sage	FinitelyPresentedAlgebras	class	89	1	src/dzack_research/preamble/categories/algebras/algebras.py		unreviewed
preamble/categories/algebras/finitely_presented_algebras.sage	FinitelyPresentedAlgebras.super_categories	method	96	99			unreviewed
preamble/categories/algebras/finitely_presented_algebras.sage	FinitelyPresentedAlgebras.ParentMethods	class	101	89			unreviewed
preamble/categories/algebras/finitely_presented_algebras.sage	FinitelyPresentedAlgebras.ParentMethods.is_finitely_presented	method	102	3			unreviewed
preamble/categories/algebras/finitely_presented_algebras.sage	FinitelyPresentedAlgebras.ParentMethods.presentation	method	105	4			unreviewed
preamble/categories/algebras/finitely_presented_algebras.sage	FinitelyPresentedAlgebras.ParentMethods.presentation_ring	method	110	2			unreviewed
preamble/categories/algebras/finitely_presented_algebras.sage	FinitelyPresentedAlgebras.ParentMethods.presentation_ideal	method	115	1	src/dzack_research/preamble/categories/algebras/algebras.py		unreviewed
preamble/categories/algebras/finitely_presented_algebras.sage	FinitelyPresentedAlgebras.ParentMethods.relations	method	118	1	src/dzack_research/preamble/categories/algebras/algebras.py		unreviewed
preamble/categories/algebras/finitely_presented_algebras.sage	FinitelyPresentedAlgebras.ParentMethods.base_change	method	139	9			unreviewed
preamble/categories/algebras/finitely_presented_algebras.sage	FinitelyPresentedAlgebras.ParentMethods.algebra_generating_set	method	169	5			unreviewed
preamble/categories/algebras/finitely_presented_algebras.sage	FinitelyPresentedAlgebras.ParentMethods.algebra_generator_morphism	method	172	2			unreviewed
preamble/categories/algebras/finitely_presented_algebras.sage	FinitelyPresentedAlgebras.ParentMethods.algebra_generator	method	177	5			unreviewed
preamble/categories/algebras/finitely_presented_algebras.sage	FinitelyPresentedAlgebras.ParentMethods.algebra_generators	method	182	1	src/dzack_research/preamble/categories/algebras/algebras.py		unreviewed
preamble/categories/algebras/finitely_presented_algebras.sage	FinitelyPresentedAlgebras.ParentMethods.algebra_presentation_morphism	method	191	1	src/dzack_research/preamble/categories/algebras/algebras.py		unreviewed
preamble/categories/algebras/finitely_presented_algebras.sage	FinitelyPresentedAlgebras.ParentMethods.framing_morphism	method	197	4			unreviewed
preamble/categories/algebras/finitely_presented_algebras.sage	FinitelyPresentedAlgebras.ParentMethods.product_on_algebra_generators	method	218	1	src/dzack_research/preamble/categories/algebras/algebras.py		unreviewed
preamble/categories/algebras/finitely_presented_algebras.sage	FramedFGAlgebras	class	232	0			unreviewed
preamble/categories/algebras/finitely_presented_algebras.sage	FramedFGAlgebras.super_categories	method	241	99			unreviewed
preamble/categories/algebras/finitely_presented_algebras.sage	FinitelyPresentedAlgebra	function	279	1	src/dzack_research/preamble/categories/algebras/free_algebras.py		unreviewed
preamble/categories/algebras/finitely_presented_algebras.sage	FGAlgebra	function	334	0			unreviewed
preamble/categories/algebras/finitely_presented_algebras.sage	install_finitely_presented_algebras	function	348	0			unreviewed
preamble/categories/algebras/framed_free_algebras.sage	<module>	module	1	0			unreviewed
preamble/categories/algebras/framed_free_algebras.sage	FreeAlgebraParent	class	94	0			unreviewed
preamble/categories/algebras/framed_free_algebras.sage	FreeAlgebraParent.base_ring	method	110	32			unreviewed
preamble/categories/algebras/framed_free_algebras.sage	FreeAlgebraParent.one	method	111	24			unreviewed
preamble/categories/algebras/framed_free_algebras.sage	FreeAlgebraParent.zero	method	112	29			unreviewed
preamble/categories/algebras/framed_free_algebras.sage	FreeAlgebraParent.number_of_algebra_generators	method	113	2			unreviewed
preamble/categories/algebras/framed_free_algebras.sage	FreeAlgebraParent.monomial_system	method	114	0			unreviewed
preamble/categories/algebras/framed_free_algebras.sage	FreeAlgebraParent.algebra_generating_set	method	115	5			unreviewed
preamble/categories/algebras/framed_free_algebras.sage	FreeAlgebraParent.algebra_generator	method	116	5			unreviewed
preamble/categories/algebras/framed_free_algebras.sage	FreeAlgebraParent.algebra_generators	method	117	1	src/dzack_research/preamble/categories/algebras/algebras.py		unreviewed
preamble/categories/algebras/framed_free_algebras.sage	FreeAlgebraParent.module_generating_set	method	118	11			unreviewed
preamble/categories/algebras/framed_free_algebras.sage	FreeAlgebraParent.module_generator	method	119	11			unreviewed
preamble/categories/algebras/framed_free_algebras.sage	FreeAlgebraParent.hom	method	154	0			unreviewed
preamble/categories/algebras/framed_free_algebras.sage	DividedPowerAlgebraParent	class	160	0			unreviewed
preamble/categories/algebras/framed_free_algebras.sage	DividedPowerAlgebraParent.divided_power	method	168	1	src/dzack_research/preamble/categories/algebras/power_algebras.py		unreviewed
preamble/categories/algebras/framed_free_algebras.sage	DividedPowerAlgebraParent.divided_square	method	171	0			unreviewed
preamble/categories/algebras/framed_free_algebras.sage	FreeAlgebraElement	class	221	0			unreviewed
preamble/categories/algebras/framed_free_algebras.sage	FreeAlgebraElement.parent	method	226	0			unreviewed
preamble/categories/algebras/framed_free_algebras.sage	FreeAlgebraElement.base_ring	method	227	32			unreviewed
preamble/categories/algebras/framed_free_algebras.sage	FreeAlgebraElement.coefficients	method	228	0			unreviewed
preamble/categories/algebras/framed_free_algebras.sage	FreeAlgebraElement.degree	method	229	13			unreviewed
preamble/categories/algebras/framed_free_algebras.sage	FreeAlgebraElement.coefficient	method	230	1	src/dzack_research/preamble/categories/rings/commutative_algebra.py		unreviewed
preamble/categories/algebras/framed_free_algebras.sage	FreeAlgebraElement.constant_coefficient	method	231	0			unreviewed
preamble/categories/algebras/framed_free_algebras.sage	FreeAlgebraElement.leading_coefficient	method	232	0			unreviewed
preamble/categories/algebras/framed_free_algebras.sage	FreeAlgebraElement.denominator	method	233	2			unreviewed
preamble/categories/algebras/framed_free_algebras.sage	FreeAlgebraElement.derivative	method	234	2			unreviewed
preamble/categories/algebras/framed_free_algebras.sage	FreeAlgebraElement.gcd	method	235	1	src/dzack_research/preamble/categories/rings/ring_foundation.py		unreviewed
preamble/categories/algebras/framed_free_algebras.sage	FreeAlgebraElement.subs	method	236	0			unreviewed
preamble/categories/algebras/framed_free_algebras.sage	FreeAlgebraElement.roots	method	237	4			unreviewed
preamble/categories/algebras/framed_free_algebras.sage	MonomialSystem	class	278	0			unreviewed
preamble/categories/algebras/framed_free_algebras.sage	MonomialSystem.factors	method	307	3			unreviewed
preamble/categories/algebras/framed_free_algebras.sage	MonomialSystem.product	method	308	9			unreviewed
preamble/categories/algebras/framed_free_algebras.sage	MonomialSystem.monomials_of_degree	method	311	0			unreviewed
preamble/categories/algebras/framed_free_algebras.sage	MonomialSystem.parent	method	319	0			unreviewed
preamble/categories/algebras/framed_free_algebras.sage	MonomialSystem.generator	method	323	4			unreviewed
preamble/categories/algebras/framed_free_algebras.sage	MonomialSystem.degree	method	327	13			unreviewed
preamble/categories/algebras/framed_free_algebras.sage	MonomialSystem.basis_monomial	method	331	0			unreviewed
preamble/categories/algebras/framed_free_algebras.sage	CommutativeMonomials	class	403	0			unreviewed
preamble/categories/algebras/framed_free_algebras.sage	CommutativeMonomials.factors	method	411	3			unreviewed
preamble/categories/algebras/framed_free_algebras.sage	CommutativeMonomials.product	method	414	9			unreviewed
preamble/categories/algebras/framed_free_algebras.sage	CommutativeMonomials.monomials_of_degree	method	419	0			unreviewed
preamble/categories/algebras/framed_free_algebras.sage	WordMonomials	class	425	0			unreviewed
preamble/categories/algebras/framed_free_algebras.sage	WordMonomials.factors	method	437	3			unreviewed
preamble/categories/algebras/framed_free_algebras.sage	WordMonomials.product	method	440	9			unreviewed
preamble/categories/algebras/framed_free_algebras.sage	WordMonomials.monomials_of_degree	method	445	0			unreviewed
preamble/categories/algebras/framed_free_algebras.sage	AlternatingMonomials	class	461	0			unreviewed
preamble/categories/algebras/framed_free_algebras.sage	AlternatingMonomials.one	method	501	24			unreviewed
preamble/categories/algebras/framed_free_algebras.sage	AlternatingMonomials.generator	method	504	4			unreviewed
preamble/categories/algebras/framed_free_algebras.sage	AlternatingMonomials.factors	method	507	3			unreviewed
preamble/categories/algebras/framed_free_algebras.sage	AlternatingMonomials.basis_monomial	method	510	0			unreviewed
preamble/categories/algebras/framed_free_algebras.sage	AlternatingMonomials.product	method	513	9			unreviewed
preamble/categories/algebras/framed_free_algebras.sage	AlternatingMonomials.monomials_of_degree	method	523	0			unreviewed
preamble/categories/algebras/framed_free_algebras.sage	DividedMonomials	class	534	0			unreviewed
preamble/categories/algebras/framed_free_algebras.sage	DividedMonomials.factors	method	551	3			unreviewed
preamble/categories/algebras/framed_free_algebras.sage	DividedMonomials.product	method	554	9			unreviewed
preamble/categories/algebras/framed_free_algebras.sage	DividedMonomials.monomials_of_degree	method	565	0			unreviewed
preamble/categories/algebras/framed_free_algebras.sage	FreeAlgebraIdeal	class	571	0			unreviewed
preamble/categories/algebras/framed_free_algebras.sage	FreeAlgebraIdeal.ring	method	583	3			unreviewed
preamble/categories/algebras/framed_free_algebras.sage	FreeAlgebraIdeal.gens	method	584	2			unreviewed
preamble/categories/algebras/framed_free_algebras.sage	FreeAlgebraIdeal.reduce	method	593	1	src/dzack_research/preamble/categories/algebras/finitely_presented_algebras.py		unreviewed
preamble/categories/algebras/framed_free_algebras.sage	FramedFreeAlgebras	class	607	0			unreviewed
preamble/categories/algebras/framed_free_algebras.sage	FramedFreeAlgebras.super_categories	method	614	99			unreviewed
preamble/categories/algebras/framed_free_algebras.sage	FramedFreeAlgebras.ParentMethods	class	635	89			unreviewed
preamble/categories/algebras/framed_free_algebras.sage	FramedFreeAlgebras.ParentMethods.number_of_algebra_generators	method	695	2			unreviewed
preamble/categories/algebras/framed_free_algebras.sage	FramedFreeAlgebras.ParentMethods.number_of_module_generators	method	703	2			unreviewed
preamble/categories/algebras/framed_free_algebras.sage	FramedFreeAlgebras.ParentMethods.hom	method	713	0			unreviewed
preamble/categories/algebras/framed_free_algebras.sage	FramedFreeAlgebras.ParentMethods.induced_hom	method	748	0			unreviewed
preamble/categories/algebras/framed_free_algebras.sage	FramedFreeAlgebras.ParentMethods.characteristic	method	785	4			unreviewed
preamble/categories/algebras/framed_free_algebras.sage	FramedFreeAlgebras.ParentMethods.is_field	method	794	3			unreviewed
preamble/categories/algebras/framed_free_algebras.sage	FramedFreeAlgebras.ParentMethods.is_integral_domain	method	805	3			unreviewed
preamble/categories/algebras/framed_free_algebras.sage	FramedFreeAlgebras.ParentMethods.krull_dimension	method	814	2			unreviewed
preamble/categories/algebras/framed_free_algebras.sage	FramedFreeAlgebras.ParentMethods.linear_combination	method	831	6			unreviewed
preamble/categories/algebras/framed_free_algebras.sage	FramedFreeAlgebras.ParentMethods.ideal	method	1042	3			unreviewed
preamble/categories/algebras/framed_free_algebras.sage	FramedFreeAlgebras.ParentMethods.monomial_system	method	1086	0			unreviewed
preamble/categories/algebras/framed_free_algebras.sage	FramedFreeAlgebras.ParentMethods.monomial_parent	method	1095	0			unreviewed
preamble/categories/algebras/framed_free_algebras.sage	FramedFreeAlgebras.ParentMethods.algebra_generating_set	method	1152	5			unreviewed
preamble/categories/algebras/framed_free_algebras.sage	FramedFreeAlgebras.ParentMethods.algebra_generator_morphism	method	1156	2			unreviewed
preamble/categories/algebras/framed_free_algebras.sage	FramedFreeAlgebras.ParentMethods.algebra_generator	method	1160	5			unreviewed
preamble/categories/algebras/framed_free_algebras.sage	FramedFreeAlgebras.ParentMethods.algebra_generators	method	1172	1	src/dzack_research/preamble/categories/algebras/algebras.py		unreviewed
preamble/categories/algebras/framed_free_algebras.sage	FramedFreeAlgebras.ParentMethods.product_on_algebra_generators	method	1183	1	src/dzack_research/preamble/categories/algebras/algebras.py		unreviewed
preamble/categories/algebras/framed_free_algebras.sage	FramedFreeAlgebras.ParentMethods.one	method	1304	24			unreviewed
preamble/categories/algebras/framed_free_algebras.sage	FramedFreeAlgebras.ElementMethods	class	1326	25			unreviewed
preamble/categories/algebras/framed_free_algebras.sage	FramedFreeAlgebras.ElementMethods.divides	method	1340	1	src/dzack_research/preamble/categories/rings/ring_foundation.py		unreviewed
preamble/categories/algebras/framed_free_algebras.sage	FramedFreeAlgebras.ElementMethods.underlying_set_element	method	1381	1	src/dzack_research/preamble/categories/modules/framed/framed_free_modules.py		unreviewed
preamble/categories/algebras/framed_free_algebras.sage	FramedFreeAlgebras.ElementMethods.multidegree	method	1395	0			unreviewed
preamble/categories/algebras/framed_free_algebras.sage	FramedFreeAlgebras.ElementMethods.coefficient	method	1419	1	src/dzack_research/preamble/categories/rings/commutative_algebra.py		unreviewed
preamble/categories/algebras/framed_free_algebras.sage	FramedFreeAlgebras.ElementMethods.constant_coefficient	method	1427	0			unreviewed
preamble/categories/algebras/framed_free_algebras.sage	FramedFreeAlgebras.ElementMethods.leading_coefficient	method	1437	0			unreviewed
preamble/categories/algebras/framed_free_algebras.sage	FramedFreeAlgebras.ElementMethods.is_monic	method	1459	0			unreviewed
preamble/categories/algebras/framed_free_algebras.sage	FramedFreeAlgebras.ElementMethods.monic	method	1464	0			unreviewed
preamble/categories/algebras/framed_free_algebras.sage	FramedFreeAlgebras.ElementMethods.derivative	method	1479	2			unreviewed
preamble/categories/algebras/framed_free_algebras.sage	FramedFreeAlgebras.ElementMethods.quo_rem	method	1498	1	src/dzack_research/preamble/categories/rings/ring_foundation.py		unreviewed
preamble/categories/algebras/framed_free_algebras.sage	FramedFreeAlgebras.ElementMethods.gcd	method	1509	1	src/dzack_research/preamble/categories/rings/ring_foundation.py		unreviewed
preamble/categories/algebras/framed_free_algebras.sage	FramedFreeAlgebras.ElementMethods.lcm	method	1516	1	src/dzack_research/preamble/categories/rings/ring_foundation.py		unreviewed
preamble/categories/algebras/framed_free_algebras.sage	FramedFreeAlgebras.ElementMethods.xgcd	method	1523	1	src/dzack_research/preamble/categories/rings/ring_foundation.py		unreviewed
preamble/categories/algebras/framed_free_algebras.sage	FramedFreeAlgebras.ElementMethods.is_irreducible	method	1533	1	src/dzack_research/preamble/categories/rings/ring_foundation.py		unreviewed
preamble/categories/algebras/framed_free_algebras.sage	FramedFreeAlgebras.ElementMethods.irreducible_factors	method	1537	0			unreviewed
preamble/categories/algebras/framed_free_algebras.sage	FramedFreeAlgebras.ElementMethods.resultant	method	1550	1	src/dzack_research/preamble/categories/rings/ring_foundation.py		unreviewed
preamble/categories/algebras/framed_free_algebras.sage	FramedFreeAlgebras.ElementMethods.discriminant	method	1566	3			unreviewed
preamble/categories/algebras/framed_free_algebras.sage	FramedFreeAlgebras.ElementMethods.roots	method	1574	4			unreviewed
preamble/categories/algebras/framed_free_algebras.sage	FramedFreeAlgebras.ElementMethods.any_root	method	1610	0			unreviewed
preamble/categories/algebras/framed_free_algebras.sage	FramedFreeAlgebras.ElementMethods.monomials	method	1616	0			unreviewed
preamble/categories/algebras/framed_free_algebras.sage	FramedFreeAlgebras.ElementMethods.is_constant	method	1620	0			unreviewed
preamble/categories/algebras/framed_free_algebras.sage	FramedFreeAlgebras.ElementMethods.is_squarefree	method	1625	0			unreviewed
preamble/categories/algebras/framed_free_algebras.sage	FramedFreeAlgebras.ElementMethods.complex_roots	method	1641	0			unreviewed
preamble/categories/algebras/framed_free_algebras.sage	FramedFreeAlgebras.ElementMethods.content	method	1649	0			unreviewed
preamble/categories/algebras/framed_free_algebras.sage	FramedFreeAlgebras.ElementMethods.denominator	method	1664	2			unreviewed
preamble/categories/algebras/framed_free_algebras.sage	FramedFreeAlgebras.ElementMethods.numerator	method	1671	2			unreviewed
preamble/categories/algebras/framed_free_algebras.sage	FramedFreeAlgebras.ElementMethods.change_ring	method	1680	1	src/dzack_research/preamble/tensors/tensor.py		unreviewed
preamble/categories/algebras/framed_free_algebras.sage	FramedFreeAlgebras.ElementMethods.subs	method	1700	0			unreviewed
preamble/categories/algebras/framed_free_algebras.sage	FramedFreeAlgebras._HomCategory.ElementMethods	class	1745	25			unreviewed
preamble/categories/algebras/framed_free_algebras.sage	FreeAlgebraMorphism	class	1769	0			unreviewed
preamble/categories/algebras/framed_free_algebras.sage	DividedPowerAlgebraMorphism	class	1776	0			unreviewed
preamble/categories/algebras/framed_free_algebras.sage	DividedPowerAlgebraMorphism.preserves_divided_power	method	1779	0			unreviewed
preamble/categories/algebras/framed_free_algebras.sage	free_algebra_homset	function	1790	0			unreviewed
preamble/categories/algebras/framed_free_algebras.sage	divided_power_algebra_homset	function	1801	0			unreviewed
preamble/categories/algebras/framed_free_algebras.sage	FramedSymmetricAlgebras	class	1812	0			unreviewed
preamble/categories/algebras/framed_free_algebras.sage	FramedSymmetricAlgebras.super_categories	method	1823	99			unreviewed
preamble/categories/algebras/framed_free_algebras.sage	FramedSymmetricAlgebras.ParentMethods	class	1829	89			unreviewed
preamble/categories/algebras/framed_free_algebras.sage	FreeAlgebraOn	function	1840	1	src/dzack_research/preamble/categories/algebras/free_algebras.py		unreviewed
preamble/categories/algebras/framed_free_algebras.sage	polynomial_ring	function	1860	2			unreviewed
preamble/categories/algebras/framed_free_algebras.sage	FramedTensorAlgebras	class	1910	0			unreviewed
preamble/categories/algebras/framed_free_algebras.sage	FramedTensorAlgebras.super_categories	method	1928	99			unreviewed
preamble/categories/algebras/framed_free_algebras.sage	FramedTensorAlgebras.ParentMethods	class	1934	89			unreviewed
preamble/categories/algebras/framed_free_algebras.sage	TensorAlgebraOn	function	1945	1	src/dzack_research/preamble/categories/algebras/free_algebras.py		unreviewed
preamble/categories/algebras/framed_free_algebras.sage	FramedAlternatingAlgebras	class	1955	0			unreviewed
preamble/categories/algebras/framed_free_algebras.sage	FramedAlternatingAlgebras.super_categories	method	1969	99			unreviewed
preamble/categories/algebras/framed_free_algebras.sage	FramedAlternatingAlgebras.ParentMethods	class	1975	89			unreviewed
preamble/categories/algebras/framed_free_algebras.sage	AlternatingAlgebraOn	function	1986	2			unreviewed
preamble/categories/algebras/framed_free_algebras.sage	FramedDividedPowerAlgebras	class	1996	0			unreviewed
preamble/categories/algebras/framed_free_algebras.sage	FramedDividedPowerAlgebras.super_categories	method	2011	99			unreviewed
preamble/categories/algebras/framed_free_algebras.sage	FramedDividedPowerAlgebras.ParentMethods	class	2017	89			unreviewed
preamble/categories/algebras/framed_free_algebras.sage	FramedDividedPowerAlgebras.ParentMethods.divided_power	method	2021	1	src/dzack_research/preamble/categories/algebras/power_algebras.py		unreviewed
preamble/categories/algebras/framed_free_algebras.sage	FramedDividedPowerAlgebras.ParentMethods.divided_square	method	2065	0			unreviewed
preamble/categories/algebras/framed_free_algebras.sage	FramedDividedPowerAlgebras.MorphismMethods	class	2085	0			unreviewed
preamble/categories/algebras/framed_free_algebras.sage	DividedPowerAlgebraOn	function	2099	2			unreviewed
preamble/categories/algebras/framed_free_algebras.sage	tensor_to_symmetric	function	2109	1	src/dzack_research/preamble/categories/algebras/comparison_maps.py		unreviewed
preamble/categories/algebras/framed_free_algebras.sage	tensor_to_alternating	function	2124	1	src/dzack_research/preamble/categories/algebras/comparison_maps.py		unreviewed
preamble/categories/algebras/framed_free_algebras.sage	symmetric_to_divided	function	2141	1	src/dzack_research/preamble/categories/algebras/comparison_maps.py		unreviewed
preamble/categories/algebras/framed_free_algebras.sage	divided_to_symmetric	function	2158	1	src/dzack_research/preamble/categories/algebras/comparison_maps.py		unreviewed
preamble/categories/algebras/framed_free_algebras.sage	tensor_extension	function	2189	0			unreviewed
preamble/categories/algebras/framed_free_algebras.sage	symmetric_extension	function	2204	0			unreviewed
preamble/categories/algebras/framed_free_algebras.sage	alternating_extension	function	2224	1	src/dzack_research/preamble/categories/algebras/power_algebras.py		unreviewed
preamble/categories/algebras/framed_free_algebras.sage	restrict_free_algebra_morphism	function	2255	0			unreviewed
preamble/categories/algebras/framed_free_algebras.sage	divided_power_induced_morphism	function	2271	0			unreviewed
preamble/categories/algebras/framed_free_algebras.sage	divided_power_extension	function	2317	0			unreviewed
preamble/categories/algebras/framed_free_algebras.sage	PresentedFreeAlgebras	class	2352	0			unreviewed
preamble/categories/algebras/framed_free_algebras.sage	PresentedFreeAlgebras.super_categories	method	2359	99			unreviewed
preamble/categories/algebras/framed_free_algebras.sage	PresentedFreeAlgebras.ParentMethods	class	2364	89			unreviewed
preamble/categories/algebras/framed_free_algebras.sage	PresentedFreeAlgebras.ParentMethods.module	method	2393	7			unreviewed
preamble/categories/algebras/framed_free_algebras.sage	PresentedFreeAlgebras.ParentMethods.presentation_algebra	method	2396	0			unreviewed
preamble/categories/algebras/framed_free_algebras.sage	PresentedFreeAlgebras.ParentMethods.algebra_generating_set	method	2399	5			unreviewed
preamble/categories/algebras/framed_free_algebras.sage	PresentedFreeAlgebras.ParentMethods.algebra_generator	method	2402	5			unreviewed
preamble/categories/algebras/framed_free_algebras.sage	PresentedFreeAlgebras.ParentMethods.algebra_generators	method	2407	1	src/dzack_research/preamble/categories/algebras/algebras.py		unreviewed
preamble/categories/algebras/framed_free_algebras.sage	PresentedFreeAlgebras.ParentMethods.zero	method	2413	29			unreviewed
preamble/categories/algebras/framed_free_algebras.sage	PresentedFreeAlgebras.ParentMethods.one	method	2416	24			unreviewed
preamble/categories/algebras/framed_free_algebras.sage	PresentedFreeAlgebras.ParentMethods.graded_piece	method	2440	6			unreviewed
preamble/categories/algebras/framed_free_algebras.sage	PresentedFreeAlgebras.ParentMethods.divided_power	method	2464	1	src/dzack_research/preamble/categories/algebras/power_algebras.py		unreviewed
preamble/categories/algebras/framed_free_algebras.sage	PresentedFreeAlgebras.ElementMethods	class	2488	25			unreviewed
preamble/categories/algebras/framed_free_algebras.sage	PresentedFreeAlgebras.ElementMethods.homogeneous_components	method	2518	3			unreviewed
preamble/categories/algebras/framed_free_algebras.sage	PresentedFreeAlgebras.ElementMethods.degree	method	2524	13			unreviewed
preamble/categories/algebras/framed_free_algebras.sage	PresentedFreeAlgebraElement	class	2528	0			unreviewed
preamble/categories/algebras/framed_free_algebras.sage	PresentedFreeAlgebraElement.representative	method	2555	10			unreviewed
preamble/categories/algebras/framed_free_algebras.sage	TensorAlgebraOf	function	2577	1	src/dzack_research/preamble/categories/algebras/framed_free_algebras.py		unreviewed
preamble/categories/algebras/framed_free_algebras.sage	SymmetricAlgebraOf	function	2582	1	src/dzack_research/preamble/categories/algebras/framed_free_algebras.py		unreviewed
preamble/categories/algebras/framed_free_algebras.sage	AlternatingAlgebraOf	function	2587	2			unreviewed
preamble/categories/algebras/framed_free_algebras.sage	DividedPowerAlgebraOf	function	2592	2			unreviewed
preamble/categories/algebras/free_algebras.sage	<module>	module	1	0			unreviewed
preamble/categories/algebras/free_algebras.sage	GradedFreeAlgebraParent	class	24	0			unreviewed
preamble/categories/algebras/free_algebras.sage	GradedFreeAlgebraParent.base_ring	method	32	32			unreviewed
preamble/categories/algebras/free_algebras.sage	GradedFreeAlgebraParent.algebra_generating_set	method	33	5			unreviewed
preamble/categories/algebras/free_algebras.sage	GradedFreeAlgebraParent.monomial_system	method	34	0			unreviewed
preamble/categories/algebras/free_algebras.sage	GradedFreeAlgebraParent.module_generator	method	35	11			unreviewed
preamble/categories/algebras/free_algebras.sage	GradedFreeAlgebraParent.degree_on_module_generator	method	36	2			unreviewed
preamble/categories/algebras/free_algebras.sage	GradedFreeAlgebraParent.graded_piece_monomials	method	39	1	src/dzack_research/preamble/categories/algebras/free_algebras.py		unreviewed
preamble/categories/algebras/free_algebras.sage	DividedPowerAlgebraParent	class	43	0			unreviewed
preamble/categories/algebras/free_algebras.sage	DividedPowerAlgebraParent.divided_power	method	46	1	src/dzack_research/preamble/categories/algebras/power_algebras.py		unreviewed
preamble/categories/algebras/free_algebras.sage	FreeAlgebraCategory	class	50	0			unreviewed
preamble/categories/algebras/free_algebras.sage	FreeAlgebraCategory.base_ring	method	53	32			unreviewed
preamble/categories/algebras/free_algebras.sage	FreeAlgebras	class	56	1	src/dzack_research/preamble/categories/algebras/free_algebras.py		unreviewed
preamble/categories/algebras/free_algebras.sage	FreeAlgebras.super_categories	method	63	99			unreviewed
preamble/categories/algebras/free_algebras.sage	FreeAlgebras.SubcategoryMethods	class	74	7			unreviewed
preamble/categories/algebras/free_algebras.sage	FreeAlgebras.SubcategoryMethods.on	method	75	0			unreviewed
preamble/categories/algebras/free_algebras.sage	FreeAlgebras.ParentMethods	class	88	89			unreviewed
preamble/categories/algebras/free_algebras.sage	FreeAlgebras.ParentMethods.is_free	method	89	3			unreviewed
preamble/categories/algebras/free_algebras.sage	GradedFreeAlgebras	class	94	1	src/dzack_research/preamble/categories/algebras/free_algebras.py		unreviewed
preamble/categories/algebras/free_algebras.sage	GradedFreeAlgebras.super_categories	method	101	99			unreviewed
preamble/categories/algebras/free_algebras.sage	GradedFreeAlgebras.ParentMethods	class	108	89			unreviewed
preamble/categories/algebras/free_algebras.sage	GradedFreeAlgebras.ParentMethods.graded_piece	method	120	6			unreviewed
preamble/categories/algebras/free_algebras.sage	GradedFreeAlgebras.ParentMethods.degree_on_module_generator	method	154	2			unreviewed
preamble/categories/algebras/free_algebras.sage	GradedFreeAlgebras.ParentMethods.graded_piece_monomials	method	168	1	src/dzack_research/preamble/categories/algebras/free_algebras.py		unreviewed
preamble/categories/algebras/free_algebras.sage	GradedFreeAlgebras.ParentMethods.ideal_generators_in_degree	method	200	1	src/dzack_research/preamble/categories/algebras/free_algebras.py		unreviewed
preamble/categories/algebras/free_algebras.sage	TensorAlgebras	class	232	1	src/dzack_research/preamble/categories/algebras/free_algebras.py		unreviewed
preamble/categories/algebras/free_algebras.sage	TensorAlgebras.super_categories	method	239	99			unreviewed
preamble/categories/algebras/free_algebras.sage	TensorAlgebras.ParentMethods	class	242	89			unreviewed
preamble/categories/algebras/free_algebras.sage	TensorAlgebras.ParentMethods.ring_center	method	243	4			unreviewed
preamble/categories/algebras/free_algebras.sage	TensorAlgebras.ParentMethods.center_embedding	method	256	0			unreviewed
preamble/categories/algebras/free_algebras.sage	SymmetricAlgebras	class	273	1	src/dzack_research/preamble/categories/algebras/free_algebras.py		unreviewed
preamble/categories/algebras/free_algebras.sage	SymmetricAlgebras.super_categories	method	284	99			unreviewed
preamble/categories/algebras/free_algebras.sage	AlternatingAlgebras	class	293	1	src/dzack_research/preamble/categories/algebras/free_algebras.py		unreviewed
preamble/categories/algebras/free_algebras.sage	AlternatingAlgebras.super_categories	method	300	99			unreviewed
preamble/categories/algebras/free_algebras.sage	DividedPowerAlgebras	class	304	1	src/dzack_research/preamble/categories/algebras/free_algebras.py		unreviewed
preamble/categories/algebras/free_algebras.sage	DividedPowerAlgebras.super_categories	method	316	99			unreviewed
preamble/categories/algebras/free_algebras.sage	DividedPowerAlgebras.ParentMethods	class	324	89			unreviewed
preamble/categories/algebras/free_algebras.sage	DividedPowerAlgebras.ParentMethods.ideal_generators_in_degree	method	325	1	src/dzack_research/preamble/categories/algebras/free_algebras.py		unreviewed
preamble/categories/algebras/graded_algebras.sage	<module>	module	1	0			unreviewed
preamble/categories/algebras/graded_algebras.sage	GradedAlgebras	class	11	1	src/dzack_research/preamble/categories/algebras/graded_algebras.py		unreviewed
preamble/categories/algebras/graded_algebras.sage	GradedAlgebras.super_categories	method	24	99			unreviewed
preamble/categories/algebras/number_fields.sage	<module>	module	1	0			unreviewed
preamble/categories/algebras/number_fields.sage	PresentingAlgebraParent	class	58	0			unreviewed
preamble/categories/algebras/number_fields.sage	PresentingAlgebraParent.number_of_algebra_generators	method	66	2			unreviewed
preamble/categories/algebras/number_fields.sage	EngineNumberField	class	70	0			unreviewed
preamble/categories/algebras/number_fields.sage	EngineNumberField.pari_nf	method	79	0			unreviewed
preamble/categories/algebras/number_fields.sage	EngineNumberField.pari_bnf	method	80	0			unreviewed
preamble/categories/algebras/number_fields.sage	NumberFieldParent	class	82	0			unreviewed
preamble/categories/algebras/number_fields.sage	NumberFieldParent.base_ring	method	90	32			unreviewed
preamble/categories/algebras/number_fields.sage	NumberFieldParent.zero	method	91	29			unreviewed
preamble/categories/algebras/number_fields.sage	NumberFieldParent.one	method	92	24			unreviewed
preamble/categories/algebras/number_fields.sage	NumberFieldParent.relations	method	93	1	src/dzack_research/preamble/categories/algebras/algebras.py		unreviewed
preamble/categories/algebras/number_fields.sage	NumberFieldParent.algebra_generating_set	method	94	5			unreviewed
preamble/categories/algebras/number_fields.sage	NumberFieldParent.algebra_generator	method	95	5			unreviewed
preamble/categories/algebras/number_fields.sage	NumberFieldParent.presentation_ring	method	96	2			unreviewed
preamble/categories/algebras/number_fields.sage	NumberFieldParent.defining_polynomial	method	97	1	src/dzack_research/preamble/categories/rings/number_fields.py		unreviewed
preamble/categories/algebras/number_fields.sage	NumberFieldParent.degree	method	98	13			unreviewed
preamble/categories/algebras/number_fields.sage	NumberFieldParent.discriminant	method	99	3			unreviewed
preamble/categories/algebras/number_fields.sage	NumberFieldParent.primitive_element	method	100	1	src/dzack_research/preamble/categories/rings/number_fields.py		unreviewed
preamble/categories/algebras/number_fields.sage	NumberFieldParent.embedding_images	method	101	1	src/dzack_research/preamble/categories/rings/number_fields.py		unreviewed
preamble/categories/algebras/number_fields.sage	NumberFieldParent.underlying_algebra	method	102	1	src/dzack_research/preamble/categories/rings/number_fields.py		unreviewed
preamble/categories/algebras/number_fields.sage	NumberFieldElement	class	106	0			unreviewed
preamble/categories/algebras/number_fields.sage	NumberFieldElement.lift	method	109	9			unreviewed
preamble/categories/algebras/number_fields.sage	NumberFieldElement.parent	method	110	0			unreviewed
preamble/categories/algebras/number_fields.sage	NumberFieldElement.matrix	method	112	3			unreviewed
preamble/categories/algebras/number_fields.sage	NumberFieldElement.minimal_polynomial	method	113	1	src/dzack_research/preamble/categories/rings/number_fields.py		unreviewed
preamble/categories/algebras/number_fields.sage	NumberFieldElement.roots	method	114	4			unreviewed
preamble/categories/algebras/number_fields.sage	OwnedNumberFields	class	116	1	src/dzack_research/preamble/categories/rings/number_fields.py		unreviewed
preamble/categories/algebras/number_fields.sage	OwnedNumberFields.super_categories	method	123	99			unreviewed
preamble/categories/algebras/number_fields.sage	OwnedNumberFields.ParentMethods	class	131	89			unreviewed
preamble/categories/algebras/number_fields.sage	OwnedNumberFields.ParentMethods.defining_polynomial	method	132	1	src/dzack_research/preamble/categories/rings/number_fields.py		unreviewed
preamble/categories/algebras/number_fields.sage	OwnedNumberFields.ParentMethods.degree	method	141	13			unreviewed
preamble/categories/algebras/number_fields.sage	OwnedNumberFields.ParentMethods.primitive_element	method	150	1	src/dzack_research/preamble/categories/rings/number_fields.py		unreviewed
preamble/categories/algebras/number_fields.sage	OwnedNumberFields.ParentMethods.algebra_generators	method	161	1	src/dzack_research/preamble/categories/algebras/algebras.py		unreviewed
preamble/categories/algebras/number_fields.sage	OwnedNumberFields.ParentMethods.is_field	method	171	3			unreviewed
preamble/categories/algebras/number_fields.sage	OwnedNumberFields.ParentMethods.discriminant	method	225	3			unreviewed
preamble/categories/algebras/number_fields.sage	OwnedNumberFields.ParentMethods.signature	method	237	2			unreviewed
preamble/categories/algebras/number_fields.sage	OwnedNumberFields.ParentMethods.underlying_algebra	method	257	1	src/dzack_research/preamble/categories/rings/number_fields.py		unreviewed
preamble/categories/algebras/number_fields.sage	OwnedNumberFields.ParentMethods.base_change_functor	method	299	1	src/dzack_research/preamble/categories/rings/number_fields.py		unreviewed
preamble/categories/algebras/number_fields.sage	OwnedNumberFields.ParentMethods.integral_basis	method	315	1	src/dzack_research/preamble/categories/rings/number_fields.py		unreviewed
preamble/categories/algebras/number_fields.sage	OwnedNumberFields.ParentMethods.class_number	method	333	2			unreviewed
preamble/categories/algebras/number_fields.sage	OwnedNumberFields.ParentMethods.ramified_primes	method	340	1	src/dzack_research/preamble/categories/rings/number_fields.py		unreviewed
preamble/categories/algebras/number_fields.sage	OwnedNumberFields.ParentMethods.is_galois	method	344	2			unreviewed
preamble/categories/algebras/number_fields.sage	OwnedNumberFields.ParentMethods.galois_group	method	357	1	src/dzack_research/preamble/categories/rings/number_fields.py		unreviewed
preamble/categories/algebras/number_fields.sage	OwnedNumberFields.ParentMethods.embedding_images	method	379	1	src/dzack_research/preamble/categories/rings/number_fields.py		unreviewed
preamble/categories/algebras/number_fields.sage	OwnedNumberFields.ElementMethods	class	396	25			unreviewed
preamble/categories/algebras/number_fields.sage	OwnedNumberFields.ElementMethods.matrix	method	416	3			unreviewed
preamble/categories/algebras/number_fields.sage	OwnedNumberFields.ElementMethods.norm	method	433	7			unreviewed
preamble/categories/algebras/number_fields.sage	OwnedNumberFields.ElementMethods.trace	method	437	4			unreviewed
preamble/categories/algebras/number_fields.sage	OwnedNumberFields.ElementMethods.characteristic_polynomial	method	441	1	src/dzack_research/preamble/categories/rings/number_fields.py		unreviewed
preamble/categories/algebras/number_fields.sage	OwnedNumberFields.ElementMethods.minimal_polynomial	method	452	1	src/dzack_research/preamble/categories/rings/number_fields.py		unreviewed
preamble/categories/algebras/number_fields.sage	OwnedNumberFields.ElementMethods.is_integral	method	458	2			unreviewed
preamble/categories/algebras/number_fields.sage	OwnedNumberFields.ElementMethods.inverse	method	470	16			unreviewed
preamble/categories/algebras/number_fields.sage	OwnedNumberFields.ElementMethods.conjugates	method	484	1	src/dzack_research/preamble/categories/rings/number_fields.py		unreviewed
preamble/categories/algebras/number_fields.sage	own_number_field	function	501	0			unreviewed
preamble/categories/divisors/cartier_divisor_groups.sage	<module>	module	1	0			unreviewed
preamble/categories/divisors/cartier_divisor_groups.sage	CartierDivisorGroup	function	13	1	src/dzack_research/preamble/categories/divisors/cartier_divisor_groups.py		unreviewed
preamble/categories/divisors/cartier_divisor_groups.sage	CartierDivisorGroups	class	21	1	src/dzack_research/preamble/categories/divisors/cartier_divisor_groups.py		unreviewed
preamble/categories/divisors/cartier_divisor_groups.sage	CartierDivisorGroups.super_categories	method	28	99			unreviewed
preamble/categories/divisors/class_groups.sage	<module>	module	1	0			unreviewed
preamble/categories/divisors/class_groups.sage	ClassGroup	function	13	1	src/dzack_research/preamble/categories/divisors/class_groups.py		unreviewed
preamble/categories/divisors/class_groups.sage	ClassGroups	class	21	1	src/dzack_research/preamble/categories/divisors/class_groups.py		unreviewed
preamble/categories/divisors/class_groups.sage	ClassGroups.super_categories	method	28	99			unreviewed
preamble/categories/divisors/divisor_groups.sage	<module>	module	1	0			unreviewed
preamble/categories/divisors/divisor_groups.sage	DivisorGroup	function	19	1	src/dzack_research/preamble/categories/divisors/divisor_groups.py		unreviewed
preamble/categories/divisors/divisor_groups.sage	DivisorGroups	class	27	1	src/dzack_research/preamble/categories/divisors/divisor_groups.py		unreviewed
preamble/categories/divisors/divisor_groups.sage	DivisorGroups.super_categories	method	34	99			unreviewed
preamble/categories/divisors/divisor_groups.sage	FormalDivisorGroups	class	38	1	src/dzack_research/preamble/categories/divisors/divisor_groups.py		unreviewed
preamble/categories/divisors/divisor_groups.sage	FormalDivisorGroups.super_categories	method	45	99			unreviewed
preamble/categories/divisors/divisor_groups.sage	FormalDivisorGroups.ElementMethods	class	48	25			unreviewed
preamble/categories/divisors/divisor_groups.sage	FormalDivisorGroups.ElementMethods.terms	method	49	3			unreviewed
preamble/categories/divisors/divisor_groups.sage	FormalDivisorGroups.ElementMethods.components	method	56	5			unreviewed
preamble/categories/divisors/divisor_groups.sage	FormalDivisor	function	75	1	src/dzack_research/preamble/categories/divisors/divisor_groups.py		unreviewed
preamble/categories/divisors/picard_groups.sage	<module>	module	1	0			unreviewed
preamble/categories/divisors/picard_groups.sage	PicardGroup	function	13	1	src/dzack_research/preamble/categories/divisors/picard_groups.py		unreviewed
preamble/categories/divisors/picard_groups.sage	PicardGroups	class	21	1	src/dzack_research/preamble/categories/divisors/picard_groups.py		unreviewed
preamble/categories/divisors/picard_groups.sage	PicardGroups.super_categories	method	28	99			unreviewed
preamble/categories/divisors/weil_divisor_groups.sage	<module>	module	1	0			unreviewed
preamble/categories/divisors/weil_divisor_groups.sage	WeilDivisorGroup	function	14	1	src/dzack_research/preamble/categories/divisors/weil_divisor_groups.py		unreviewed
preamble/categories/divisors/weil_divisor_groups.sage	WeilDivisorGroups	class	22	1	src/dzack_research/preamble/categories/divisors/weil_divisor_groups.py		unreviewed
preamble/categories/divisors/weil_divisor_groups.sage	WeilDivisorGroups.super_categories	method	29	99			unreviewed
preamble/categories/forms/forms.sage	<module>	module	1	0			unreviewed
preamble/categories/forms/forms.sage	Pairing	binding	30	0			unreviewed
preamble/categories/forms/forms.sage	QuadraticValueMap	binding	31	0			unreviewed
preamble/categories/forms/forms.sage	FormDatum	binding	35	0			unreviewed
preamble/categories/forms/forms.sage	QuadraticFormDatum	binding	36	0			unreviewed
preamble/categories/forms/forms.sage	QuadraticMapMorphism	class	101	0			unreviewed
preamble/categories/forms/forms.sage	QuadraticMap	function	121	1	src/dzack_research/preamble/categories/forms/forms.py		unreviewed
preamble/categories/forms/forms.sage	classifying_morphism	function	140	2			unreviewed
preamble/categories/forms/forms.sage	quadratic_map_from_morphism	function	175	1	src/dzack_research/preamble/categories/forms/forms.py		unreviewed
preamble/categories/forms/forms.sage	BilinearFormHomset	class	199	0			unreviewed
preamble/categories/forms/forms.sage	BilinearFormHomset.module	method	228	7			unreviewed
preamble/categories/forms/forms.sage	QuadraticFormHomset	class	247	0			unreviewed
preamble/categories/forms/forms.sage	QuadraticFormHomset.module	method	269	7			unreviewed
preamble/categories/forms/forms.sage	BilinearForms	function	290	1	src/dzack_research/preamble/categories/forms/forms.py		unreviewed
preamble/categories/forms/forms.sage	QuadraticForms	function	296	1	src/dzack_research/preamble/categories/forms/forms.py		unreviewed
preamble/categories/forms/forms.sage	BilinearFormMorphism	class	338	0			unreviewed
preamble/categories/forms/forms.sage	BilinearFormMorphism.parent	method	344	0			unreviewed
preamble/categories/forms/forms.sage	BilinearFormMorphism.module	method	379	7			unreviewed
preamble/categories/forms/forms.sage	BilinearFormMorphism.gram_matrix	method	383	1	src/dzack_research/preamble/categories/lattices.py		unreviewed
preamble/categories/forms/forms.sage	BilinearFormMorphism.subdivide_gram_matrix	method	396	0			unreviewed
preamble/categories/forms/forms.sage	BilinearFormMorphism.norm	method	445	7			unreviewed
preamble/categories/forms/forms.sage	BilinearFormMorphism.polar_form	method	448	3			unreviewed
preamble/categories/forms/forms.sage	BilinearFormMorphism.pullback	method	468	5			unreviewed
preamble/categories/forms/forms.sage	BilinearFormMorphism.descends_along	method	484	1	src/dzack_research/preamble/categories/forms/forms.py		unreviewed
preamble/categories/forms/forms.sage	BilinearFormMorphism.values_matrix	method	520	1	src/dzack_research/preamble/categories/forms/forms.py		unreviewed
preamble/categories/forms/forms.sage	BilinearFormMorphism.image	method	530	29			unreviewed
preamble/categories/forms/forms.sage	QuadraticFormMorphism	class	590	0			unreviewed
preamble/categories/forms/forms.sage	QuadraticFormMorphism.parent	method	593	0			unreviewed
preamble/categories/forms/forms.sage	QuadraticFormMorphism.module	method	623	7			unreviewed
preamble/categories/forms/forms.sage	QuadraticFormMorphism.lift_form	method	655	1	src/dzack_research/preamble/categories/forms/forms.py		unreviewed
preamble/categories/forms/forms.sage	QuadraticFormMorphism.polar_form	method	673	3			unreviewed
preamble/categories/forms/forms.sage	QuadraticFormMorphism.b	method	683	5			unreviewed
preamble/categories/forms/forms.sage	QuadraticFormMorphism.gram_matrix	method	686	1	src/dzack_research/preamble/categories/lattices.py		unreviewed
preamble/categories/forms/forms.sage	QuadraticFormMorphism.pullback	method	708	5			unreviewed
preamble/categories/forms/forms.sage	QuadraticFormMorphism.descends_along	method	722	1	src/dzack_research/preamble/categories/forms/forms.py		unreviewed
preamble/categories/forms/forms.sage	QuadraticFormMorphism.values_matrix	method	758	1	src/dzack_research/preamble/categories/forms/forms.py		unreviewed
preamble/categories/forms/forms.sage	QuadraticFormMorphism.image	method	764	29			unreviewed
preamble/categories/forms/forms.sage	BilinearForm	function	827	1	src/dzack_research/preamble/categories/modules/framed/formed/form_modules.py		unreviewed
preamble/categories/forms/forms.sage	QuadraticForm	function	841	1	src/dzack_research/preamble/categories/modules/framed/formed/form_modules.py		unreviewed
preamble/categories/forms/gram_matrices.sage	<module>	module	1	0			unreviewed
preamble/categories/forms/gram_matrices.sage	gram_matrix_graph	function	13	0			unreviewed
preamble/categories/forms/gram_matrices.sage	gram_matrix_from_graph	function	38	0			unreviewed
preamble/categories/functors/algebra_base_change.sage	<module>	module	1	0			unreviewed
preamble/categories/functors/algebra_base_change.sage	AlgebraBaseChangeFunctor	class	28	0			unreviewed
preamble/categories/functors/algebra_base_change.sage	AlgebraBaseChangeFunctor.ring_map	method	43	8			unreviewed
preamble/categories/functors/algebra_base_change.sage	algebra_base_change	function	95	0			unreviewed
preamble/categories/functors/base_change_adjunction.sage	<module>	module	1	0			unreviewed
preamble/categories/functors/base_change_adjunction.sage	BaseChangeFunctor	class	45	0			unreviewed
preamble/categories/functors/base_change_adjunction.sage	BaseChangeFunctor.ring_map	method	54	8			unreviewed
preamble/categories/functors/base_change_adjunction.sage	fraction_field_base_change	function	174	0			unreviewed
preamble/categories/functors/base_change_adjunction.sage	RestrictedScalarsModules	class	202	1	src/dzack_research/preamble/categories/modules/pure/modules.py		unreviewed
preamble/categories/functors/base_change_adjunction.sage	RestrictedScalarsModules.super_categories	method	222	99			unreviewed
preamble/categories/functors/base_change_adjunction.sage	RestrictedScalarsModules.ParentMethods	class	229	89			unreviewed
preamble/categories/functors/base_change_adjunction.sage	RestrictedScalarsModules.ParentMethods.ring_map	method	245	8			unreviewed
preamble/categories/functors/base_change_adjunction.sage	RestrictedScalarsModules.ParentMethods.module_over_extension	method	248	1	src/dzack_research/preamble/categories/modules/pure/modules.py		unreviewed
preamble/categories/functors/base_change_adjunction.sage	RestrictedScalarsModules.ParentMethods.scalar_multiple	method	276	12			unreviewed
preamble/categories/functors/base_change_adjunction.sage	RestrictedScalarsModules.ParentMethods.zero	method	279	29			unreviewed
preamble/categories/functors/base_change_adjunction.sage	RestrictionOfScalarsFunctor	class	317	1	src/dzack_research/preamble/categories/functors/scalar_change.py		unreviewed
preamble/categories/functors/base_change_adjunction.sage	RestrictionOfScalarsFunctor.ring_map	method	333	8			unreviewed
preamble/categories/functors/base_change_adjunction.sage	BaseChangeAdjunction	class	364	1	src/dzack_research/preamble/categories/functors/scalar_change.py		unreviewed
preamble/categories/functors/base_change_adjunction.sage	BaseChangeAdjunction.unit	method	375	19			unreviewed
preamble/categories/functors/cardinality.sage	<module>	module	1	0			unreviewed
preamble/categories/functors/cardinality.sage	CardinalityFunctor	class	22	1	src/dzack_research/preamble/categories/functors/cardinality.py		unreviewed
preamble/categories/functors/cardinality.sage	cardinality_functor	function	54	2			unreviewed
preamble/categories/functors/form_forgetful_adjunction.sage	<module>	module	1	0			unreviewed
preamble/categories/functors/form_forgetful_adjunction.sage	ForgetTheFormFunctor	class	71	1	src/dzack_research/preamble/categories/functors/free_forms.py		unreviewed
preamble/categories/functors/form_forgetful_adjunction.sage	TautologicalFormFunctor	class	104	1	src/dzack_research/preamble/categories/functors/free_forms.py		unreviewed
preamble/categories/functors/form_forgetful_adjunction.sage	TautologicalBilinearFormFunctor	class	144	0			unreviewed
preamble/categories/functors/form_forgetful_adjunction.sage	TautologicalQuadraticFormFunctor	class	157	0			unreviewed
preamble/categories/functors/form_forgetful_adjunction.sage	FormForgetfulAdjunction	class	170	0			unreviewed
preamble/categories/functors/form_forgetful_adjunction.sage	FormForgetfulAdjunction.unit	method	173	19			unreviewed
preamble/categories/functors/form_forgetful_adjunction.sage	FormForgetfulAdjunction.counit	method	180	17			unreviewed
preamble/categories/functors/form_forgetful_adjunction.sage	FormForgetfulAdjunction.hom_set_isomorphism_forward	method	189	1	src/dzack_research/preamble/categories/functors/core.py		unreviewed
preamble/categories/functors/form_forgetful_adjunction.sage	FormForgetfulAdjunction.hom_set_isomorphism_inverse	method	195	1	src/dzack_research/preamble/categories/functors/core.py		unreviewed
preamble/categories/functors/form_forgetful_adjunction.sage	BilinearFormForgetfulAdjunction	class	207	0			unreviewed
preamble/categories/functors/form_forgetful_adjunction.sage	QuadraticFormForgetfulAdjunction	class	217	0			unreviewed
preamble/categories/functors/free_forgetful_adjunction.sage	<module>	module	1	0			unreviewed
preamble/categories/functors/free_forgetful_adjunction.sage	ModuleAlgebraFunctor	class	59	0			unreviewed
preamble/categories/functors/free_forgetful_adjunction.sage	FreeAlgebraFunctor	class	164	0			unreviewed
preamble/categories/functors/free_forgetful_adjunction.sage	FreeAlgebraFunctor.unit	method	184	19			unreviewed
preamble/categories/functors/free_forgetful_adjunction.sage	TensorAlgebraFunctor	function	207	1	src/dzack_research/preamble/categories/functors/free_algebras.py		unreviewed
preamble/categories/functors/free_forgetful_adjunction.sage	SymmetricAlgebraFunctor	function	211	1	src/dzack_research/preamble/categories/functors/free_algebras.py		unreviewed
preamble/categories/functors/free_forgetful_adjunction.sage	AlternatingAlgebraFunctor	function	215	1	src/dzack_research/preamble/categories/functors/free_algebras.py		unreviewed
preamble/categories/functors/free_forgetful_adjunction.sage	DividedPowerAlgebraFunctor	function	220	1	src/dzack_research/preamble/categories/functors/free_algebras.py		unreviewed
preamble/categories/functors/free_forgetful_adjunction.sage	FreeModuleFunctorClass	class	232	0			unreviewed
preamble/categories/functors/free_forgetful_adjunction.sage	UnderlyingSetOfGroupFunctor	class	278	0			unreviewed
preamble/categories/functors/free_forgetful_adjunction.sage	GroupRingFunctor	class	304	0			unreviewed
preamble/categories/functors/free_forgetful_adjunction.sage	GroupRingFunctor.base_ring	method	332	32			unreviewed
preamble/categories/functors/free_forgetful_adjunction.sage	FreeModuleOnGroupFunctor	class	367	0			unreviewed
preamble/categories/functors/free_forgetful_adjunction.sage	FreeModuleOnGroupFunctor.base_ring	method	391	32			unreviewed
preamble/categories/functors/free_forgetful_adjunction.sage	ForgetfulFunctorClass	class	403	0			unreviewed
preamble/categories/functors/free_forgetful_adjunction.sage	Adjunction	class	430	1	src/dzack_research/preamble/categories/functors/core.py		unreviewed
preamble/categories/functors/free_forgetful_adjunction.sage	Adjunction.left_adjoint	method	437	1	src/dzack_research/preamble/categories/functors/core.py		unreviewed
preamble/categories/functors/free_forgetful_adjunction.sage	Adjunction.right_adjoint	method	441	1	src/dzack_research/preamble/categories/functors/core.py		unreviewed
preamble/categories/functors/free_forgetful_adjunction.sage	Adjunction.unit	method	446	19			unreviewed
preamble/categories/functors/free_forgetful_adjunction.sage	Adjunction.counit	method	451	17			unreviewed
preamble/categories/functors/free_forgetful_adjunction.sage	Adjunction.hom_set_isomorphism_forward	method	456	1	src/dzack_research/preamble/categories/functors/core.py		unreviewed
preamble/categories/functors/free_forgetful_adjunction.sage	Adjunction.hom_set_isomorphism_inverse	method	461	1	src/dzack_research/preamble/categories/functors/core.py		unreviewed
preamble/categories/functors/free_forgetful_adjunction.sage	FreeForgetfulAdjunction	class	468	1	src/dzack_research/preamble/categories/functors/free_forgetful.py		unreviewed
preamble/categories/functors/free_forgetful_adjunction.sage	FreeForgetfulAdjunction.unit	method	483	19			unreviewed
preamble/categories/functors/free_forgetful_adjunction.sage	FreeForgetfulAdjunction.counit	method	492	17			unreviewed
preamble/categories/functors/free_forgetful_adjunction.sage	FreeForgetfulAdjunction.hom_set_isomorphism_forward	method	500	1	src/dzack_research/preamble/categories/functors/core.py		unreviewed
preamble/categories/functors/free_forgetful_adjunction.sage	FreeForgetfulAdjunction.hom_set_isomorphism_inverse	method	512	1	src/dzack_research/preamble/categories/functors/core.py		unreviewed
preamble/categories/functors/ring_centers.sage	<module>	module	1	0			unreviewed
preamble/categories/functors/ring_centers.sage	RingCenterFunctor	class	36	1	src/dzack_research/preamble/categories/rings/ring_foundation.py		unreviewed
preamble/categories/functors/trivial_action.sage	<module>	module	1	0			unreviewed
preamble/categories/functors/trivial_action.sage	GroupModuleForgetfulFunctor	class	43	0			unreviewed
preamble/categories/functors/trivial_action.sage	group_module_forgetful_functor	function	67	0			unreviewed
preamble/categories/functors/trivial_action.sage	TrivialActionFunctor	class	74	1	src/dzack_research/preamble/categories/functors/group_actions.py		unreviewed
preamble/categories/functors/trivial_action.sage	TrivialActionFunctor.group	method	81	11			unreviewed
preamble/categories/functors/trivial_action.sage	trivial_action	function	133	2			unreviewed
preamble/categories/functors/twist.sage	<module>	module	1	0			unreviewed
preamble/categories/functors/twist.sage	TwistFunctor	class	26	1	src/dzack_research/preamble/categories/functors/twist.py		unreviewed
preamble/categories/functors/twist.sage	TwistFunctor.scale	method	47	1	src/dzack_research/preamble/categories/functors/twist.py		unreviewed
preamble/categories/group/finitely_presented_groups.sage	<module>	module	1	0			unreviewed
preamble/categories/group/finitely_presented_groups.sage	GroupsWithChosenFinitePresentation	class	27	1	src/dzack_research/preamble/categories/group/groups.py		unreviewed
preamble/categories/group/finitely_presented_groups.sage	GroupsWithChosenFinitePresentation.super_categories	method	40	99			unreviewed
preamble/categories/group/finitely_presented_groups.sage	GroupsWithChosenFinitePresentation.ParentMethods	class	43	89			unreviewed
preamble/categories/group/finitely_presented_groups.sage	install_finitely_presented_groups	function	229	0			unreviewed
preamble/categories/group/g_sets.sage	<module>	module	1	0			unreviewed
preamble/categories/group/g_sets.sage	GSets	class	32	1	src/dzack_research/preamble/categories/group/g_sets.py		unreviewed
preamble/categories/group/g_sets.sage	GSets.super_categories	method	42	99			unreviewed
preamble/categories/group/g_sets.sage	GSets.acting_group	method	45	8			unreviewed
preamble/categories/group/g_sets.sage	GSets.ParentMethods	class	48	89			unreviewed
preamble/categories/group/g_sets.sage	GSets.ParentMethods.action	method	50	9			unreviewed
preamble/categories/group/g_sets.sage	GSets.ParentMethods.acting_group	method	59	8			unreviewed
preamble/categories/group/g_sets.sage	GSets.ParentMethods.act	method	63	7			unreviewed
preamble/categories/group/g_sets.sage	Torsors	class	68	1	src/dzack_research/preamble/categories/group/g_sets.py		unreviewed
preamble/categories/group/g_sets.sage	Torsors.super_categories	method	78	99			unreviewed
preamble/categories/group/g_sets.sage	Torsors.acting_group	method	81	8			unreviewed
preamble/categories/group/g_sets.sage	Torsors.ParentMethods	class	84	89			unreviewed
preamble/categories/group/g_sets.sage	Torsors.ParentMethods.an_element	method	86	12			unreviewed
preamble/categories/group/g_sets.sage	Torsors.ParentMethods.transporter	method	95	6			unreviewed
preamble/categories/group/group_morphisms.sage	<module>	module	1	0			unreviewed
preamble/categories/group/group_morphisms.sage	GroupHomomorphism	class	83	1	src/dzack_research/preamble/categories/group/groups.py		unreviewed
preamble/categories/group/group_morphisms.sage	GroupHomomorphism.parent	method	96	0			unreviewed
preamble/categories/group/group_morphisms.sage	GroupHomomorphism.gap	method	97	0			unreviewed
preamble/categories/group/group_morphisms.sage	GroupHomomorphism.domain	method	98	8			unreviewed
preamble/categories/group/group_morphisms.sage	GroupHomomorphism.codomain	method	99	10			unreviewed
preamble/categories/group/group_morphisms.sage	GroupHomset	class	101	1	src/dzack_research/preamble/categories/group/groups.py		unreviewed
preamble/categories/group/group_morphisms.sage	GroupHomset.domain	method	117	8			unreviewed
preamble/categories/group/group_morphisms.sage	GroupHomset.codomain	method	118	10			unreviewed
preamble/categories/group/group_morphisms.sage	group_homset	function	210	1	src/dzack_research/preamble/categories/group/groups.py		unreviewed
preamble/categories/group/group_morphisms.sage	GroupAutomorphism	class	215	1	src/dzack_research/preamble/categories/group/groups.py		unreviewed
preamble/categories/group/group_morphisms.sage	GroupAutomorphism.parent	method	219	0			unreviewed
preamble/categories/group/group_morphisms.sage	GroupAutomorphismGroups	class	221	1	src/dzack_research/preamble/categories/group/groups.py		unreviewed
preamble/categories/group/group_morphisms.sage	GroupAutomorphismGroups.super_categories	method	224	99			unreviewed
preamble/categories/group/group_morphisms.sage	GroupAutomorphismGroups.ElementMethods	class	227	25			unreviewed
preamble/categories/group/group_morphisms.sage	GroupAutomorphismGroups.ElementMethods.inverse	method	228	16			unreviewed
preamble/categories/group/group_morphisms.sage	GroupAutomorphismGroups.ParentMethods	class	246	89			unreviewed
preamble/categories/group/group_morphisms.sage	GroupAutomorphismGroups.ParentMethods.one	method	319	24			unreviewed
preamble/categories/group/group_morphisms.sage	GroupAutomorphismGroups.ParentMethods.group_generators	method	325	7			unreviewed
preamble/categories/group/group_morphisms.sage	GroupAutomorphismGroup	class	350	1	src/dzack_research/preamble/categories/group/groups.py		unreviewed
preamble/categories/group/group_morphisms.sage	GroupAutomorphismGroup.engine_subgroup	method	380	0			unreviewed
preamble/categories/group/group_morphisms.sage	GroupAutomorphismGroup.supergroup	method	383	8			unreviewed
preamble/categories/group/group_morphisms.sage	GroupAutomorphismGroup.set_supergroup	method	386	1	src/dzack_research/preamble/categories/group/groups.py		unreviewed
preamble/categories/group/groups.sage	<module>	module	1	0			unreviewed
preamble/categories/group/groups.sage	SubgroupInclusion	class	69	1	src/dzack_research/preamble/categories/group/groups.py		unreviewed
preamble/categories/group/groups.sage	SubgroupInclusion.is_injective	method	72	10			unreviewed
preamble/categories/group/groups.sage	OwnedGroups	class	327	1	src/dzack_research/preamble/categories/group/groups.py		unreviewed
preamble/categories/group/groups.sage	OwnedGroups.super_categories	method	429	99			unreviewed
preamble/categories/group/groups.sage	OwnedGroups.ParentMethods	class	444	89			unreviewed
preamble/categories/group/groups.sage	OwnedGroups.ParentMethods.is_finitely_generated	method	449	4			unreviewed
preamble/categories/group/groups.sage	OwnedGroups.ParentMethods.is_arithmetic_group	method	473	1	src/dzack_research/preamble/categories/group/groups.py		unreviewed
preamble/categories/group/groups.sage	OwnedGroups.ParentMethods.End	method	498	4			unreviewed
preamble/categories/group/groups.sage	OwnedGroups.ParentMethods.Aut	method	523	6			unreviewed
preamble/categories/group/groups.sage	OwnedGroups.ParentMethods.is_isomorphic_to	method	552	2			unreviewed
preamble/categories/group/groups.sage	OwnedGroups._HomCategory.ElementMethods	class	578	25			unreviewed
preamble/categories/group/groups.sage	OwnedGroups.Subobjects	class	596	1	src/dzack_research/preamble/categories/abstract_categories/constructions.py		unreviewed
preamble/categories/group/groups.sage	OwnedGroups.Subobjects.ParentMethods	class	620	89			unreviewed
preamble/categories/group/groups.sage	OwnedGroups.Subobjects.ParentMethods.inclusion	method	621	17			unreviewed
preamble/categories/group/groups.sage	OwnedFinitelyGeneratedGroups	class	635	1	src/dzack_research/preamble/categories/group/groups.py		unreviewed
preamble/categories/group/groups.sage	OwnedFinitelyGeneratedGroups.super_categories	method	647	99			unreviewed
preamble/categories/group/groups.sage	OwnedFinitelyGeneratedGroups.ParentMethods	class	650	89			unreviewed
preamble/categories/group/groups.sage	OwnedFinitelyGeneratedGroups.ParentMethods.is_finitely_generated	method	651	4			unreviewed
preamble/categories/group/groups.sage	OwnedFinitelyGeneratedGroups.ParentMethods.group_generators	method	655	7			unreviewed
preamble/categories/group/groups.sage	OwnedFinitelyGeneratedGroups.ParentMethods.number_of_group_generators	method	659	4			unreviewed
preamble/categories/group/groups.sage	OwnedFinitelyGeneratedGroups.ParentMethods.conjugation_morphism	method	665	1	src/dzack_research/preamble/categories/group/groups.py		unreviewed
preamble/categories/group/groups.sage	coxeter_presentation	function	684	1	src/dzack_research/preamble/categories/group/groups.py		unreviewed
preamble/categories/group/groups.sage	OwnedFinitelyPresentedGroups	class	801	1	src/dzack_research/preamble/categories/group/groups.py		unreviewed
preamble/categories/group/groups.sage	OwnedFinitelyPresentedGroups.super_categories	method	814	99			unreviewed
preamble/categories/group/groups.sage	OwnedFinitelyPresentedGroups.ParentMethods	class	817	89			unreviewed
preamble/categories/group/groups.sage	OwnedFinitelyPresentedGroups.ParentMethods.is_finitely_presented	method	818	3			unreviewed
preamble/categories/group/groups.sage	OwnedFinitelyPresentedGroups.ParentMethods.presenting_free_group	method	822	1	src/dzack_research/preamble/categories/group/groups.py		unreviewed
preamble/categories/group/groups.sage	OwnedFinitelyPresentedGroups.ParentMethods.defining_relations	method	835	1	src/dzack_research/preamble/categories/group/groups.py		unreviewed
preamble/categories/group/groups.sage	AbelianGroupEndomorphismRings	class	849	1	src/dzack_research/preamble/categories/group/groups.py		unreviewed
preamble/categories/group/groups.sage	AbelianGroupEndomorphismRings.super_categories	method	866	99			unreviewed
preamble/categories/group/groups.sage	AbelianGroupEndomorphismRings.ElementMethods	class	869	25			unreviewed
preamble/categories/group/groups.sage	AbelianGroupEndomorphismRings.ParentMethods	class	912	89			unreviewed
preamble/categories/group/groups.sage	AbelianGroupEndomorphismRings.ParentMethods.domain	method	946	8			unreviewed
preamble/categories/group/groups.sage	AbelianGroupEndomorphismRings.ParentMethods.codomain	method	949	10			unreviewed
preamble/categories/group/groups.sage	AbelianGroupEndomorphismRings.ParentMethods.one	method	958	24			unreviewed
preamble/categories/group/groups.sage	AbelianGroupEndomorphismRings.ParentMethods.zero	method	961	29			unreviewed
preamble/categories/group/groups.sage	OwnedAbelianGroups	class	977	0			unreviewed
preamble/categories/group/groups.sage	OwnedAbelianGroups.super_categories	method	989	99			unreviewed
preamble/categories/group/groups.sage	OwnedAbelianGroups.ParentMethods	class	994	89			unreviewed
preamble/categories/group/groups.sage	OwnedAbelianGroups.ParentMethods.endomorphism_ring	method	996	1	src/dzack_research/preamble/categories/group/groups.py		unreviewed
preamble/categories/group/groups.sage	OwnedFiniteGroups	class	1034	0			unreviewed
preamble/categories/group/groups.sage	OwnedFiniteGroups.super_categories	method	1041	99			unreviewed
preamble/categories/group/groups.sage	OwnedFiniteGroups.ParentMethods	class	1044	89			unreviewed
preamble/categories/group/groups.sage	OwnedFiniteGroups.ParentMethods.conjugacy_classes_representatives	method	1045	1	src/dzack_research/preamble/categories/group/groups.py		unreviewed
preamble/categories/group/groups.sage	OwnedFiniteGroups.ParentMethods.irreducible_characters	method	1056	1	src/dzack_research/preamble/categories/group/groups.py		unreviewed
preamble/categories/group/groups.sage	OwnedFiniteGroups.ParentMethods.character	method	1066	5			unreviewed
preamble/categories/group/groups.sage	OwnedFiniteGroups.ParentMethods.trivial_character	method	1074	1	src/dzack_research/preamble/categories/group/groups.py		unreviewed
preamble/categories/group/groups.sage	OwnedFiniteAbelianGroups	class	1086	0			unreviewed
preamble/categories/group/groups.sage	OwnedFiniteAbelianGroups.super_categories	method	1093	99			unreviewed
preamble/categories/group/groups.sage	refine_group	function	1115	0			unreviewed
preamble/categories/group/groups.sage	install_groups	function	1217	0			unreviewed
preamble/categories/group/magmas.sage	<module>	module	1	0			unreviewed
preamble/categories/group/magmas.sage	Magmas	class	32	1	src/dzack_research/preamble/categories/group/magmas.py		unreviewed
preamble/categories/group/magmas.sage	Magmas.super_categories	method	47	99			unreviewed
preamble/categories/group/magmas.sage	Semigroups	class	55	1	src/dzack_research/preamble/categories/group/magmas.py		unreviewed
preamble/categories/group/magmas.sage	Semigroups.super_categories	method	62	99			unreviewed
preamble/categories/group/magmas.sage	Monoids	class	66	1	src/dzack_research/preamble/categories/group/magmas.py		unreviewed
preamble/categories/group/magmas.sage	Monoids.super_categories	method	76	99			unreviewed
preamble/categories/group/magmas.sage	AdditiveMagmas	class	80	1	src/dzack_research/preamble/categories/group/magmas.py		unreviewed
preamble/categories/group/magmas.sage	AdditiveMagmas.super_categories	method	93	99			unreviewed
preamble/categories/group/magmas.sage	AdditiveSemigroups	class	100	1	src/dzack_research/preamble/categories/group/magmas.py		unreviewed
preamble/categories/group/magmas.sage	AdditiveSemigroups.super_categories	method	107	99			unreviewed
preamble/categories/group/magmas.sage	AdditiveMonoids	class	111	1	src/dzack_research/preamble/categories/group/magmas.py		unreviewed
preamble/categories/group/magmas.sage	AdditiveMonoids.super_categories	method	118	99			unreviewed
preamble/categories/group/magmas.sage	AdditiveGroups	class	122	1	src/dzack_research/preamble/categories/group/magmas.py		unreviewed
preamble/categories/group/magmas.sage	AdditiveGroups.super_categories	method	129	99			unreviewed
preamble/categories/group/predicate_subgroups.sage	<module>	module	1	0			unreviewed
preamble/categories/group/predicate_subgroups.sage	PredicateSubgroups	class	38	1	src/dzack_research/preamble/categories/group/predicate_subgroups.py		unreviewed
preamble/categories/group/predicate_subgroups.sage	PredicateSubgroups.super_categories	method	56	99			unreviewed
preamble/categories/group/predicate_subgroups.sage	PredicateSubgroups.ParentMethods	class	59	89			unreviewed
preamble/categories/group/predicate_subgroups.sage	PredicateSubgroups.ParentMethods.supergroup	method	86	8			unreviewed
preamble/categories/group/predicate_subgroups.sage	PredicateSubgroups.ParentMethods.defining_predicate	method	90	3			unreviewed
preamble/categories/group/predicate_subgroups.sage	PredicateSubgroups.ParentMethods.one	method	110	24			unreviewed
preamble/categories/group/predicate_subgroups.sage	is_predicate_subgroup	function	131	1	src/dzack_research/preamble/categories/group/predicate_subgroups.py		unreviewed
preamble/categories/group/predicate_subgroups.sage	predicate_subgroup_category	function	140	1	src/dzack_research/preamble/categories/group/predicate_subgroups.py		unreviewed
preamble/categories/group/predicate_subgroups.sage	predicate_subgroup	function	149	1	src/dzack_research/preamble/categories/group/predicate_subgroups.py		unreviewed
preamble/categories/group/predicate_subgroups.sage	centralizer	function	163	2			unreviewed
preamble/categories/group/profinite/absolute_galois_group.sage	<module>	module	1	0			unreviewed
preamble/categories/group/profinite/absolute_galois_group.sage	FrobeniusElement	class	51	1	src/dzack_research/preamble/categories/group/profinite/absolute_galois_group.py		unreviewed
preamble/categories/group/profinite/absolute_galois_group.sage	RealizedAbsoluteGaloisGroups	class	83	0			unreviewed
preamble/categories/group/profinite/absolute_galois_group.sage	RealizedAbsoluteGaloisGroups.super_categories	method	107	99			unreviewed
preamble/categories/group/profinite/absolute_galois_group.sage	RealizedAbsoluteGaloisGroups.ParentMethods	class	113	89			unreviewed
preamble/categories/group/profinite/absolute_galois_group.sage	RealizedAbsoluteGaloisGroups.ParentMethods.finite_quotient	method	117	1	src/dzack_research/preamble/categories/group/profinite/absolute_galois_group.py		unreviewed
preamble/categories/group/profinite/absolute_galois_group.sage	RealizedAbsoluteGaloisGroups.ParentMethods.base_field	method	150	2			unreviewed
preamble/categories/group/profinite/absolute_galois_group.sage	RealizedAbsoluteGaloisGroups.ParentMethods.algebraic_closure	method	154	2			unreviewed
preamble/categories/group/profinite/absolute_galois_group.sage	RealizedAbsoluteGaloisGroups.ParentMethods.base_embedding	method	158	2			unreviewed
preamble/categories/group/profinite/absolute_galois_group.sage	RealizedAbsoluteGaloisGroups.ParentMethods.choice_policy	method	162	0			unreviewed
preamble/categories/group/profinite/absolute_galois_group.sage	RealizedAbsoluteGaloisGroups.ParentMethods.choice_data	method	166	1	src/dzack_research/preamble/categories/group/profinite/absolute_galois_group.py		unreviewed
preamble/categories/group/profinite/absolute_galois_group.sage	RealizedAbsoluteGaloisGroups.ParentMethods.has_canonical_realization	method	174	1	src/dzack_research/preamble/categories/group/profinite/absolute_galois_group.py		unreviewed
preamble/categories/group/profinite/absolute_galois_group.sage	RealizedAbsoluteGaloisGroups.ParentMethods.geometric_point	method	183	0			unreviewed
preamble/categories/group/profinite/absolute_galois_group.sage	RealizedAbsoluteGaloisGroups.ParentMethods.one	method	192	24			unreviewed
preamble/categories/group/profinite/absolute_galois_group.sage	RealizedAbsoluteGaloisGroups.ParentMethods.an_element	method	196	12			unreviewed
preamble/categories/group/profinite/absolute_galois_group.sage	AbsoluteGaloisGroupsOfFiniteFields	class	250	1	src/dzack_research/preamble/categories/group/profinite/absolute_galois_groups.py		unreviewed
preamble/categories/group/profinite/absolute_galois_group.sage	AbsoluteGaloisGroupsOfFiniteFields.super_categories	method	267	99			unreviewed
preamble/categories/group/profinite/absolute_galois_group.sage	AbsoluteGaloisGroupsOfFiniteFields.ParentMethods	class	270	89			unreviewed
preamble/categories/group/profinite/absolute_galois_group.sage	AbsoluteGaloisGroupsOfFiniteFields.ParentMethods.frobenius	method	271	1	src/dzack_research/preamble/categories/group/profinite/absolute_galois_group.py		unreviewed
preamble/categories/group/profinite/absolute_galois_group.sage	AbsoluteGaloisGroupsOfFiniteFields.ParentMethods.topological_group_generators	method	275	3			unreviewed
preamble/categories/group/profinite/absolute_galois_group.sage	AbsoluteGaloisGroupsOfFiniteFields.ParentMethods.is_abelian	method	279	5			unreviewed
preamble/categories/group/profinite/absolute_galois_group.sage	AbsoluteGaloisGroupsOfFiniteFields.ParentMethods.has_canonical_realization	method	283	1	src/dzack_research/preamble/categories/group/profinite/absolute_galois_group.py		unreviewed
preamble/categories/group/profinite/absolute_galois_group.sage	LiftCoset	class	288	1	src/dzack_research/preamble/categories/group/profinite/galois_quotient.py		unreviewed
preamble/categories/group/profinite/absolute_galois_group.sage	LiftCoset.ambient	method	307	2			unreviewed
preamble/categories/group/profinite/absolute_galois_group.sage	LiftCoset.representative	method	310	10			unreviewed
preamble/categories/group/profinite/absolute_galois_group.sage	LiftCoset.extension	method	313	3			unreviewed
preamble/categories/group/profinite/absolute_galois_group.sage	absolute_galois_group_category	function	330	1	src/dzack_research/preamble/categories/group/profinite/absolute_galois_groups.py		unreviewed
preamble/categories/group/profinite/absolute_galois_group.sage	absolute_galois_group	function	344	1	src/dzack_research/preamble/categories/rings/ring_foundation.py		unreviewed
preamble/categories/group/profinite/absolute_galois_group_element.sage	<module>	module	1	0			unreviewed
preamble/categories/group/profinite/absolute_galois_group_element.sage	AbsoluteGaloisGroupElement	class	37	1	src/dzack_research/preamble/categories/group/profinite/absolute_galois_group.py		unreviewed
preamble/categories/group/profinite/absolute_galois_group_element.sage	AbsoluteGaloisGroupElement.parent	method	61	0			unreviewed
preamble/categories/group/profinite/absolute_galois_group_element.sage	AbsoluteGaloisGroupElement.stage	method	64	0			unreviewed
preamble/categories/group/profinite/absolute_galois_group_element.sage	AbsoluteGaloisGroupElement.action	method	68	9			unreviewed
preamble/categories/group/profinite/absolute_galois_group_element.sage	AbsoluteGaloisGroupElement.restrict	method	96	5			unreviewed
preamble/categories/group/profinite/absolute_galois_group_element.sage	AbsoluteGaloisGroupElement.conjugacy_class	method	108	2			unreviewed
preamble/categories/group/profinite/absolute_galois_group_element.sage	ElementConjugacyClass	class	127	1	src/dzack_research/preamble/categories/group/profinite/absolute_galois_group.py		unreviewed
preamble/categories/group/profinite/absolute_galois_group_element.sage	ElementConjugacyClass.ambient	method	142	2			unreviewed
preamble/categories/group/profinite/absolute_galois_group_element.sage	ElementConjugacyClass.representative	method	145	10			unreviewed
preamble/categories/group/profinite/absolute_galois_group_subgroup.sage	<module>	module	1	0			unreviewed
preamble/categories/group/profinite/absolute_galois_group_subgroup.sage	OpenAbsoluteGaloisSubgroups	class	48	1	src/dzack_research/preamble/categories/group/profinite/absolute_galois_groups.py		unreviewed
preamble/categories/group/profinite/absolute_galois_group_subgroup.sage	OpenAbsoluteGaloisSubgroups.super_categories	method	66	99			unreviewed
preamble/categories/group/profinite/absolute_galois_group_subgroup.sage	OpenAbsoluteGaloisSubgroups.ParentMethods	class	69	89			unreviewed
preamble/categories/group/profinite/absolute_galois_group_subgroup.sage	OpenAbsoluteGaloisSubgroups.ParentMethods.ambient	method	76	2			unreviewed
preamble/categories/group/profinite/absolute_galois_group_subgroup.sage	OpenAbsoluteGaloisSubgroups.ParentMethods.fixed_field	method	80	2			unreviewed
preamble/categories/group/profinite/absolute_galois_group_subgroup.sage	OpenAbsoluteGaloisSubgroups.ParentMethods.embedding	method	84	4			unreviewed
preamble/categories/group/profinite/absolute_galois_group_subgroup.sage	OpenAbsoluteGaloisSubgroups.ParentMethods.index	method	88	6			unreviewed
preamble/categories/group/profinite/absolute_galois_group_subgroup.sage	OpenAbsoluteGaloisSubgroups.ParentMethods.is_normal	method	93	5			unreviewed
preamble/categories/group/profinite/absolute_galois_group_subgroup.sage	OpenAbsoluteGaloisSubgroups.ParentMethods.core	method	98	1	src/dzack_research/preamble/categories/group/profinite/absolute_galois_group.py		unreviewed
preamble/categories/group/profinite/absolute_galois_group_subgroup.sage	OpenAbsoluteGaloisSubgroups.ParentMethods.conjugacy_class	method	104	2			unreviewed
preamble/categories/group/profinite/absolute_galois_group_subgroup.sage	open_absolute_galois_subgroup	function	122	1	src/dzack_research/preamble/categories/group/profinite/absolute_galois_group.py		unreviewed
preamble/categories/group/profinite/absolute_galois_group_subgroup.sage	OpenGaloisSubgroupConjugacyClass	class	139	1	src/dzack_research/preamble/categories/group/profinite/absolute_galois_group.py		unreviewed
preamble/categories/group/profinite/absolute_galois_group_subgroup.sage	OpenGaloisSubgroupConjugacyClass.ambient	method	151	2			unreviewed
preamble/categories/group/profinite/absolute_galois_group_subgroup.sage	OpenGaloisSubgroupConjugacyClass.fixed_field	method	154	2			unreviewed
preamble/categories/group/profinite/absolute_galois_group_subgroup.sage	OpenGaloisSubgroupConjugacyClass.index	method	157	6			unreviewed
preamble/categories/group/profinite/absolute_galois_group_subgroup.sage	OpenGaloisSubgroupConjugacyClass.representative	method	161	10			unreviewed
preamble/categories/group/profinite/absolute_galois_groups.sage	<module>	module	1	0			unreviewed
preamble/categories/group/profinite/absolute_galois_groups.sage	G_K	binding	4	0			unreviewed
preamble/categories/group/profinite/absolute_galois_groups.sage	sage	binding	22	0			unreviewed
preamble/categories/group/profinite/absolute_galois_groups.sage	AbsoluteGaloisGroupParent	class	56	0			unreviewed
preamble/categories/group/profinite/absolute_galois_groups.sage	AbsoluteGaloisGroupParent.base_field	method	61	2			unreviewed
preamble/categories/group/profinite/absolute_galois_groups.sage	AbsoluteGaloisGroupParent.finite_quotient	method	63	1	src/dzack_research/preamble/categories/group/profinite/absolute_galois_group.py		unreviewed
preamble/categories/group/profinite/absolute_galois_groups.sage	AbsoluteGaloisGroupParent.restriction_map	method	64	3			unreviewed
preamble/categories/group/profinite/absolute_galois_groups.sage	AbsoluteGaloisGroupParent.lift	method	65	9			unreviewed
preamble/categories/group/profinite/absolute_galois_groups.sage	AbsoluteGaloisGroups	class	68	1	src/dzack_research/preamble/categories/group/profinite/absolute_galois_groups.py		unreviewed
preamble/categories/group/profinite/absolute_galois_groups.sage	AbsoluteGaloisGroups.super_categories	method	77	99			unreviewed
preamble/categories/group/profinite/absolute_galois_groups.sage	AbsoluteGaloisGroups.ParentMethods	class	83	89			unreviewed
preamble/categories/group/profinite/absolute_galois_groups.sage	AbsoluteGaloisGroups.ParentMethods.characteristic	method	84	4			unreviewed
preamble/categories/group/profinite/absolute_galois_groups.sage	AbsoluteGaloisGroups.ParentMethods.is_profinite	method	89	3			unreviewed
preamble/categories/group/profinite/absolute_galois_groups.sage	AbsoluteGaloisGroups.ParentMethods.is_abelian	method	93	5			unreviewed
preamble/categories/group/profinite/absolute_galois_groups.sage	AbsoluteGaloisGroups.ParentMethods.is_finitely_generated	method	97	4			unreviewed
preamble/categories/group/profinite/absolute_galois_groups.sage	AbsoluteGaloisGroups.ParentMethods.group_generators_are_computable	method	115	1	src/dzack_research/preamble/categories/group/profinite/absolute_galois_groups.py		unreviewed
preamble/categories/group/profinite/absolute_galois_groups.sage	AbsoluteGaloisGroups.ParentMethods.has_computed_group_generators	method	126	1	src/dzack_research/preamble/categories/group/profinite/absolute_galois_groups.py		unreviewed
preamble/categories/group/profinite/absolute_galois_groups.sage	AbsoluteGaloisGroups.ParentMethods.finite_quotient	method	132	1	src/dzack_research/preamble/categories/group/profinite/absolute_galois_group.py		unreviewed
preamble/categories/group/profinite/absolute_galois_groups.sage	AbsoluteGaloisGroups.ParentMethods.restriction_map	method	143	3			unreviewed
preamble/categories/group/profinite/absolute_galois_groups.sage	AbsoluteGaloisGroups.ParentMethods.open_subgroup	method	151	1	src/dzack_research/preamble/categories/group/profinite/absolute_galois_group.py		unreviewed
preamble/categories/group/profinite/absolute_galois_groups.sage	AbsoluteGaloisGroups.ParentMethods.open_subgroup_class	method	166	1	src/dzack_research/preamble/categories/group/profinite/absolute_galois_group.py		unreviewed
preamble/categories/group/profinite/absolute_galois_groups.sage	AbsoluteGaloisGroups.ParentMethods.cyclotomic_character	method	178	1	src/dzack_research/preamble/categories/group/profinite/absolute_galois_group.py		unreviewed
preamble/categories/group/profinite/absolute_galois_groups.sage	AbsoluteGaloisGroups.ParentMethods.quadratic_character	method	189	1	src/dzack_research/preamble/categories/group/profinite/absolute_galois_group.py		unreviewed
preamble/categories/group/profinite/absolute_galois_groups.sage	AbsoluteGaloisGroups.ParentMethods.decomposition_group	method	207	1	src/dzack_research/preamble/categories/group/profinite/absolute_galois_group.py		unreviewed
preamble/categories/group/profinite/absolute_galois_groups.sage	AbsoluteGaloisGroups.ParentMethods.decomposition_group_class	method	216	1	src/dzack_research/preamble/categories/group/profinite/absolute_galois_group.py		unreviewed
preamble/categories/group/profinite/absolute_galois_groups.sage	AbsoluteGaloisGroups.ParentMethods.inertia_group	method	225	1	src/dzack_research/preamble/categories/group/profinite/absolute_galois_group.py		unreviewed
preamble/categories/group/profinite/absolute_galois_groups.sage	AbsoluteGaloisGroups.ParentMethods.inertia_group_class	method	234	1	src/dzack_research/preamble/categories/group/profinite/absolute_galois_group.py		unreviewed
preamble/categories/group/profinite/absolute_galois_groups.sage	AbsoluteGaloisGroups.ParentMethods.frobenius	method	243	1	src/dzack_research/preamble/categories/group/profinite/absolute_galois_group.py		unreviewed
preamble/categories/group/profinite/absolute_galois_groups.sage	AbsoluteGaloisGroups.ParentMethods.frobenius_class	method	252	1	src/dzack_research/preamble/categories/group/profinite/absolute_galois_group.py		unreviewed
preamble/categories/group/profinite/absolute_galois_groups.sage	AbsoluteGaloisGroups.ParentMethods.lift	method	261	9			unreviewed
preamble/categories/group/profinite/absolute_galois_groups.sage	AbsoluteGaloisGroups.ParentMethods.lifts	method	270	1	src/dzack_research/preamble/categories/group/profinite/absolute_galois_group.py		unreviewed
preamble/categories/group/profinite/absolute_galois_groups.sage	AbsoluteGaloisGroups.ParentMethods.topological_generating_family	method	277	2			unreviewed
preamble/categories/group/profinite/absolute_galois_groups.sage	absolute_galois_group_factory	function	300	0			unreviewed
preamble/categories/group/profinite/galois_characters.sage	<module>	module	1	0			unreviewed
preamble/categories/group/profinite/galois_characters.sage	ProfiniteCharacterHomsets	class	47	0			unreviewed
preamble/categories/group/profinite/galois_characters.sage	ProfiniteCharacterHomsets.super_categories	method	50	99			unreviewed
preamble/categories/group/profinite/galois_characters.sage	ProfiniteCharacterHomsets.ParentMethods	class	57	89			unreviewed
preamble/categories/group/profinite/galois_characters.sage	ProfiniteCharacterHomsets.ElementMethods	class	73	25			unreviewed
preamble/categories/group/profinite/galois_characters.sage	ProfiniteCharacterHomsets.ElementMethods.extension	method	82	3			unreviewed
preamble/categories/group/profinite/galois_characters.sage	ProfiniteCharacterHomsets.ElementMethods.kernel	method	86	9			unreviewed
preamble/categories/group/profinite/galois_characters.sage	ProfiniteCharacterHomsets.ElementMethods.restrict	method	90	5			unreviewed
preamble/categories/group/profinite/galois_characters.sage	profinite_character_homset	function	99	0			unreviewed
preamble/categories/group/profinite/galois_characters.sage	CyclotomicCharacter	class	110	1	src/dzack_research/preamble/categories/group/profinite/galois_characters.py		unreviewed
preamble/categories/group/profinite/galois_characters.sage	QuadraticCharacter	class	122	1	src/dzack_research/preamble/categories/group/profinite/galois_characters.py		unreviewed
preamble/categories/group/profinite/galois_choice_policy.sage	<module>	module	1	0			unreviewed
preamble/categories/group/profinite/galois_choice_policy.sage	G	binding	18	0			unreviewed
preamble/categories/group/profinite/galois_choice_policy.sage	choice_policy	binding	19	0			unreviewed
preamble/categories/group/profinite/galois_choice_policy.sage	GaloisChoicePolicy	class	39	0			unreviewed
preamble/categories/group/profinite/galois_choice_policy.sage	GaloisChoicePolicy.name	method	51	0			unreviewed
preamble/categories/group/profinite/galois_choice_policy.sage	GaloisChoicePolicy.choose_embedding	method	55	0			unreviewed
preamble/categories/group/profinite/galois_choice_policy.sage	GaloisChoicePolicy.choose_extension	method	72	0			unreviewed
preamble/categories/group/profinite/galois_choice_policy.sage	GaloisChoicePolicy.choose_prolongation	method	85	0			unreviewed
preamble/categories/group/profinite/galois_choice_policy.sage	default_choice_policy	function	112	0			unreviewed
preamble/categories/group/profinite/galois_decomposition.sage	<module>	module	1	0			unreviewed
preamble/categories/group/profinite/galois_decomposition.sage	AbsoluteDecompositionGroup	class	50	1	src/dzack_research/preamble/categories/group/profinite/galois_decomposition.py		unreviewed
preamble/categories/group/profinite/galois_decomposition.sage	AbsoluteDecompositionGroup.ambient	method	64	2			unreviewed
preamble/categories/group/profinite/galois_decomposition.sage	AbsoluteDecompositionGroup.prime	method	67	2			unreviewed
preamble/categories/group/profinite/galois_decomposition.sage	AbsoluteDecompositionGroup.image	method	70	29			unreviewed
preamble/categories/group/profinite/galois_decomposition.sage	AbsoluteDecompositionGroup.conjugacy_class	method	76	2			unreviewed
preamble/categories/group/profinite/galois_decomposition.sage	AbsoluteInertiaGroup	class	94	1	src/dzack_research/preamble/categories/group/profinite/galois_decomposition.py		unreviewed
preamble/categories/group/profinite/galois_decomposition.sage	AbsoluteInertiaGroup.ambient	method	103	2			unreviewed
preamble/categories/group/profinite/galois_decomposition.sage	AbsoluteInertiaGroup.prime	method	106	2			unreviewed
preamble/categories/group/profinite/galois_decomposition.sage	AbsoluteInertiaGroup.image	method	109	29			unreviewed
preamble/categories/group/profinite/galois_decomposition.sage	AbsoluteInertiaGroup.conjugacy_class	method	115	2			unreviewed
preamble/categories/group/profinite/galois_decomposition.sage	FrobeniusConjugacyClass	class	133	1	src/dzack_research/preamble/categories/group/profinite/galois_decomposition.py		unreviewed
preamble/categories/group/profinite/galois_decomposition.sage	FrobeniusConjugacyClass.ambient	method	147	2			unreviewed
preamble/categories/group/profinite/galois_decomposition.sage	FrobeniusConjugacyClass.prime	method	150	2			unreviewed
preamble/categories/group/profinite/galois_decomposition.sage	FrobeniusConjugacyClass.image	method	153	29			unreviewed
preamble/categories/group/profinite/galois_decomposition.sage	FrobeniusConjugacyClass.conjugacy_class	method	159	2			unreviewed
preamble/categories/group/profinite/galois_decomposition.sage	DecompositionGroupConjugacyClass	class	177	1	src/dzack_research/preamble/categories/group/profinite/galois_decomposition.py		unreviewed
preamble/categories/group/profinite/galois_decomposition.sage	DecompositionGroupConjugacyClass.ambient	method	186	2			unreviewed
preamble/categories/group/profinite/galois_decomposition.sage	DecompositionGroupConjugacyClass.prime	method	189	2			unreviewed
preamble/categories/group/profinite/galois_decomposition.sage	DecompositionGroupConjugacyClass.representative	method	192	10			unreviewed
preamble/categories/group/profinite/galois_decomposition.sage	InertiaGroupConjugacyClass	class	212	1	src/dzack_research/preamble/categories/group/profinite/galois_decomposition.py		unreviewed
preamble/categories/group/profinite/galois_decomposition.sage	InertiaGroupConjugacyClass.ambient	method	221	2			unreviewed
preamble/categories/group/profinite/galois_decomposition.sage	InertiaGroupConjugacyClass.prime	method	224	2			unreviewed
preamble/categories/group/profinite/galois_decomposition.sage	InertiaGroupConjugacyClass.representative	method	227	10			unreviewed
preamble/categories/group/profinite/galois_quotient.sage	<module>	module	1	0			unreviewed
preamble/categories/group/profinite/galois_quotient.sage	restrict_along	function	46	1	src/dzack_research/preamble/categories/group/profinite/galois_quotient.py		unreviewed
preamble/categories/group/profinite/galois_quotient.sage	extensions_along	function	76	1	src/dzack_research/preamble/categories/group/profinite/galois_quotient.py		unreviewed
preamble/categories/group/profinite/galois_quotient.sage	GaloisRestrictionMap	class	96	1	src/dzack_research/preamble/categories/group/profinite/galois_quotient.py		unreviewed
preamble/categories/group/profinite/galois_quotient.sage	GaloisRestrictionMap.extension	method	105	3			unreviewed
preamble/categories/group/profinite/galois_quotient.sage	GaloisRestrictionMap.kernel	method	109	9			unreviewed
preamble/categories/group/profinite/profinite_groups.sage	<module>	module	1	0			unreviewed
preamble/categories/group/profinite/profinite_groups.sage	GroupParent	class	40	0			unreviewed
preamble/categories/group/profinite/profinite_groups.sage	GroupParent.group_generators	method	44	7			unreviewed
preamble/categories/group/profinite/profinite_groups.sage	ProfiniteGroups	class	47	1	src/dzack_research/preamble/categories/group/profinite/profinite_groups.py		unreviewed
preamble/categories/group/profinite/profinite_groups.sage	ProfiniteGroups.super_categories	method	55	99			unreviewed
preamble/categories/group/profinite/profinite_groups.sage	ProfiniteGroups.ParentMethods	class	61	89			unreviewed
preamble/categories/group/profinite/profinite_groups.sage	ProfiniteGroups.ParentMethods.topological_group_generators	method	63	3			unreviewed
preamble/categories/group/profinite/profinite_groups.sage	ProfiniteGroups.ParentMethods.is_profinite	method	69	3			unreviewed
preamble/categories/modules/fractional_ideals.sage	<module>	module	1	0			unreviewed
preamble/categories/modules/fractional_ideals.sage	OwnedIdeals	class	42	0			unreviewed
preamble/categories/modules/fractional_ideals.sage	OwnedIdeals.super_categories	method	57	99			unreviewed
preamble/categories/modules/fractional_ideals.sage	OwnedIdeals.ParentMethods	class	60	89			unreviewed
preamble/categories/modules/fractional_ideals.sage	OwnedIdeals.ParentMethods.ring	method	82	3			unreviewed
preamble/categories/modules/fractional_ideals.sage	OwnedIdeals.ParentMethods.module_generators	method	107	7			unreviewed
preamble/categories/modules/fractional_ideals.sage	OwnedIdeals.ParentMethods.inverse	method	116	16			unreviewed
preamble/categories/modules/fractional_ideals.sage	OwnedIdeals.ParentMethods.is_principal	method	146	1	src/dzack_research/preamble/categories/modules/fractional_ideals.py		unreviewed
preamble/categories/modules/fractional_ideals.sage	OwnedIdeals.ParentMethods.principal_generator	method	150	1	src/dzack_research/preamble/categories/modules/fractional_ideals.py		unreviewed
preamble/categories/modules/fractional_ideals.sage	OwnedIdeals.ParentMethods.as_submodule	method	159	1	src/dzack_research/preamble/categories/modules/fractional_ideals.py		unreviewed
preamble/categories/modules/fractional_ideals.sage	FractionalIdeal	function	210	1	src/dzack_research/preamble/categories/modules/fractional_ideals.py		unreviewed
preamble/categories/modules/fractional_ideals.sage	own_ideal	function	215	0			unreviewed
preamble/categories/modules/framed/finitely_generated/finitely_generated_free_modules.sage	<module>	module	1	0			unreviewed
preamble/categories/modules/framed/finitely_generated/finitely_generated_free_modules.sage	GeneratorAssignment	binding	51	0			unreviewed
preamble/categories/modules/framed/finitely_generated/finitely_generated_free_modules.sage	FiniteFreeModuleParent	class	53	0			unreviewed
preamble/categories/modules/framed/finitely_generated/finitely_generated_free_modules.sage	FiniteFreeModuleParent.base_ring	method	58	32			unreviewed
preamble/categories/modules/framed/finitely_generated/finitely_generated_free_modules.sage	FiniteFreeModuleParent.module_generating_set	method	59	11			unreviewed
preamble/categories/modules/framed/finitely_generated/finitely_generated_free_modules.sage	FiniteFreeModuleParent.module_generators	method	60	7			unreviewed
preamble/categories/modules/framed/finitely_generated/finitely_generated_free_modules.sage	FiniteFreeModuleParent.number_of_module_generators	method	61	2			unreviewed
preamble/categories/modules/framed/finitely_generated/finitely_generated_free_modules.sage	FiniteFreeModuleParent.is_zero	method	62	4			unreviewed
preamble/categories/modules/framed/finitely_generated/finitely_generated_free_modules.sage	FiniteFreeModuleParent.zero	method	63	29			unreviewed
preamble/categories/modules/framed/finitely_generated/finitely_generated_free_modules.sage	FiniteFreeModuleParent.rank	method	64	3			unreviewed
preamble/categories/modules/framed/finitely_generated/finitely_generated_free_modules.sage	FiniteFreeModuleParent.Hom	method	65	0			unreviewed
preamble/categories/modules/framed/finitely_generated/finitely_generated_free_modules.sage	FinitelyGeneratedFreeModules	class	77	1	src/dzack_research/preamble/categories/modules/pure/modules.py		unreviewed
preamble/categories/modules/framed/finitely_generated/finitely_generated_free_modules.sage	FinitelyGeneratedFreeModules.super_categories	method	84	99			unreviewed
preamble/categories/modules/framed/finitely_generated/finitely_generated_free_modules.sage	FinitelyGeneratedFreeModules.ElementMethods	class	95	25			unreviewed
preamble/categories/modules/framed/finitely_generated/finitely_generated_free_modules.sage	FinitelyGeneratedFreeModules.ElementMethods.parent	method	111	0			unreviewed
preamble/categories/modules/framed/finitely_generated/finitely_generated_free_modules.sage	FinitelyGeneratedFreeModules.ParentMethods	class	190	89			unreviewed
preamble/categories/modules/framed/finitely_generated/finitely_generated_free_modules.sage	FinitelyGeneratedFreeModules.ParentMethods.zero	method	242	29			unreviewed
preamble/categories/modules/framed/finitely_generated/finitely_generated_free_modules.sage	FinitelyGeneratedFreeModules.ParentMethods.rank	method	249	3			unreviewed
preamble/categories/modules/framed/finitely_generated/finitely_generated_free_modules.sage	FinitelyGeneratedFreeModules.ParentMethods.relations	method	300	1	src/dzack_research/preamble/categories/algebras/algebras.py		unreviewed
preamble/categories/modules/framed/finitely_generated/finitely_generated_free_modules.sage	FinitelyGeneratedFreeModules.ParentMethods.is_torsion	method	312	3			unreviewed
preamble/categories/modules/framed/finitely_generated/finitely_generated_free_modules.sage	FinitelyGeneratedFreeModules.ParentMethods.Aut	method	316	6			unreviewed
preamble/categories/modules/framed/finitely_generated/finitely_generated_free_modules.sage	FinitelyGeneratedFreeModules.ParentMethods.subobject_on	method	323	5			unreviewed
preamble/categories/modules/framed/finitely_generated/finitely_generated_free_modules.sage	FinitelyGeneratedFreeModules.ParentMethods.hom	method	332	0			unreviewed
preamble/categories/modules/framed/finitely_generated/finitely_generated_free_modules.sage	BasedFreeModule	function	364	1	src/dzack_research/preamble/categories/modules/framed/framed_free_modules.py		unreviewed
preamble/categories/modules/framed/finitely_generated/finitely_generated_free_modules.sage	Free_ZZ	function	382	0			unreviewed
preamble/categories/modules/framed/finitely_generated/finitely_presented_modules.sage	<module>	module	1	0			unreviewed
preamble/categories/modules/framed/finitely_generated/finitely_presented_modules.sage	FinitelyPresentedModules	class	153	1	src/dzack_research/preamble/categories/modules/pure/modules.py		unreviewed
preamble/categories/modules/framed/finitely_generated/finitely_presented_modules.sage	FinitelyPresentedModules.super_categories	method	160	99			unreviewed
preamble/categories/modules/framed/finitely_generated/finitely_presented_modules.sage	FinitelyPresentedModules.ParentMethods	class	170	89			unreviewed
preamble/categories/modules/framed/finitely_generated/finitely_presented_modules.sage	FinitelyPresentedModules.ParentMethods.number_of_module_generators	method	256	2			unreviewed
preamble/categories/modules/framed/finitely_generated/finitely_presented_modules.sage	FinitelyPresentedModules.ParentMethods.framing_morphism	method	260	4			unreviewed
preamble/categories/modules/framed/finitely_generated/finitely_presented_modules.sage	FinitelyPresentedModules.ParentMethods.presentation	method	263	4			unreviewed
preamble/categories/modules/framed/finitely_generated/finitely_presented_modules.sage	FinitelyPresentedModules.ParentMethods.zero	method	266	29			unreviewed
preamble/categories/modules/framed/finitely_generated/finitely_presented_modules.sage	FinitelyPresentedModules.ParentMethods.is_finitely_presented	method	292	3			unreviewed
preamble/categories/modules/framed/finitely_generated/finitely_presented_modules.sage	FinitelyPresentedModules.ParentMethods.rank	method	296	3			unreviewed
preamble/categories/modules/framed/finitely_generated/finitely_presented_modules.sage	FinitelyPresentedModules.ParentMethods.is_torsion	method	311	3			unreviewed
preamble/categories/modules/framed/finitely_generated/finitely_presented_modules.sage	FinitelyPresentedModules.ParentMethods.torsion_free_quotient	method	341	1	src/dzack_research/preamble/categories/modules/framed/finitely_generated/finitely_presented_modules.py		unreviewed
preamble/categories/modules/framed/finitely_generated/finitely_presented_modules.sage	FinitelyPresentedModules.ParentMethods.is_torsion_free	method	374	4			unreviewed
preamble/categories/modules/framed/finitely_generated/finitely_presented_modules.sage	FinitelyPresentedModules.ParentMethods.is_zero	method	387	4			unreviewed
preamble/categories/modules/framed/finitely_generated/finitely_presented_modules.sage	FinitelyPresentedModules.ParentMethods.cardinality	method	390	28			unreviewed
preamble/categories/modules/framed/finitely_generated/finitely_presented_modules.sage	FinitelyPresentedModules.ParentMethods.exponent	method	411	2			unreviewed
preamble/categories/modules/framed/finitely_generated/finitely_presented_modules.sage	FinitelyPresentedModules.ParentMethods.hermite_form	method	447	1	src/dzack_research/preamble/categories/modules/framed/finitely_generated/finitely_presented_modules.py		unreviewed
preamble/categories/modules/framed/finitely_generated/finitely_presented_modules.sage	FinitelyPresentedModules.ParentMethods.smith_form_module_generators	method	480	1	src/dzack_research/preamble/categories/modules/framed/finitely_generated/finitely_presented_modules.py		unreviewed
preamble/categories/modules/framed/finitely_generated/finitely_presented_modules.sage	FinitelyPresentedModules.ParentMethods.invariant_factor_form	method	510	3			unreviewed
preamble/categories/modules/framed/finitely_generated/finitely_presented_modules.sage	FinitelyPresentedModules.ElementMethods	class	548	25			unreviewed
preamble/categories/modules/framed/finitely_generated/finitely_presented_modules.sage	FinitelyPresentedModules.ElementMethods.coefficients	method	566	0			unreviewed
preamble/categories/modules/framed/finitely_generated/finitely_presented_modules.sage	FinitelyPresentedModule	function	610	1	src/dzack_research/preamble/categories/modules/framed/finitely_generated/finitely_presented_modules.py		unreviewed
preamble/categories/modules/framed/finitely_generated/finitely_presented_torsion_modules.sage	<module>	module	1	0			unreviewed
preamble/categories/modules/framed/finitely_generated/finitely_presented_torsion_modules.sage	FinitelyPresentedTorsionModules	class	127	1	src/dzack_research/preamble/categories/modules/pure/torsion_modules.py		unreviewed
preamble/categories/modules/framed/finitely_generated/finitely_presented_torsion_modules.sage	FinitelyPresentedTorsionModules.super_categories	method	156	99			unreviewed
preamble/categories/modules/framed/finitely_generated/finitely_presented_torsion_modules.sage	FinitelyPresentedTorsionModules.direct_sum_of_cyclics	method	171	1	src/dzack_research/preamble/categories/modules/pure/torsion_modules.py		unreviewed
preamble/categories/modules/framed/finitely_generated/finitely_presented_torsion_modules.sage	FinitelyPresentedTorsionModules.from_abelian_group	method	187	1	src/dzack_research/preamble/categories/modules/pure/torsion_modules.py		unreviewed
preamble/categories/modules/framed/finitely_generated/finitely_presented_torsion_modules.sage	FinitelyPresentedTorsionModules.ElementMethods	class	271	25			unreviewed
preamble/categories/modules/framed/finitely_generated/finitely_presented_torsion_modules.sage	FinitelyPresentedTorsionModules.ElementMethods.additive_order	method	301	3			unreviewed
preamble/categories/modules/framed/finitely_generated/finitely_presented_torsion_modules.sage	FinitelyPresentedTorsionModules.ParentMethods	class	322	89			unreviewed
preamble/categories/modules/framed/finitely_generated/finitely_presented_torsion_modules.sage	FinitelyPresentedTorsionModules.ParentMethods.is_abelian	method	372	5			unreviewed
preamble/categories/modules/framed/finitely_generated/finitely_presented_torsion_modules.sage	FinitelyPresentedTorsionModules.ParentMethods.group_generators	method	376	7			unreviewed
preamble/categories/modules/framed/finitely_generated/finitely_presented_torsion_modules.sage	FinitelyPresentedTorsionModules.ParentMethods.presenting_free_group	method	388	1	src/dzack_research/preamble/categories/group/groups.py		unreviewed
preamble/categories/modules/framed/finitely_generated/finitely_presented_torsion_modules.sage	FinitelyPresentedTorsionModules.ParentMethods.defining_relations	method	400	1	src/dzack_research/preamble/categories/group/groups.py		unreviewed
preamble/categories/modules/framed/finitely_generated/finitely_presented_torsion_modules.sage	FinitelyPresentedTorsionModules.ParentMethods.is_p_elementary	method	424	1	src/dzack_research/preamble/categories/lattices.py		unreviewed
preamble/categories/modules/framed/finitely_generated/finitely_presented_torsion_modules.sage	FinitelyPresentedTorsionModules.ParentMethods.primary_decomposition	method	437	1	src/dzack_research/preamble/categories/rings/commutative_ideals.py		unreviewed
preamble/categories/modules/framed/finitely_generated/finitely_presented_torsion_modules.sage	FinitelyPresentedTorsionModules.ParentMethods.annihilator	method	467	1	src/dzack_research/preamble/categories/modules/pure/modules.py		unreviewed
preamble/categories/modules/framed/finitely_generated/finitely_presented_torsion_modules.sage	TorsionModule	function	477	1	src/dzack_research/preamble/categories/modules/pure/torsion_modules.py		unreviewed
preamble/categories/modules/framed/finitely_generated/ring_as_module.sage	<module>	module	1	0			unreviewed
preamble/categories/modules/framed/finitely_generated/ring_as_module.sage	ring_as_module	function	17	1	src/dzack_research/preamble/categories/modules/framed/framed_free_modules.py		unreviewed
preamble/categories/modules/framed/formed/form_modules.sage	<module>	module	1	0			unreviewed
preamble/categories/modules/framed/formed/form_modules.sage	Form	binding	59	0			unreviewed
preamble/categories/modules/framed/formed/form_modules.sage	GeneratorAssignment	binding	64	0			unreviewed
preamble/categories/modules/framed/formed/form_modules.sage	FormedParent	class	66	0			unreviewed
preamble/categories/modules/framed/formed/form_modules.sage	FormedParent.base_ring	method	78	32			unreviewed
preamble/categories/modules/framed/formed/form_modules.sage	FormedParent.form	method	79	2			unreviewed
preamble/categories/modules/framed/formed/form_modules.sage	FormedParent.value_module	method	80	3			unreviewed
preamble/categories/modules/framed/formed/form_modules.sage	FormedParent.gram_matrix	method	81	1	src/dzack_research/preamble/categories/lattices.py		unreviewed
preamble/categories/modules/framed/formed/form_modules.sage	FormedParent.vector_space	method	82	1	src/dzack_research/preamble/categories/modules/framed/framed_free_modules.py		unreviewed
preamble/categories/modules/framed/formed/form_modules.sage	FormedParent.module_generating_set	method	83	11			unreviewed
preamble/categories/modules/framed/formed/form_modules.sage	FormedParent.module_generators	method	84	7			unreviewed
preamble/categories/modules/framed/formed/form_modules.sage	FormedParent.module_generator_morphism	method	85	2			unreviewed
preamble/categories/modules/framed/formed/form_modules.sage	FormedParent.zero	method	86	29			unreviewed
preamble/categories/modules/framed/formed/form_modules.sage	FormedParent.is_torsion	method	87	3			unreviewed
preamble/categories/modules/framed/formed/form_modules.sage	FormedParent.raise_index	method	88	2			unreviewed
preamble/categories/modules/framed/formed/form_modules.sage	FormedParent.Hom	method	98	0			unreviewed
preamble/categories/modules/framed/formed/form_modules.sage	FiniteFreeFormedParent	class	104	0			unreviewed
preamble/categories/modules/framed/formed/form_modules.sage	FiniteFreeFormedParent.dual_module	method	112	3			unreviewed
preamble/categories/modules/framed/formed/form_modules.sage	FiniteFreeFormedParent.correlation_morphism	method	113	2			unreviewed
preamble/categories/modules/framed/formed/form_modules.sage	FormedElement	class	115	0			unreviewed
preamble/categories/modules/framed/formed/form_modules.sage	FormedElement.parent	method	118	0			unreviewed
preamble/categories/modules/framed/formed/form_modules.sage	FormedElement.underlying_element	method	119	4			unreviewed
preamble/categories/modules/framed/formed/form_modules.sage	FormedElement.b	method	120	5			unreviewed
preamble/categories/modules/framed/formed/form_modules.sage	FormedElement.span	method	121	1	src/dzack_research/preamble/categories/abstract_categories/cat.py		unreviewed
preamble/categories/modules/framed/formed/form_modules.sage	UnderlyingElement	class	124	0			unreviewed
preamble/categories/modules/framed/formed/form_modules.sage	UnderlyingElement.parent	method	127	0			unreviewed
preamble/categories/modules/framed/formed/form_modules.sage	UnderlyingElement.coefficients	method	128	0			unreviewed
preamble/categories/modules/framed/formed/form_modules.sage	UnderlyingElement.underlying_set_element	method	129	1	src/dzack_research/preamble/categories/modules/framed/framed_free_modules.py		unreviewed
preamble/categories/modules/framed/formed/form_modules.sage	FormModules	class	136	1	src/dzack_research/preamble/categories/modules/framed/formed/form_modules.py		unreviewed
preamble/categories/modules/framed/formed/form_modules.sage	FormModules.super_categories	method	153	99			unreviewed
preamble/categories/modules/framed/formed/form_modules.sage	FormModules.ParentMethods	class	172	89			unreviewed
preamble/categories/modules/framed/formed/form_modules.sage	FormModules.ParentMethods.form	method	243	2			unreviewed
preamble/categories/modules/framed/formed/form_modules.sage	FormModules.ParentMethods.b	method	247	5			unreviewed
preamble/categories/modules/framed/formed/form_modules.sage	FormModules.ParentMethods.twist	method	258	3			unreviewed
preamble/categories/modules/framed/formed/form_modules.sage	FormModules.ParentMethods.framing_morphism	method	286	4			unreviewed
preamble/categories/modules/framed/formed/form_modules.sage	FormModules.ParentMethods.value_module	method	290	3			unreviewed
preamble/categories/modules/framed/formed/form_modules.sage	FormModules.ParentMethods.gram_matrix	method	293	1	src/dzack_research/preamble/categories/lattices.py		unreviewed
preamble/categories/modules/framed/formed/form_modules.sage	FormModules.ParentMethods.gram_tensor	method	296	4			unreviewed
preamble/categories/modules/framed/formed/form_modules.sage	FormModules.ParentMethods.raise_index	method	316	2			unreviewed
preamble/categories/modules/framed/formed/form_modules.sage	FormModules.ParentMethods.raise_index_over_fraction_field	method	324	1	src/dzack_research/preamble/categories/modules/framed/formed/form_modules.py		unreviewed
preamble/categories/modules/framed/formed/form_modules.sage	FormModules.ParentMethods.lower_index	method	334	2			unreviewed
preamble/categories/modules/framed/formed/form_modules.sage	FormModules.ParentMethods.Aut	method	365	6			unreviewed
preamble/categories/modules/framed/formed/form_modules.sage	FormModules.ParentMethods.hom	method	386	0			unreviewed
preamble/categories/modules/framed/formed/form_modules.sage	FormModules.ElementMethods	class	608	25			unreviewed
preamble/categories/modules/framed/formed/form_modules.sage	FormModules.ElementMethods.underlying_element	method	619	4			unreviewed
preamble/categories/modules/framed/formed/form_modules.sage	FormModules.ElementMethods.b	method	638	5			unreviewed
preamble/categories/modules/framed/formed/form_modules.sage	FormModules.ElementMethods.norm	method	655	7			unreviewed
preamble/categories/modules/framed/formed/form_modules.sage	FormModules.ElementMethods.is_isotropic	method	667	3			unreviewed
preamble/categories/modules/framed/formed/form_modules.sage	FormModules.ElementMethods.is_orthogonal_to	method	680	1	src/dzack_research/preamble/categories/modules/framed/formed/form_modules.py		unreviewed
preamble/categories/modules/framed/formed/form_modules.sage	FormModules.ElementMethods.represents	method	691	1	src/dzack_research/preamble/categories/modules/framed/formed/form_modules.py		unreviewed
preamble/categories/modules/framed/formed/form_modules.sage	FormModules.ElementMethods.span	method	704	1	src/dzack_research/preamble/categories/abstract_categories/cat.py		unreviewed
preamble/categories/modules/framed/formed/form_modules.sage	FormModules.ElementMethods.isotropic_reduction	method	707	2			unreviewed
preamble/categories/modules/framed/formed/form_modules.sage	FormModules._HomCategory.ParentMethods	class	750	89			unreviewed
preamble/categories/modules/framed/formed/form_modules.sage	FormModules._HomCategory.ElementMethods	class	804	25			unreviewed
preamble/categories/modules/framed/formed/form_modules.sage	BilinearFormModules	class	917	1	src/dzack_research/preamble/categories/modules/framed/formed/form_modules.py		unreviewed
preamble/categories/modules/framed/formed/form_modules.sage	BilinearFormModules.super_categories	method	934	99			unreviewed
preamble/categories/modules/framed/formed/form_modules.sage	SymmetricBilinearFormModules	class	938	1	src/dzack_research/preamble/categories/modules/framed/formed/form_modules.py		unreviewed
preamble/categories/modules/framed/formed/form_modules.sage	SymmetricBilinearFormModules.super_categories	method	957	99			unreviewed
preamble/categories/modules/framed/formed/form_modules.sage	QuadraticFormModules	class	961	1	src/dzack_research/preamble/categories/modules/framed/formed/form_modules.py		unreviewed
preamble/categories/modules/framed/formed/form_modules.sage	QuadraticFormModules.super_categories	method	978	99			unreviewed
preamble/categories/modules/framed/formed/form_modules.sage	QuadraticFormModules.ElementMethods	class	981	25			unreviewed
preamble/categories/modules/framed/formed/form_modules.sage	QuadraticFormModules.ElementMethods.q	method	982	3			unreviewed
preamble/categories/modules/framed/formed/form_modules.sage	FreeFormModules	class	987	1	src/dzack_research/preamble/categories/modules/framed/formed/form_modules.py		unreviewed
preamble/categories/modules/framed/formed/form_modules.sage	FreeFormModules.super_categories	method	1004	99			unreviewed
preamble/categories/modules/framed/formed/form_modules.sage	FreeFormModules.ParentMethods	class	1012	89			unreviewed
preamble/categories/modules/framed/formed/form_modules.sage	FreeFormModules.ParentMethods.subobject_on	method	1014	5			unreviewed
preamble/categories/modules/framed/formed/form_modules.sage	FreeFormModules.ElementMethods	class	1055	25			unreviewed
preamble/categories/modules/framed/formed/form_modules.sage	FreeFormModules.ElementMethods.underlying_set_element	method	1056	1	src/dzack_research/preamble/categories/modules/framed/framed_free_modules.py		unreviewed
preamble/categories/modules/framed/formed/form_modules.sage	FinitelyGeneratedFormModules	class	1062	1	src/dzack_research/preamble/categories/modules/framed/formed/form_modules.py		unreviewed
preamble/categories/modules/framed/formed/form_modules.sage	FinitelyGeneratedFormModules.super_categories	method	1081	99			unreviewed
preamble/categories/modules/framed/formed/form_modules.sage	FinitelyGeneratedFormModules.ParentMethods	class	1089	89			unreviewed
preamble/categories/modules/framed/formed/form_modules.sage	FinitelyGeneratedFormModules.ParentMethods.scale_submodule	method	1091	1	src/dzack_research/preamble/categories/modules/framed/formed/form_modules.py		unreviewed
preamble/categories/modules/framed/formed/form_modules.sage	FinitelyGeneratedFormModules.ParentMethods.is_integral	method	1117	2			unreviewed
preamble/categories/modules/framed/formed/form_modules.sage	FinitelyGeneratedFormModules.ParentMethods.hom	method	1148	0			unreviewed
preamble/categories/modules/framed/formed/form_modules.sage	FinitelyGeneratedFreeFormModules	class	1177	1	src/dzack_research/preamble/categories/modules/framed/formed/form_modules.py		unreviewed
preamble/categories/modules/framed/formed/form_modules.sage	FinitelyGeneratedFreeFormModules.super_categories	method	1196	99			unreviewed
preamble/categories/modules/framed/formed/form_modules.sage	FinitelyGeneratedFreeFormModules.ParentMethods	class	1205	89			unreviewed
preamble/categories/modules/framed/formed/form_modules.sage	FinitelyGeneratedFreeFormModules.ParentMethods.dual_module	method	1215	3			unreviewed
preamble/categories/modules/framed/formed/form_modules.sage	FinitelyGeneratedFreeFormModules.ParentMethods.correlation_morphism	method	1233	2			unreviewed
preamble/categories/modules/framed/formed/form_modules.sage	FinitelyGeneratedFreeFormModules.ParentMethods.radical	method	1264	3			unreviewed
preamble/categories/modules/framed/formed/form_modules.sage	FinitelyGeneratedFreeFormModules.ParentMethods.radical_quotient	method	1274	2			unreviewed
preamble/categories/modules/framed/formed/form_modules.sage	FinitelyGeneratedFreeFormModules.ParentMethods.is_nondegenerate	method	1285	3			unreviewed
preamble/categories/modules/framed/formed/form_modules.sage	FormModule	function	1300	1	src/dzack_research/preamble/categories/modules/framed/formed/form_modules.py		unreviewed
preamble/categories/modules/framed/formed/form_modules.sage	is_form_morphism	function	1372	1	src/dzack_research/preamble/categories/modules/framed/formed/form_modules.py		unreviewed
preamble/categories/modules/framed/formed/form_modules.sage	correlation_of	function	1386	0			unreviewed
preamble/categories/modules/framed/formed/free_lattices.sage	<module>	module	1	0			unreviewed
preamble/categories/modules/framed/formed/free_lattices.sage	FiniteRankFreeLattices	class	29	0			unreviewed
preamble/categories/modules/framed/formed/free_lattices.sage	FiniteRankFreeLattices.super_categories	method	36	99			unreviewed
preamble/categories/modules/framed/formed/free_lattices.sage	FiniteRankFreeLattices.ParentMethods	class	42	89			unreviewed
preamble/categories/modules/framed/formed/free_lattices.sage	FiniteRankFreeLattices.ParentMethods.gram_matrix	method	47	1	src/dzack_research/preamble/categories/lattices.py		unreviewed
preamble/categories/modules/framed/formed/free_lattices.sage	FreeLatticeOfRank	function	85	0			unreviewed
preamble/categories/modules/framed/formed/integrallattice/coxeter_diagrams.sage	<module>	module	1	0			unreviewed
preamble/categories/modules/framed/formed/integrallattice/coxeter_diagrams.sage	sage	binding	5	0			unreviewed
preamble/categories/modules/framed/formed/integrallattice/coxeter_diagrams.sage	COXETER_NEGATIVE_FOUR_NODE_COLOR	binding	61	0			unreviewed
preamble/categories/modules/framed/formed/integrallattice/coxeter_diagrams.sage	COXETER_NEGATIVE_TWO_NODE_COLOR	binding	62	0			unreviewed
preamble/categories/modules/framed/formed/integrallattice/coxeter_diagrams.sage	COXETER_NODE_COLORS	binding	63	0			unreviewed
preamble/categories/modules/framed/formed/integrallattice/coxeter_diagrams.sage	COXETER_DRAWING_CONVENTIONS	binding	67	0			unreviewed
preamble/categories/modules/framed/formed/integrallattice/coxeter_diagrams.sage	CoxeterDiagrams	class	79	1	src/dzack_research/preamble/categories/coxeter_diagrams.py		unreviewed
preamble/categories/modules/framed/formed/integrallattice/coxeter_diagrams.sage	CoxeterDiagrams.super_categories	method	91	99			unreviewed
preamble/categories/modules/framed/formed/integrallattice/coxeter_diagrams.sage	CoxeterDiagrams.minimal_edge_lattices	method	96	0			unreviewed
preamble/categories/modules/framed/formed/integrallattice/coxeter_diagrams.sage	CoxeterDiagrams.from_coxeter_matrix	method	153	1	src/dzack_research/preamble/categories/coxeter_diagrams.py		unreviewed
preamble/categories/modules/framed/formed/integrallattice/coxeter_diagrams.sage	CoxeterDiagrams.from_cartan_type	method	169	1	src/dzack_research/preamble/categories/coxeter_diagrams.py		unreviewed
preamble/categories/modules/framed/formed/integrallattice/coxeter_diagrams.sage	CoxeterDiagrams.from_roots	method	197	1	src/dzack_research/preamble/categories/coxeter_diagrams.py		unreviewed
preamble/categories/modules/framed/formed/integrallattice/coxeter_diagrams.sage	CoxeterDiagrams._HomCategory.ParentMethods	class	256	89			unreviewed
preamble/categories/modules/framed/formed/integrallattice/coxeter_diagrams.sage	CoxeterDiagrams._HomCategory.ElementMethods	class	285	25			unreviewed
preamble/categories/modules/framed/formed/integrallattice/coxeter_diagrams.sage	CoxeterDiagrams.ElementMethods	class	344	25			unreviewed
preamble/categories/modules/framed/formed/integrallattice/coxeter_diagrams.sage	CoxeterDiagrams.ElementMethods.parent	method	349	0			unreviewed
preamble/categories/modules/framed/formed/integrallattice/coxeter_diagrams.sage	CoxeterDiagrams.ParentMethods	class	357	89			unreviewed
preamble/categories/modules/framed/formed/integrallattice/coxeter_diagrams.sage	CoxeterDiagrams.ParentMethods.hom	method	430	0			unreviewed
preamble/categories/modules/framed/formed/integrallattice/coxeter_diagrams.sage	CoxeterDiagrams.ParentMethods.vertex	method	480	0			unreviewed
preamble/categories/modules/framed/formed/integrallattice/coxeter_diagrams.sage	CoxeterDiagrams.ParentMethods.vertices	method	483	6			unreviewed
preamble/categories/modules/framed/formed/integrallattice/coxeter_diagrams.sage	CoxeterDiagrams.ParentMethods.num_vertices	method	486	0			unreviewed
preamble/categories/modules/framed/formed/integrallattice/coxeter_diagrams.sage	CoxeterDiagrams.ParentMethods.vertex_weight	method	496	1	src/dzack_research/preamble/categories/vinberg_invariants.py		unreviewed
preamble/categories/modules/framed/formed/integrallattice/coxeter_diagrams.sage	CoxeterDiagrams.ParentMethods.edge_weight	method	500	2			unreviewed
preamble/categories/modules/framed/formed/integrallattice/coxeter_diagrams.sage	CoxeterDiagrams.ParentMethods.index_set	method	508	7			unreviewed
preamble/categories/modules/framed/formed/integrallattice/coxeter_diagrams.sage	CoxeterDiagrams.ParentMethods.coxeter_matrix	method	511	2			unreviewed
preamble/categories/modules/framed/formed/integrallattice/coxeter_diagrams.sage	CoxeterDiagrams.ParentMethods.graph	method	514	2			unreviewed
preamble/categories/modules/framed/formed/integrallattice/coxeter_diagrams.sage	CoxeterDiagrams.ParentMethods.is_connected	method	530	1	src/dzack_research/preamble/categories/coxeter_diagrams.py		unreviewed
preamble/categories/modules/framed/formed/integrallattice/coxeter_diagrams.sage	CoxeterDiagrams.ParentMethods.connected_components	method	538	1	src/dzack_research/preamble/categories/coxeter_diagrams.py		unreviewed
preamble/categories/modules/framed/formed/integrallattice/coxeter_diagrams.sage	CoxeterDiagrams.ParentMethods.coxeter_group	method	557	1	src/dzack_research/preamble/categories/coxeter_diagrams.py		unreviewed
preamble/categories/modules/framed/formed/integrallattice/coxeter_diagrams.sage	CoxeterDiagrams.ParentMethods.finitely_presented_coxeter_group	method	571	0			unreviewed
preamble/categories/modules/framed/formed/integrallattice/coxeter_diagrams.sage	CoxeterDiagrams.ParentMethods.Aut	method	591	6			unreviewed
preamble/categories/modules/framed/formed/integrallattice/coxeter_diagrams.sage	CoxeterDiagrams.ParentMethods.elliptic_subdiagram_orbits	method	607	1	src/dzack_research/preamble/categories/coxeter_diagrams.py		unreviewed
preamble/categories/modules/framed/formed/integrallattice/coxeter_diagrams.sage	CoxeterDiagrams.ParentMethods.parabolic_subdiagram_orbits	method	650	1	src/dzack_research/preamble/categories/coxeter_diagrams.py		unreviewed
preamble/categories/modules/framed/formed/integrallattice/coxeter_diagrams.sage	CoxeterDiagrams.ParentMethods.subdiagram_orbit_poset	method	690	0			unreviewed
preamble/categories/modules/framed/formed/integrallattice/coxeter_diagrams.sage	CoxeterDiagrams.ParentMethods.drawing_conventions	method	727	0			unreviewed
preamble/categories/modules/framed/formed/integrallattice/coxeter_diagrams.sage	CoxeterDiagrams.ParentMethods.root_morphism	method	737	1	src/dzack_research/preamble/categories/coxeter_diagrams.py		unreviewed
preamble/categories/modules/framed/formed/integrallattice/coxeter_diagrams.sage	CoxeterDiagrams.ParentMethods.root_lattice	method	765	1	src/dzack_research/preamble/categories/coxeter_diagrams.py		unreviewed
preamble/categories/modules/framed/formed/integrallattice/coxeter_diagrams.sage	CoxeterDiagrams.ParentMethods.root_realization	method	769	1	src/dzack_research/preamble/categories/coxeter_diagrams.py		unreviewed
preamble/categories/modules/framed/formed/integrallattice/coxeter_diagrams.sage	CoxeterDiagrams.ParentMethods.roots	method	773	4			unreviewed
preamble/categories/modules/framed/formed/integrallattice/coxeter_diagrams.sage	CoxeterDiagrams.ParentMethods.root	method	783	0			unreviewed
preamble/categories/modules/framed/formed/integrallattice/coxeter_diagrams.sage	CoxeterDiagrams.ParentMethods.root_intersection_graph	method	788	1	src/dzack_research/preamble/categories/coxeter_diagrams.py		unreviewed
preamble/categories/modules/framed/formed/integrallattice/coxeter_diagrams.sage	CoxeterDiagrams.ParentMethods.scaled_cartan_type	method	821	0			unreviewed
preamble/categories/modules/framed/formed/integrallattice/coxeter_diagrams.sage	CoxeterDiagrams.ParentMethods.component_scaled_cartan_types	method	888	0			unreviewed
preamble/categories/modules/framed/formed/integrallattice/coxeter_diagrams.sage	CoxeterDiagrams.ParentMethods.preferred_positions	method	900	1	src/dzack_research/preamble/categories/coxeter_diagrams.py		unreviewed
preamble/categories/modules/framed/formed/integrallattice/coxeter_diagrams.sage	CoxeterDiagrams.ParentMethods.equivariant_positions	method	911	0			unreviewed
preamble/categories/modules/framed/formed/integrallattice/coxeter_diagrams.sage	CoxeterDiagrams.ParentMethods.node_color	method	1011	0			unreviewed
preamble/categories/modules/framed/formed/integrallattice/coxeter_diagrams.sage	CoxeterDiagrams.ParentMethods.subdiagram	method	1024	0			unreviewed
preamble/categories/modules/framed/formed/integrallattice/coxeter_diagrams.sage	CoxeterDiagrams.ParentMethods.plot	method	1049	0			unreviewed
preamble/categories/modules/framed/formed/integrallattice/coxeter_diagrams.sage	CoxeterDiagrams.ParentMethods.tikz	method	1058	0			unreviewed
preamble/categories/modules/framed/formed/integrallattice/definite_lattices.sage	<module>	module	1	0			unreviewed
preamble/categories/modules/framed/formed/integrallattice/definite_lattices.sage	DefiniteSubobjectParent	class	38	0			unreviewed
preamble/categories/modules/framed/formed/integrallattice/definite_lattices.sage	DefiniteSubobjectParent.embedding	method	41	4			unreviewed
preamble/categories/modules/framed/formed/integrallattice/definite_lattices.sage	DefiniteLattices	class	44	0			unreviewed
preamble/categories/modules/framed/formed/integrallattice/definite_lattices.sage	DefiniteLattices.super_categories	method	57	99			unreviewed
preamble/categories/modules/framed/formed/integrallattice/definite_lattices.sage	DefiniteLattices.ParentMethods	class	62	89			unreviewed
preamble/categories/modules/framed/formed/integrallattice/definite_lattices.sage	DefiniteLattices.ParentMethods.vectors_of_square	method	91	2			unreviewed
preamble/categories/modules/framed/formed/integrallattice/definite_lattices.sage	DefiniteLattices.ParentMethods.roots	method	139	4			unreviewed
preamble/categories/modules/framed/formed/integrallattice/definite_lattices.sage	DefiniteLattices.ParentMethods.vectors_of_square_and_divisibility	method	148	2			unreviewed
preamble/categories/modules/framed/formed/integrallattice/definite_lattices.sage	DefiniteLattices.ParentMethods.close_vectors	method	171	1	src/dzack_research/preamble/categories/definite_lattices.py		unreviewed
preamble/categories/modules/framed/formed/integrallattice/definite_lattices.sage	DefiniteLattices.ParentMethods.root_sublattice	method	223	2			unreviewed
preamble/categories/modules/framed/formed/integrallattice/definite_lattices.sage	DefiniteLattices.ParentMethods.roots_of_square	method	387	2			unreviewed
preamble/categories/modules/framed/formed/integrallattice/definite_lattices.sage	DefiniteLattices.ParentMethods.closest_vector	method	442	2			unreviewed
preamble/categories/modules/framed/formed/integrallattice/definite_lattices.sage	DefiniteLattices.ParentMethods.babai	method	491	2			unreviewed
preamble/categories/modules/framed/formed/integrallattice/definite_lattices.sage	DefiniteLattices.ParentMethods.voronoi_cell	method	519	2			unreviewed
preamble/categories/modules/framed/formed/integrallattice/definite_lattices.sage	DefiniteLattices.ParentMethods.voronoi_relevant_vectors	method	563	2			unreviewed
preamble/categories/modules/framed/formed/integrallattice/definite_lattices.sage	DefiniteLattices.ParentMethods.gaussian_heuristic	method	617	2			unreviewed
preamble/categories/modules/framed/formed/integrallattice/definite_lattices.sage	DefiniteLattices.ParentMethods.hadamard_ratio	method	642	2			unreviewed
preamble/categories/modules/framed/formed/integrallattice/definite_lattices.sage	DefiniteLattices.ParentMethods.theta_series	method	664	2			unreviewed
preamble/categories/modules/framed/formed/integrallattice/definite_lattices.sage	DefiniteLattices.ParentMethods.kissing_number	method	686	2			unreviewed
preamble/categories/modules/framed/formed/integrallattice/definite_lattices.sage	DefiniteLattices.ParentMethods.packing_radius	method	705	2			unreviewed
preamble/categories/modules/framed/formed/integrallattice/definite_lattices.sage	DefiniteLattices.ParentMethods.covering_radius	method	723	2			unreviewed
preamble/categories/modules/framed/formed/integrallattice/definite_lattices.sage	DefiniteLattices.ParentMethods.successive_minima	method	747	2			unreviewed
preamble/categories/modules/framed/formed/integrallattice/definite_lattices.sage	DefiniteLattices.ParentMethods.contact_polytope	method	794	2			unreviewed
preamble/categories/modules/framed/formed/integrallattice/definite_lattices.sage	DefiniteLattices.ParentMethods.hermite_invariant	method	819	2			unreviewed
preamble/categories/modules/framed/formed/integrallattice/definite_lattices.sage	DefiniteLattices.ParentMethods.center_density	method	838	2			unreviewed
preamble/categories/modules/framed/formed/integrallattice/definite_lattices.sage	DefiniteLattices.ParentMethods.packing_density	method	853	2			unreviewed
preamble/categories/modules/framed/formed/integrallattice/definite_lattices.sage	DefiniteLattices.Subobjects	class	869	1	src/dzack_research/preamble/categories/abstract_categories/constructions.py		unreviewed
preamble/categories/modules/framed/formed/integrallattice/definite_lattices.sage	DefiniteLattices.Subobjects.ParentMethods	class	872	89			unreviewed
preamble/categories/modules/framed/formed/integrallattice/definite_lattices.sage	DefiniteLattices.Subobjects.ParentMethods.sum	method	873	4			unreviewed
preamble/categories/modules/framed/formed/integrallattice/definite_lattices.sage	DefiniteLattices.Subobjects.ParentMethods.intersection	method	881	11			unreviewed
preamble/categories/modules/framed/formed/integrallattice/definite_lattices.sage	DefiniteLattices.Subobjects.ParentMethods.LLL	method	889	1	src/dzack_research/preamble/categories/lattices.py		unreviewed
preamble/categories/modules/framed/formed/integrallattice/definite_lattices.sage	DefiniteLattices.Subobjects.ParentMethods.BKZ	method	952	1	src/dzack_research/preamble/categories/lattices.py		unreviewed
preamble/categories/modules/framed/formed/integrallattice/definite_lattices.sage	DefiniteLattices.Subobjects.ParentMethods.HKZ	method	990	1	src/dzack_research/preamble/categories/lattices.py		unreviewed
preamble/categories/modules/framed/formed/integrallattice/engines.sage	<module>	module	1	0			unreviewed
preamble/categories/modules/framed/formed/integrallattice/engines.sage	IntegerRows	binding	61	0			unreviewed
preamble/categories/modules/framed/formed/integrallattice/engines.sage	polyhedral_engine	function	71	0			unreviewed
preamble/categories/modules/framed/formed/integrallattice/engines.sage	indefinite_isometry_witness	function	87	0			unreviewed
preamble/categories/modules/framed/formed/integrallattice/engines.sage	indefinite_orthogonal_group_generator_matrices	function	115	0			unreviewed
preamble/categories/modules/framed/formed/integrallattice/engines.sage	isotropic_sublattice_orbit_representative_rows	function	138	0			unreviewed
preamble/categories/modules/framed/formed/integrallattice/engines.sage	indefinite_vector_orbit_representative_rows	function	163	0			unreviewed
preamble/categories/modules/framed/formed/integrallattice/engines.sage	isotropic_sublattice_stabilizer_generator_matrices	function	193	0			unreviewed
preamble/categories/modules/framed/formed/integrallattice/engines.sage	vector_equivalence_witness	function	224	2			unreviewed
preamble/categories/modules/framed/formed/integrallattice/engines.sage	vector_stabilizer_generator_matrices	function	261	0			unreviewed
preamble/categories/modules/framed/formed/integrallattice/engines.sage	isotropic_sublattice_equivalence_witness	function	293	0			unreviewed
preamble/categories/modules/framed/formed/integrallattice/engines.sage	oscar_even_unimodular_primitive_embedding	function	397	0			unreviewed
preamble/categories/modules/framed/formed/integrallattice/engines.sage	oscar_centralizer_discriminant_image	function	462	0			unreviewed
preamble/categories/modules/framed/formed/integrallattice/engines.sage	lorentz_edgewalk_fundamental_domain	function	549	0			unreviewed
preamble/categories/modules/framed/formed/integrallattice/engines.sage	vinbergs_algorithm_nf_root_rows	function	657	0			unreviewed
preamble/categories/modules/framed/formed/integrallattice/engines.sage	oscar_rational_spinor_norm_sign	function	697	0			unreviewed
preamble/categories/modules/framed/formed/integrallattice/hyperbolic_lattices.sage	<module>	module	1	0			unreviewed
preamble/categories/modules/framed/formed/integrallattice/hyperbolic_lattices.sage	sage	binding	12	0			unreviewed
preamble/categories/modules/framed/formed/integrallattice/hyperbolic_lattices.sage	HyperbolicLatticeParent	class	36	0			unreviewed
preamble/categories/modules/framed/formed/integrallattice/hyperbolic_lattices.sage	HyperbolicLatticeParent.signature_pair	method	39	2			unreviewed
preamble/categories/modules/framed/formed/integrallattice/hyperbolic_lattices.sage	HyperbolicLatticeParent.twist	method	40	3			unreviewed
preamble/categories/modules/framed/formed/integrallattice/hyperbolic_lattices.sage	HyperbolicLatticeParent.gram_matrix	method	41	1	src/dzack_research/preamble/categories/lattices.py		unreviewed
preamble/categories/modules/framed/formed/integrallattice/hyperbolic_lattices.sage	HyperbolicLatticeParent.module_generators	method	42	7			unreviewed
preamble/categories/modules/framed/formed/integrallattice/hyperbolic_lattices.sage	HyperbolicLatticeParent.zero	method	43	29			unreviewed
preamble/categories/modules/framed/formed/integrallattice/hyperbolic_lattices.sage	HyperbolicLattices	class	50	1	src/dzack_research/preamble/categories/hyperbolic_lattices.py		unreviewed
preamble/categories/modules/framed/formed/integrallattice/hyperbolic_lattices.sage	HyperbolicLattices.super_categories	method	62	99			unreviewed
preamble/categories/modules/framed/formed/integrallattice/hyperbolic_lattices.sage	HyperbolicLattices.ParentMethods	class	67	89			unreviewed
preamble/categories/modules/framed/formed/integrallattice/hyperbolic_lattices.sage	HyperbolicLattices.ParentMethods.weyl_group	method	70	3			unreviewed
preamble/categories/modules/framed/formed/integrallattice/hyperbolic_lattices.sage	HyperbolicLattices.ParentMethods.fundamental_chamber	method	85	2			unreviewed
preamble/categories/modules/framed/formed/integrallattice/hyperbolic_lattices.sage	HyperbolicLattices.ParentMethods.dominant_cone	method	97	1	src/dzack_research/preamble/categories/hyperbolic_lattices.py		unreviewed
preamble/categories/modules/framed/formed/integrallattice/hyperbolic_lattices.sage	HyperbolicLattices.ParentMethods.chamber_complex	method	113	2			unreviewed
preamble/categories/modules/framed/formed/integrallattice/hyperbolic_lattices.sage	HyperbolicLattices.ParentMethods.isotropic_elements_below_height	method	127	1	src/dzack_research/preamble/categories/hyperbolic_lattices.py		unreviewed
preamble/categories/modules/framed/formed/integrallattice/hyperbolic_lattices.sage	HyperbolicLattices.ParentMethods.is_reflective	method	148	1	src/dzack_research/preamble/categories/hyperbolic_lattices.py		unreviewed
preamble/categories/modules/framed/formed/integrallattice/hyperbolic_lattices.sage	HyperbolicLattices.ParentMethods.vinberg_algorithm	method	194	1	src/dzack_research/preamble/categories/hyperbolic_lattices.py		unreviewed
preamble/categories/modules/framed/formed/integrallattice/hyperbolic_lattices.sage	HyperbolicLattices.ParentMethods.allcock_edgewalk	method	287	1	src/dzack_research/preamble/categories/hyperbolic_lattices.py		unreviewed
preamble/categories/modules/framed/formed/integrallattice/hyperbolic_lattices.sage	HyperbolicLattices.ParentMethods.is_cocompact	method	360	1	src/dzack_research/preamble/categories/hyperbolic_lattices.py		unreviewed
preamble/categories/modules/framed/formed/integrallattice/integral_lattices.sage	<module>	module	1	0			unreviewed
preamble/categories/modules/framed/formed/integrallattice/integral_lattices.sage	sage	binding	32	0			unreviewed
preamble/categories/modules/framed/formed/integrallattice/integral_lattices.sage	LatticeParent	class	116	0			unreviewed
preamble/categories/modules/framed/formed/integrallattice/integral_lattices.sage	LatticeElement	class	124	0			unreviewed
preamble/categories/modules/framed/formed/integrallattice/integral_lattices.sage	FinitelyGeneratedIntegralLattices	class	128	0			unreviewed
preamble/categories/modules/framed/formed/integrallattice/integral_lattices.sage	IntegralLattices	class	138	0			unreviewed
preamble/categories/modules/framed/formed/integrallattice/integral_lattices.sage	IntegralLattices.ParentMethods	class	180	89			unreviewed
preamble/categories/modules/framed/formed/integrallattice/integral_lattices.sage	IntegralLattices.ParentMethods.Aut	method	200	6			unreviewed
preamble/categories/modules/framed/formed/integrallattice/integral_lattices.sage	IntegralLattices.ParentMethods.decomposition	method	205	2			unreviewed
preamble/categories/modules/framed/formed/integrallattice/integral_lattices.sage	IntegralLattices.ParentMethods.summands	method	218	4			unreviewed
preamble/categories/modules/framed/formed/integrallattice/integral_lattices.sage	IntegralLattices.ParentMethods.is_decomposable	method	226	1	src/dzack_research/preamble/categories/lattices.py		unreviewed
preamble/categories/modules/framed/formed/integrallattice/integral_lattices.sage	IntegralLattices.ParentMethods.div	method	229	1	src/dzack_research/preamble/categories/lattices.py		unreviewed
preamble/categories/modules/framed/formed/integrallattice/integral_lattices.sage	IntegralLattices.ParentMethods.gram_of	method	251	0			unreviewed
preamble/categories/modules/framed/formed/integrallattice/integral_lattices.sage	IntegralLattices.ParentMethods.get_isotropic_type	method	256	1	src/dzack_research/preamble/categories/lattices.py		unreviewed
preamble/categories/modules/framed/formed/integrallattice/integral_lattices.sage	IntegralLattices.ParentMethods.dual_basis	method	286	1	src/dzack_research/preamble/categories/lattices.py		unreviewed
preamble/categories/modules/framed/formed/integrallattice/integral_lattices.sage	IntegralLattices.ParentMethods.I_perp_mod_I	method	308	1	src/dzack_research/preamble/categories/lattices.py		unreviewed
preamble/categories/modules/framed/formed/integrallattice/integral_lattices.sage	IntegralLattices.ParentMethods.dual_lattice_module_generators	method	318	0			unreviewed
preamble/categories/modules/framed/formed/integrallattice/integral_lattices.sage	IntegralLattices.ParentMethods.dual_embedding	method	322	0			unreviewed
preamble/categories/modules/framed/formed/integrallattice/integral_lattices.sage	IntegralLattices.ParentMethods.discriminant_projection	method	326	1	src/dzack_research/preamble/categories/lattices.py		unreviewed
preamble/categories/modules/framed/formed/integrallattice/integral_lattices.sage	IntegralLattices.ParentMethods.project_to_discriminant_bilinear_form	method	335	0			unreviewed
preamble/categories/modules/framed/formed/integrallattice/integral_lattices.sage	IntegralLattices.ParentMethods.project_to_discriminant_quadratic_form	method	356	0			unreviewed
preamble/categories/modules/framed/formed/integrallattice/integral_lattices.sage	IntegralLattices.ParentMethods.divided_discriminant_class	method	364	1	src/dzack_research/preamble/categories/lattices.py		unreviewed
preamble/categories/modules/framed/formed/integrallattice/integral_lattices.sage	IntegralLattices.ParentMethods.glue	method	371	1	src/dzack_research/preamble/categories/lattice_centralizers.py		unreviewed
preamble/categories/modules/framed/formed/integrallattice/integral_lattices.sage	IntegralLattices.ParentMethods.maximal_overlattice	method	425	1	src/dzack_research/preamble/categories/lattices.py		unreviewed
preamble/categories/modules/framed/formed/integrallattice/integral_lattices.sage	IntegralLattices.ParentMethods.overlattice	method	450	1	src/dzack_research/preamble/categories/lattices.py		unreviewed
preamble/categories/modules/framed/formed/integrallattice/integral_lattices.sage	IntegralLattices.ParentMethods.local_modification	method	472	1	src/dzack_research/preamble/categories/lattices.py		unreviewed
preamble/categories/modules/framed/formed/integrallattice/integral_lattices.sage	IntegralLattices.ParentMethods.Isom	method	502	1	src/dzack_research/preamble/categories/lattices.py		unreviewed
preamble/categories/modules/framed/formed/integrallattice/integral_lattices.sage	IntegralLattices.ParentMethods.Emb	method	513	1	src/dzack_research/preamble/categories/lattices.py		unreviewed
preamble/categories/modules/framed/formed/integrallattice/integral_lattices.sage	IntegralLattices.ParentMethods.embeds_in_even_unimodular	method	526	1	src/dzack_research/preamble/categories/lattices.py		unreviewed
preamble/categories/modules/framed/formed/integrallattice/integral_lattices.sage	IntegralLattices.ParentMethods.embed_in_even_unimodular	method	563	1	src/dzack_research/preamble/categories/lattices.py		unreviewed
preamble/categories/modules/framed/formed/integrallattice/integral_lattices.sage	IntegralLattices.ParentMethods.glue_map	method	617	1	src/dzack_research/preamble/categories/lattices.py		unreviewed
preamble/categories/modules/framed/formed/integrallattice/integral_lattices.sage	IntegralLattices.ParentMethods.is_isometric	method	742	1	src/dzack_research/preamble/categories/lattices.py		unreviewed
preamble/categories/modules/framed/formed/integrallattice/integral_lattices.sage	IntegralLattices.ParentMethods.reflection	method	760	1	src/dzack_research/preamble/categories/lattices.py		unreviewed
preamble/categories/modules/framed/formed/integrallattice/integral_lattices.sage	IntegralLattices.ParentMethods.eichler_transvection	method	792	3			unreviewed
preamble/categories/modules/framed/formed/integrallattice/integral_lattices.sage	IntegralLattices.ParentMethods.possible_root_lengths	method	851	1	src/dzack_research/preamble/categories/hyperbolic_lattices.py		unreviewed
preamble/categories/modules/framed/formed/integrallattice/integral_lattices.sage	IntegralLattices.ParentMethods.is_unimodular	method	911	2			unreviewed
preamble/categories/modules/framed/formed/integrallattice/integral_lattices.sage	IntegralLattices.ParentMethods.correlation_isomorphism	method	926	1	src/dzack_research/preamble/categories/modules/framed/formed/form_modules.py		unreviewed
preamble/categories/modules/framed/formed/integrallattice/integral_lattices.sage	IntegralLattices.ParentMethods.signature_pair	method	954	2			unreviewed
preamble/categories/modules/framed/formed/integrallattice/integral_lattices.sage	IntegralLattices.ParentMethods.is_even	method	974	1	src/dzack_research/preamble/categories/lattices.py		unreviewed
preamble/categories/modules/framed/formed/integrallattice/integral_lattices.sage	IntegralLattices.ParentMethods.level	method	984	1	src/dzack_research/preamble/categories/lattices.py		unreviewed
preamble/categories/modules/framed/formed/integrallattice/integral_lattices.sage	IntegralLattices.ParentMethods.genus	method	1024	2			unreviewed
preamble/categories/modules/framed/formed/integrallattice/integral_lattices.sage	IntegralLattices.ParentMethods.is_locally_isometric	method	1048	1	src/dzack_research/preamble/categories/lattices.py		unreviewed
preamble/categories/modules/framed/formed/integrallattice/integral_lattices.sage	IntegralLattices.ParentMethods.discriminant	method	1068	3			unreviewed
preamble/categories/modules/framed/formed/integrallattice/integral_lattices.sage	IntegralLattices.ParentMethods.minimum	method	1088	2			unreviewed
preamble/categories/modules/framed/formed/integrallattice/integral_lattices.sage	IntegralLattices.ParentMethods.enumerate_short_vectors	method	1117	0			unreviewed
preamble/categories/modules/framed/formed/integrallattice/integral_lattices.sage	IntegralLattices.ParentMethods.dual_lattice	method	1156	2			unreviewed
preamble/categories/modules/framed/formed/integrallattice/integral_lattices.sage	IntegralLattices.ParentMethods.correlation	method	1188	1	src/dzack_research/preamble/categories/lattices.py		unreviewed
preamble/categories/modules/framed/formed/integrallattice/integral_lattices.sage	IntegralLattices.ParentMethods.discriminant_bilinear_form	method	1201	1	src/dzack_research/preamble/categories/lattices.py		unreviewed
preamble/categories/modules/framed/formed/integrallattice/integral_lattices.sage	IntegralLattices.ParentMethods.discriminant_quadratic_form	method	1212	1	src/dzack_research/preamble/categories/lattices.py		unreviewed
preamble/categories/modules/framed/formed/integrallattice/integral_lattices.sage	IntegralLattices.ParentMethods.discriminant_group	method	1227	1	src/dzack_research/preamble/categories/lattices.py		unreviewed
preamble/categories/modules/framed/formed/integrallattice/integral_lattices.sage	IntegralLattices.ParentMethods.is_coeven	method	1283	1	src/dzack_research/preamble/categories/lattices.py		unreviewed
preamble/categories/modules/framed/formed/integrallattice/integral_lattices.sage	IntegralLattices.ParentMethods.is_coodd	method	1299	1	src/dzack_research/preamble/categories/lattices.py		unreviewed
preamble/categories/modules/framed/formed/integrallattice/integral_lattices.sage	IntegralLattices.ParentMethods.delta	method	1303	1	src/dzack_research/preamble/categories/lattices.py		unreviewed
preamble/categories/modules/framed/formed/integrallattice/integral_lattices.sage	IntegralLattices.ParentMethods.is_p_elementary	method	1307	1	src/dzack_research/preamble/categories/lattices.py		unreviewed
preamble/categories/modules/framed/formed/integrallattice/integral_lattices.sage	IntegralLattices.ParentMethods.is_elliptic	method	1317	2			unreviewed
preamble/categories/modules/framed/formed/integrallattice/integral_lattices.sage	IntegralLattices.ParentMethods.is_parabolic	method	1321	2			unreviewed
preamble/categories/modules/framed/formed/integrallattice/integral_lattices.sage	IntegralLattices.ParentMethods.declared_generator_name_slots	method	1346	0			unreviewed
preamble/categories/modules/framed/formed/integrallattice/integral_lattices.sage	IntegralLattices.ParentMethods.with_names	method	1350	0			unreviewed
preamble/categories/modules/framed/formed/integrallattice/integral_lattices.sage	IntegralLattices.ParentMethods.to_lin_comb_module_generators	method	1362	0			unreviewed
preamble/categories/modules/framed/formed/integrallattice/integral_lattices.sage	IntegralLattices.ParentMethods.sublattices	method	1391	0			unreviewed
preamble/categories/modules/framed/formed/integrallattice/integral_lattices.sage	IntegralLattices.ParentMethods.direct_sum	method	1397	0			unreviewed
preamble/categories/modules/framed/formed/integrallattice/integral_lattices.sage	IntegralLattices.ParentMethods.twist	method	1451	3			unreviewed
preamble/categories/modules/framed/formed/integrallattice/integral_lattices.sage	IntegralLattices.ParentMethods.is_similar	method	1471	1	src/dzack_research/preamble/categories/lattices.py		unreviewed
preamble/categories/modules/framed/formed/integrallattice/integral_lattices.sage	IntegralLattices.ParentMethods.similarity	method	1487	1	src/dzack_research/preamble/categories/lattices.py		unreviewed
preamble/categories/modules/framed/formed/integrallattice/integral_lattices.sage	IntegralLattices.ParentMethods.discriminant_representation	method	1508	2			unreviewed
preamble/categories/modules/framed/formed/integrallattice/integral_lattices.sage	IntegralLattices.ParentMethods.discriminant_representation_is_surjective	method	1531	1	src/dzack_research/preamble/categories/lattices.py		unreviewed
preamble/categories/modules/framed/formed/integrallattice/integral_lattices.sage	IntegralLattices.ParentMethods.stable_orthogonal_group	method	1555	1	src/dzack_research/preamble/categories/lattices.py		unreviewed
preamble/categories/modules/framed/formed/integrallattice/integral_lattices.sage	IntegralLattices.ParentMethods.with_action	method	1573	0			unreviewed
preamble/categories/modules/framed/formed/integrallattice/integral_lattices.sage	IntegralLattices.ParentMethods.invariant_lattice	method	1605	3			unreviewed
preamble/categories/modules/framed/formed/integrallattice/integral_lattices.sage	IntegralLattices.ParentMethods.coinvariant_lattice	method	1622	1	src/dzack_research/preamble/categories/modules/group_modules/group_lattices.py		unreviewed
preamble/categories/modules/framed/formed/integrallattice/integral_lattices.sage	IntegralLattices.ParentMethods.formed_coinvariants	method	1626	1	src/dzack_research/preamble/categories/lattice_morphisms.py		unreviewed
preamble/categories/modules/framed/formed/integrallattice/integral_lattices.sage	IntegralLattices.ElementMethods	class	1841	25			unreviewed
preamble/categories/modules/framed/formed/integrallattice/integral_lattices.sage	IntegralLattices.ElementMethods.div	method	1850	1	src/dzack_research/preamble/categories/lattices.py		unreviewed
preamble/categories/modules/framed/formed/integrallattice/integral_lattices.sage	IntegralLattices.ElementMethods.primitive_dual	method	1855	1	src/dzack_research/preamble/categories/lattices.py		unreviewed
preamble/categories/modules/framed/formed/integrallattice/integral_lattices.sage	IntegralLattices.ElementMethods.primitive_dual_in_discriminant_bilinear_form	method	1863	1	src/dzack_research/preamble/categories/lattices.py		unreviewed
preamble/categories/modules/framed/formed/integrallattice/integral_lattices.sage	IntegralLattices.ElementMethods.primitive_dual_in_discriminant_quadratic_form	method	1869	1	src/dzack_research/preamble/categories/lattices.py		unreviewed
preamble/categories/modules/framed/formed/integrallattice/integral_lattices.sage	IntegralLattices.ElementMethods.is_primitive	method	1878	4			unreviewed
preamble/categories/modules/framed/formed/integrallattice/integral_lattices.sage	IntegralLattices.ElementMethods.e_perp_mod_e	method	1903	1	src/dzack_research/preamble/categories/lattices.py		unreviewed
preamble/categories/modules/framed/formed/integrallattice/integral_lattices.sage	set_zero_dots	function	1916	0			unreviewed
preamble/categories/modules/framed/formed/integrallattice/integral_lattices.sage	Genus	class	1968	1	src/dzack_research/preamble/categories/lattices.py		unreviewed
preamble/categories/modules/framed/formed/integrallattice/integral_lattices.sage	Genus.signature_pair	method	1992	2			unreviewed
preamble/categories/modules/framed/formed/integrallattice/integral_lattices.sage	Genus.discriminant_form	method	1996	1	src/dzack_research/preamble/categories/lattices.py		unreviewed
preamble/categories/modules/framed/formed/integrallattice/integral_lattices.sage	Genus.exists	method	2039	1	src/dzack_research/preamble/categories/lattices.py		unreviewed
preamble/categories/modules/framed/formed/integrallattice/integral_lattices.sage	Genus.determinant	method	2056	5			unreviewed
preamble/categories/modules/framed/formed/integrallattice/integral_lattices.sage	Genus.local_symbol	method	2060	1	src/dzack_research/preamble/categories/lattices.py		unreviewed
preamble/categories/modules/framed/formed/integrallattice/integral_lattices.sage	Genus.excess	method	2064	1	src/dzack_research/preamble/categories/lattices.py		unreviewed
preamble/categories/modules/framed/formed/integrallattice/integral_lattices.sage	Genus.level	method	2069	1	src/dzack_research/preamble/categories/lattices.py		unreviewed
preamble/categories/modules/framed/formed/integrallattice/integral_lattices.sage	Genus.representative	method	2073	10			unreviewed
preamble/categories/modules/framed/formed/integrallattice/integral_lattices.sage	Genus.class_number	method	2077	2			unreviewed
preamble/categories/modules/framed/formed/integrallattice/integral_lattices.sage	Genus.representatives	method	2081	4			unreviewed
preamble/categories/modules/framed/formed/integrallattice/integral_lattices.sage	Genus.mass	method	2094	1	src/dzack_research/preamble/categories/lattices.py		unreviewed
preamble/categories/modules/framed/formed/integrallattice/integral_lattices.sage	register_indecomposable	function	2360	1	src/dzack_research/preamble/categories/lattices.py		unreviewed
preamble/categories/modules/framed/formed/integrallattice/integral_lattices.sage	refine_one_lattice	function	2439	0			unreviewed
preamble/categories/modules/framed/formed/integrallattice/isotropic_orbits.sage	<module>	module	1	0			unreviewed
preamble/categories/modules/framed/formed/integrallattice/isotropic_orbits.sage	orthogonal_group_isotropic_orbit_representatives	function	127	0			unreviewed
preamble/categories/modules/framed/formed/integrallattice/isotropic_orbits.sage	orthogonal_group_line_equivalence_witness	function	144	0			unreviewed
preamble/categories/modules/framed/formed/integrallattice/isotropic_orbits.sage	orthogonal_group_sublattice_equivalence_witness	function	174	0			unreviewed
preamble/categories/modules/framed/formed/integrallattice/isotropic_orbits.sage	orthogonal_group_isotropic_stabilizer_generators	function	209	0			unreviewed
preamble/categories/modules/framed/formed/integrallattice/isotropic_orbits.sage	OrthogonalPredicateSubgroups	class	423	0			unreviewed
preamble/categories/modules/framed/formed/integrallattice/isotropic_orbits.sage	OrthogonalPredicateSubgroups.super_categories	method	444	99			unreviewed
preamble/categories/modules/framed/formed/integrallattice/isotropic_orbits.sage	OrthogonalPredicateSubgroups.ParentMethods	class	451	89			unreviewed
preamble/categories/modules/framed/formed/integrallattice/isotropic_orbits.sage	OrthogonalPredicateSubgroups.ParentMethods.domain	method	467	8			unreviewed
preamble/categories/modules/framed/formed/integrallattice/isotropic_orbits.sage	OrthogonalPredicateSubgroups.ParentMethods.contains_character_kernel	method	471	1	src/dzack_research/preamble/categories/group/predicate_subgroups.py		unreviewed
preamble/categories/modules/framed/formed/integrallattice/isotropic_orbits.sage	OrthogonalPredicateSubgroups.ParentMethods.intersection	method	484	11			unreviewed
preamble/categories/modules/framed/formed/integrallattice/isotropic_orbits.sage	OrthogonalPredicateSubgroups.ParentMethods.isotropic_line_orbit_representatives	method	591	1	src/dzack_research/preamble/categories/lattices.py		unreviewed
preamble/categories/modules/framed/formed/integrallattice/isotropic_orbits.sage	OrthogonalPredicateSubgroups.ParentMethods.isotropic_plane_orbit_representatives	method	597	1	src/dzack_research/preamble/categories/lattices.py		unreviewed
preamble/categories/modules/framed/formed/integrallattice/isotropic_orbits.sage	OrthogonalPredicateSubgroups.ParentMethods.isotropic_flag_orbit_representatives	method	601	1	src/dzack_research/preamble/categories/lattices.py		unreviewed
preamble/categories/modules/framed/formed/integrallattice/isotropic_orbits.sage	OrthogonalPredicateSubgroups.ParentMethods.isotropic_lines_are_equivalent	method	629	0			unreviewed
preamble/categories/modules/framed/formed/integrallattice/isotropic_orbits.sage	OrthogonalPredicateSubgroups.ParentMethods.isotropic_planes_are_equivalent	method	635	0			unreviewed
preamble/categories/modules/framed/formed/integrallattice/isotropic_orbits.sage	OrthogonalPredicateSubgroups.ParentMethods.isotropic_flags_are_equivalent	method	641	0			unreviewed
preamble/categories/modules/framed/formed/integrallattice/isotropic_orbits.sage	OrthogonalPredicateSubgroups.ParentMethods.vector_orbit_representatives	method	653	2			unreviewed
preamble/categories/modules/framed/formed/integrallattice/isotropic_orbits.sage	OrthogonalPredicateSubgroups.ParentMethods.vectors_are_equivalent	method	678	2			unreviewed
preamble/categories/modules/framed/formed/integrallattice/isotropic_orbits.sage	OrthogonalPredicateSubgroups.ParentMethods.vector_equivalence_witness	method	704	2			unreviewed
preamble/categories/modules/framed/formed/integrallattice/isotropic_orbits.sage	orthogonal_predicate_subgroup	function	761	0			unreviewed
preamble/categories/modules/framed/formed/integrallattice/lattice_homomorphisms.sage	<module>	module	1	0			unreviewed
preamble/categories/modules/framed/formed/integrallattice/lattice_homomorphisms.sage	LatticeMapSpecification	binding	36	0			unreviewed
preamble/categories/modules/framed/formed/integrallattice/lattice_homomorphisms.sage	LatticeHomsetParent	class	40	0			unreviewed
preamble/categories/modules/framed/formed/integrallattice/lattice_homomorphisms.sage	LatticeHomsetParent.domain	method	43	8			unreviewed
preamble/categories/modules/framed/formed/integrallattice/lattice_homomorphisms.sage	LatticeHomomorphisms	class	46	0			unreviewed
preamble/categories/modules/framed/formed/integrallattice/lattice_homomorphisms.sage	LatticeHomomorphisms.super_categories	method	53	99			unreviewed
preamble/categories/modules/framed/formed/integrallattice/lattice_homomorphisms.sage	LatticeHomomorphisms.ParentMethods	class	68	89			unreviewed
preamble/categories/modules/framed/formed/integrallattice/lattice_homomorphisms.sage	LatticeHomomorphisms.ElementMethods	class	128	25			unreviewed
preamble/categories/modules/framed/formed/integrallattice/lattice_homomorphisms.sage	LatticeHomomorphisms.ElementMethods.discriminant_isometry	method	129	1	src/dzack_research/preamble/categories/lattice_morphisms.py		unreviewed
preamble/categories/modules/framed/formed/integrallattice/lattice_homomorphisms.sage	LatticeHomomorphisms.ElementMethods.discriminant_inclusion	method	192	1	src/dzack_research/preamble/categories/lattice_morphisms.py		unreviewed
preamble/categories/modules/framed/formed/integrallattice/lattice_homomorphisms.sage	IsometryHomsets	class	251	0			unreviewed
preamble/categories/modules/framed/formed/integrallattice/lattice_homomorphisms.sage	IsometryHomsets.super_categories	method	258	99			unreviewed
preamble/categories/modules/framed/formed/integrallattice/lattice_homomorphisms.sage	IsometryHomsets.ParentMethods	class	264	89			unreviewed
preamble/categories/modules/framed/formed/integrallattice/lattice_homomorphisms.sage	IsometryHomsets.ParentMethods.is_empty	method	318	1	src/dzack_research/preamble/categories/lattice_morphisms.py		unreviewed
preamble/categories/modules/framed/formed/integrallattice/lattice_homomorphisms.sage	IsometryHomsets.ParentMethods.an_element	method	469	12			unreviewed
preamble/categories/modules/framed/formed/integrallattice/lattice_homomorphisms.sage	IsometryHomsets.ParentMethods.acting_group	method	548	8			unreviewed
preamble/categories/modules/framed/formed/integrallattice/lattice_homomorphisms.sage	IsometryHomsets.ParentMethods.transporter	method	562	6			unreviewed
preamble/categories/modules/framed/formed/integrallattice/lattice_homomorphisms.sage	IsometryHomset	function	597	0			unreviewed
preamble/categories/modules/framed/formed/integrallattice/lattice_homomorphisms.sage	EmbeddingHomsets	class	602	0			unreviewed
preamble/categories/modules/framed/formed/integrallattice/lattice_homomorphisms.sage	EmbeddingHomsets.super_categories	method	609	99			unreviewed
preamble/categories/modules/framed/formed/integrallattice/lattice_homomorphisms.sage	EmbeddingHomsets.ParentMethods	class	615	89			unreviewed
preamble/categories/modules/framed/formed/integrallattice/lattice_homomorphisms.sage	EmbeddingHomsets.ParentMethods.is_empty	method	723	1	src/dzack_research/preamble/categories/lattice_morphisms.py		unreviewed
preamble/categories/modules/framed/formed/integrallattice/lattice_homomorphisms.sage	EmbeddingHomsets.ParentMethods.an_element	method	744	12			unreviewed
preamble/categories/modules/framed/formed/integrallattice/lattice_homomorphisms.sage	EmbeddingHomset	function	815	0			unreviewed
preamble/categories/modules/framed/formed/integrallattice/lattice_isometries.sage	<module>	module	1	0			unreviewed
preamble/categories/modules/framed/formed/integrallattice/lattice_isometries.sage	IsometryGroupParent	class	53	0			unreviewed
preamble/categories/modules/framed/formed/integrallattice/lattice_isometries.sage	IsometryGroupParent.domain	method	63	8			unreviewed
preamble/categories/modules/framed/formed/integrallattice/lattice_isometries.sage	IsometryGroupParent.is_finite	method	64	12			unreviewed
preamble/categories/modules/framed/formed/integrallattice/lattice_isometries.sage	IsometryGroupParent.is_countable	method	65	1	src/dzack_research/preamble/categories/sets/cardinals.py		unreviewed
preamble/categories/modules/framed/formed/integrallattice/lattice_isometries.sage	IsometryGroupParent.one	method	66	24			unreviewed
preamble/categories/modules/framed/formed/integrallattice/lattice_isometries.sage	IsometryGroupParent.cardinality	method	67	28			unreviewed
preamble/categories/modules/framed/formed/integrallattice/lattice_isometries.sage	IsometryGroupParent.group_generators	method	68	7			unreviewed
preamble/categories/modules/framed/formed/integrallattice/lattice_isometries.sage	IsometryGroupParent.subgroup_on	method	69	2			unreviewed
preamble/categories/modules/framed/formed/integrallattice/lattice_isometries.sage	IsometryGroupParent.presenting_free_group	method	70	1	src/dzack_research/preamble/categories/group/groups.py		unreviewed
preamble/categories/modules/framed/formed/integrallattice/lattice_isometries.sage	IsometryMorphism	class	77	0			unreviewed
preamble/categories/modules/framed/formed/integrallattice/lattice_isometries.sage	IsometryMorphism.parent	method	80	0			unreviewed
preamble/categories/modules/framed/formed/integrallattice/lattice_isometries.sage	IsometryMorphism.domain	method	81	8			unreviewed
preamble/categories/modules/framed/formed/integrallattice/lattice_isometries.sage	IsometryMorphism.matrix	method	82	3			unreviewed
preamble/categories/modules/framed/formed/integrallattice/lattice_isometries.sage	IsometryMorphism.is_identity	method	83	5			unreviewed
preamble/categories/modules/framed/formed/integrallattice/lattice_isometries.sage	LatticeIsometries	class	164	0			unreviewed
preamble/categories/modules/framed/formed/integrallattice/lattice_isometries.sage	LatticeIsometries.super_categories	method	180	99			unreviewed
preamble/categories/modules/framed/formed/integrallattice/lattice_isometries.sage	LatticeIsometries.ParentMethods	class	201	89			unreviewed
preamble/categories/modules/framed/formed/integrallattice/lattice_isometries.sage	LatticeIsometries.ParentMethods.structure_description	method	210	1	src/dzack_research/preamble/categories/lattice_morphisms.py		unreviewed
preamble/categories/modules/framed/formed/integrallattice/lattice_isometries.sage	LatticeIsometries.ParentMethods.one	method	250	24			unreviewed
preamble/categories/modules/framed/formed/integrallattice/lattice_isometries.sage	LatticeIsometries.ParentMethods.an_element	method	260	12			unreviewed
preamble/categories/modules/framed/formed/integrallattice/lattice_isometries.sage	LatticeIsometries.ParentMethods.subgroup_on	method	271	2			unreviewed
preamble/categories/modules/framed/formed/integrallattice/lattice_isometries.sage	LatticeIsometries.ParentMethods.discriminant_image	method	278	2			unreviewed
preamble/categories/modules/framed/formed/integrallattice/lattice_isometries.sage	LatticeIsometries.ParentMethods.special_orthogonal_subgroup	method	307	0			unreviewed
preamble/categories/modules/framed/formed/integrallattice/lattice_isometries.sage	LatticeIsometries.ParentMethods.spinor_kernel_subgroup	method	324	1	src/dzack_research/preamble/categories/lattices.py		unreviewed
preamble/categories/modules/framed/formed/integrallattice/lattice_isometries.sage	LatticeIsometries.ParentMethods.discriminant_preimage	method	345	1	src/dzack_research/preamble/categories/lattice_morphisms.py		unreviewed
preamble/categories/modules/framed/formed/integrallattice/lattice_isometries.sage	LatticeIsometries.ParentMethods.stabilizer_of_vector	method	377	0			unreviewed
preamble/categories/modules/framed/formed/integrallattice/lattice_isometries.sage	LatticeIsometries.ParentMethods.stabilizer_of_isotropic_line	method	391	0			unreviewed
preamble/categories/modules/framed/formed/integrallattice/lattice_isometries.sage	LatticeIsometries.ParentMethods.stabilizer_of_isotropic_plane	method	413	0			unreviewed
preamble/categories/modules/framed/formed/integrallattice/lattice_isometries.sage	LatticeIsometries.ParentMethods.stabilizer_of_isotropic_flag	method	442	0			unreviewed
preamble/categories/modules/framed/formed/integrallattice/lattice_isometries.sage	LatticeIsometries.ParentMethods.vector_orbit_representatives	method	478	2			unreviewed
preamble/categories/modules/framed/formed/integrallattice/lattice_isometries.sage	LatticeIsometries.ParentMethods.isotropic_line_orbit_representatives	method	511	1	src/dzack_research/preamble/categories/lattices.py		unreviewed
preamble/categories/modules/framed/formed/integrallattice/lattice_isometries.sage	LatticeIsometries.ParentMethods.isotropic_plane_orbit_representatives	method	538	1	src/dzack_research/preamble/categories/lattices.py		unreviewed
preamble/categories/modules/framed/formed/integrallattice/lattice_isometries.sage	LatticeIsometries.ParentMethods.isotropic_flag_orbit_representatives	method	556	1	src/dzack_research/preamble/categories/lattices.py		unreviewed
preamble/categories/modules/framed/formed/integrallattice/lattice_isometries.sage	LatticeIsometries.ParentMethods.isotropic_lines_are_equivalent	method	570	0			unreviewed
preamble/categories/modules/framed/formed/integrallattice/lattice_isometries.sage	LatticeIsometries.ParentMethods.isotropic_planes_are_equivalent	method	585	0			unreviewed
preamble/categories/modules/framed/formed/integrallattice/lattice_isometries.sage	LatticeIsometries.ParentMethods.isotropic_flags_are_equivalent	method	604	0			unreviewed
preamble/categories/modules/framed/formed/integrallattice/lattice_isometries.sage	LatticeIsometries.ParentMethods.group_generators	method	646	7			unreviewed
preamble/categories/modules/framed/formed/integrallattice/lattice_isometries.sage	LatticeIsometries.ParentMethods.presenting_free_group	method	712	1	src/dzack_research/preamble/categories/group/groups.py		unreviewed
preamble/categories/modules/framed/formed/integrallattice/lattice_isometries.sage	LatticeIsometries.ParentMethods.defining_relations	method	737	1	src/dzack_research/preamble/categories/group/groups.py		unreviewed
preamble/categories/modules/framed/formed/integrallattice/lattice_isometries.sage	LatticeIsometries.ElementMethods	class	754	25			unreviewed
preamble/categories/modules/framed/formed/integrallattice/lattice_isometries.sage	LatticeIsometries.ElementMethods.is_identity	method	755	5			unreviewed
preamble/categories/modules/framed/formed/integrallattice/lattice_isometries.sage	LatticeIsometries.ElementMethods.is_involution	method	759	1	src/dzack_research/preamble/categories/lattice_morphisms.py		unreviewed
preamble/categories/modules/framed/formed/integrallattice/lattice_isometries.sage	LatticeIsometries.ElementMethods.determinant	method	763	5			unreviewed
preamble/categories/modules/framed/formed/integrallattice/lattice_isometries.sage	LatticeIsometries.ElementMethods.real_spinor_norm_sign	method	775	1	src/dzack_research/preamble/categories/lattice_morphisms.py		unreviewed
preamble/categories/modules/framed/formed/integrallattice/lattice_isometries.sage	LatticeIsometries.ElementMethods.preserves_positive_cone	method	810	1	src/dzack_research/preamble/categories/lattice_morphisms.py		unreviewed
preamble/categories/modules/framed/formed/integrallattice/lattice_isometries.sage	LatticeIsometries.ElementMethods.then	method	858	5			unreviewed
preamble/categories/modules/framed/formed/integrallattice/lattice_isometries.sage	LatticeIsometries.ElementMethods.inverse	method	898	16			unreviewed
preamble/categories/modules/framed/formed/integrallattice/lattice_isometries.sage	LatticeIsometries.ElementMethods.discriminant_morphism	method	916	1	src/dzack_research/preamble/categories/lattice_morphisms.py		unreviewed
preamble/categories/modules/framed/formed/integrallattice/lattice_isometries.sage	LatticeIsometries.ElementMethods.centralizer_discriminant_image	method	942	3			unreviewed
preamble/categories/modules/framed/formed/integrallattice/lattice_isometries.sage	LatticeIsometries.ElementMethods.cyclic_subgroup	method	1025	2			unreviewed
preamble/categories/modules/framed/formed/integrallattice/lattice_isometries.sage	LatticeIsometrySubgroups	class	1051	0			unreviewed
preamble/categories/modules/framed/formed/integrallattice/lattice_isometries.sage	LatticeIsometrySubgroups.super_categories	method	1065	99			unreviewed
preamble/categories/modules/framed/formed/integrallattice/lattice_isometries.sage	LatticeIsometrySubgroups.ParentMethods	class	1074	89			unreviewed
preamble/categories/modules/framed/formed/integrallattice/lattice_isometries.sage	LatticeIsometrySubgroup	function	1142	0			unreviewed
preamble/categories/modules/framed/formed/integrallattice/root_lattices.sage	<module>	module	1	0			unreviewed
preamble/categories/modules/framed/formed/integrallattice/root_lattices.sage	RootLatticeElement	class	32	0			unreviewed
preamble/categories/modules/framed/formed/integrallattice/root_lattices.sage	refine_root_lattice	function	36	1	src/dzack_research/preamble/categories/lattices.py		unreviewed
preamble/categories/modules/framed/formed/integrallattice/root_lattices.sage	RootLattices	class	51	1	src/dzack_research/preamble/categories/lattices.py		unreviewed
preamble/categories/modules/framed/formed/integrallattice/root_lattices.sage	RootLattices.super_categories	method	64	99			unreviewed
preamble/categories/modules/framed/formed/integrallattice/root_lattices.sage	RootLattices.ParentMethods	class	73	89			unreviewed
preamble/categories/modules/framed/formed/integrallattice/root_lattices.sage	RootLattices.ParentMethods.cartan_type	method	78	1	src/dzack_research/preamble/categories/lattices.py		unreviewed
preamble/categories/modules/framed/formed/integrallattice/root_lattices.sage	RootLattices.ParentMethods.twist	method	82	3			unreviewed
preamble/categories/modules/framed/formed/integrallattice/root_lattices.sage	RootLattices.ParentMethods.simple_roots	method	102	2			unreviewed
preamble/categories/modules/framed/formed/integrallattice/root_lattices.sage	RootLattices.ParentMethods.coxeter_number	method	113	1	src/dzack_research/preamble/categories/lattices.py		unreviewed
preamble/categories/modules/framed/formed/integrallattice/root_lattices.sage	RootLattices.ParentMethods.highest_root	method	129	1	src/dzack_research/preamble/categories/lattices.py		unreviewed
preamble/categories/modules/framed/formed/integrallattice/root_lattices.sage	RootLattices.ParentMethods.simple_reflections	method	162	2			unreviewed
preamble/categories/modules/framed/formed/integrallattice/root_lattices.sage	RootLattices.ParentMethods.fundamental_weights	method	174	1	src/dzack_research/preamble/categories/lattices.py		unreviewed
preamble/categories/modules/framed/formed/integrallattice/root_lattices.sage	RootLattices.ElementMethods	class	198	25			unreviewed
preamble/categories/modules/framed/formed/integrallattice/root_lattices.sage	RootLattices.ElementMethods.is_root	method	205	1	src/dzack_research/preamble/categories/lattices.py		unreviewed
preamble/categories/modules/framed/formed/integrallattice/root_lattices.sage	RootLattices.ElementMethods.is_positive_root	method	216	1	src/dzack_research/preamble/categories/lattices.py		unreviewed
preamble/categories/modules/framed/formed/integrallattice/root_lattices.sage	RootLattices.ElementMethods.is_negative_root	method	228	1	src/dzack_research/preamble/categories/lattices.py		unreviewed
preamble/categories/modules/framed/formed/integrallattice/root_lattices.sage	RootLattices.ElementMethods.height	method	232	2			unreviewed
preamble/categories/modules/framed/formed/integrallattice/root_lattices.sage	RootLattices.ElementMethods.coroot	method	241	1	src/dzack_research/preamble/categories/lattices.py		unreviewed
preamble/categories/modules/framed/formed/integrallattice/root_lattices.sage	RootLatticeIsometries	class	262	0			unreviewed
preamble/categories/modules/framed/formed/integrallattice/root_lattices.sage	RootLatticeIsometries.super_categories	method	269	99			unreviewed
preamble/categories/modules/framed/formed/integrallattice/root_lattices.sage	RootLatticeIsometries.ParentMethods	class	274	89			unreviewed
preamble/categories/modules/framed/formed/integrallattice/root_lattices.sage	RootLatticeIsometries.ParentMethods.domain	method	277	8			unreviewed
preamble/categories/modules/framed/formed/integrallattice/subobjects.sage	<module>	module	1	0			unreviewed
preamble/categories/modules/framed/formed/integrallattice/subobjects.sage	SubobjectParent	class	40	0			unreviewed
preamble/categories/modules/framed/formed/integrallattice/subobjects.sage	SubobjectParent.structure_morphism	method	51	2			unreviewed
preamble/categories/modules/framed/formed/integrallattice/subobjects.sage	SubobjectParent.ambient	method	52	2			unreviewed
preamble/categories/modules/framed/formed/integrallattice/subobjects.sage	SubobjectParent.gram_matrix	method	53	1	src/dzack_research/preamble/categories/lattices.py		unreviewed
preamble/categories/modules/framed/formed/integrallattice/subobjects.sage	SubobjectParent.module_generators	method	54	7			unreviewed
preamble/categories/modules/framed/formed/integrallattice/subobjects.sage	SubobjectParent.is_primitive	method	55	4			unreviewed
preamble/categories/modules/framed/formed/integrallattice/subobjects.sage	SubobjectParent.embedded_module_generators	method	56	1	src/dzack_research/preamble/categories/modules/pure/modules.py		unreviewed
preamble/categories/modules/framed/formed/integrallattice/subobjects.sage	Subobjects	class	59	1	src/dzack_research/preamble/categories/abstract_categories/constructions.py		unreviewed
preamble/categories/modules/framed/formed/integrallattice/subobjects.sage	Subobjects.super_categories	method	66	99			unreviewed
preamble/categories/modules/framed/formed/integrallattice/subobjects.sage	Subobjects.ParentMethods	class	69	89			unreviewed
preamble/categories/modules/framed/formed/integrallattice/subobjects.sage	Subobjects.ParentMethods.ambient	method	74	2			unreviewed
preamble/categories/modules/framed/formed/integrallattice/subobjects.sage	Subobjects.ParentMethods.lift	method	78	9			unreviewed
preamble/categories/modules/framed/formed/integrallattice/subobjects.sage	Subobjects.ParentMethods.retract	method	82	0			unreviewed
preamble/categories/modules/framed/formed/integrallattice/subobjects.sage	Subobjects.ParentMethods.index	method	86	6			unreviewed
preamble/categories/modules/framed/formed/integrallattice/subobjects.sage	Subobjects.ParentMethods.is_primitive	method	102	4			unreviewed
preamble/categories/modules/framed/formed/integrallattice/subobjects.sage	Subobjects.ParentMethods.saturation	method	120	4			unreviewed
preamble/categories/modules/framed/formed/integrallattice/subobjects.sage	Subobjects.ParentMethods.index_in_saturation	method	163	0			unreviewed
preamble/categories/modules/framed/formed/integrallattice/subobjects.sage	Subobjects.ParentMethods.sum	method	179	4			unreviewed
preamble/categories/modules/framed/formed/integrallattice/subobjects.sage	Subobjects.ParentMethods.intersection	method	196	11			unreviewed
preamble/categories/modules/framed/formed/integrallattice/subobjects.sage	Subobjects.ParentMethods.embedded_module_generators	method	240	1	src/dzack_research/preamble/categories/modules/pure/modules.py		unreviewed
preamble/categories/modules/framed/formed/integrallattice/subobjects.sage	Subobjects.ParentMethods.isotropic_reduction	method	257	2			unreviewed
preamble/categories/modules/framed/formed/integrallattice/subobjects.sage	Subobject	function	334	0			unreviewed
preamble/categories/modules/framed/formed/integrallattice/vector_orbits.sage	<module>	module	1	0			unreviewed
preamble/categories/modules/framed/formed/integrallattice/vector_orbits.sage	forms	binding	42	0			unreviewed
preamble/categories/modules/framed/formed/integrallattice/vector_orbits.sage	orthogonal_group_vector_equivalence_witness	function	137	0			unreviewed
preamble/categories/modules/framed/formed/integrallattice/vector_orbits.sage	orthogonal_group_vector_stabilizer_generators	function	170	0			unreviewed
preamble/categories/modules/framed/formed/integrallattice/vector_orbits.sage	VectorPrimitiveExtension	class	200	1	src/dzack_research/preamble/categories/vector_orbits.py		unreviewed
preamble/categories/modules/framed/formed/integrallattice/vector_orbits.sage	VectorPrimitiveExtension.representative_of	method	387	1	src/dzack_research/preamble/categories/vector_orbits.py		unreviewed
preamble/categories/modules/framed/formed/integrallattice/vector_orbits.sage	VectorPrimitiveExtension.class_of_representative	method	401	1	src/dzack_research/preamble/categories/vector_orbits.py		unreviewed
preamble/categories/modules/framed/formed/integrallattice/vector_orbits.sage	VectorPrimitiveExtension.complement_is_definite	method	414	1	src/dzack_research/preamble/categories/vector_orbits.py		unreviewed
preamble/categories/modules/framed/formed/integrallattice/vector_orbits.sage	vector_primitive_extension	function	432	1	src/dzack_research/preamble/categories/lattices.py		unreviewed
preamble/categories/modules/framed/formed/integrallattice/vector_orbits.sage	definite_complement_extensions	function	442	2			unreviewed
preamble/categories/modules/framed/formed/integrallattice/vector_orbits.sage	gluing_route_discriminant_classes	function	511	2			unreviewed
preamble/categories/modules/framed/formed/integrallattice/vector_orbits.sage	stable_complement_root_reflections	function	647	2			unreviewed
preamble/categories/modules/framed/formed/integrallattice/vinberg_invariants.sage	<module>	module	1	0			unreviewed
preamble/categories/modules/framed/formed/integrallattice/vinberg_invariants.sage	VertexLabel	binding	113	0			unreviewed
preamble/categories/modules/framed/formed/integrallattice/vinberg_invariants.sage	ProjectivePointDatum	binding	117	0			unreviewed
preamble/categories/modules/framed/formed/integrallattice/vinberg_invariants.sage	ReflectionCosineSets	class	132	0			unreviewed
preamble/categories/modules/framed/formed/integrallattice/vinberg_invariants.sage	ReflectionCosineSets.super_categories	method	143	99			unreviewed
preamble/categories/modules/framed/formed/integrallattice/vinberg_invariants.sage	ReflectionCosineSets.ParentMethods	class	146	89			unreviewed
preamble/categories/modules/framed/formed/integrallattice/vinberg_invariants.sage	ReflectionCosineSets.ParentMethods.index_of	method	178	1	src/dzack_research/preamble/categories/sets/finite_ordered_sets.py		unreviewed
preamble/categories/modules/framed/formed/integrallattice/vinberg_invariants.sage	ProjectiveWeightedGraphs	class	195	1	src/dzack_research/preamble/categories/vinberg_invariants.py		unreviewed
preamble/categories/modules/framed/formed/integrallattice/vinberg_invariants.sage	ProjectiveWeightedGraphs.super_categories	method	201	99			unreviewed
preamble/categories/modules/framed/formed/integrallattice/vinberg_invariants.sage	ProjectiveWeightedGraphs.Symmetric	method	204	0			unreviewed
preamble/categories/modules/framed/formed/integrallattice/vinberg_invariants.sage	ProjectiveWeightedGraphs.ParentMethods	class	207	89			unreviewed
preamble/categories/modules/framed/formed/integrallattice/vinberg_invariants.sage	ProjectiveWeightedGraphs.ParentMethods.vertices	method	211	6			unreviewed
preamble/categories/modules/framed/formed/integrallattice/vinberg_invariants.sage	ProjectiveWeightedGraphs.ParentMethods.num_vertices	method	216	0			unreviewed
preamble/categories/modules/framed/formed/integrallattice/vinberg_invariants.sage	ProjectiveWeightedGraphs.ParentMethods.vertex_weight	method	221	1	src/dzack_research/preamble/categories/vinberg_invariants.py		unreviewed
preamble/categories/modules/framed/formed/integrallattice/vinberg_invariants.sage	ProjectiveWeightedGraphs.ParentMethods.edge_weight	method	228	2			unreviewed
preamble/categories/modules/framed/formed/integrallattice/vinberg_invariants.sage	ProjectiveWeightedGraphs.ParentMethods.subdiagram	method	235	0			unreviewed
preamble/categories/modules/framed/formed/integrallattice/vinberg_invariants.sage	ProjectiveWeightedGraphs.ParentMethods.coxeter_order	method	242	0			unreviewed
preamble/categories/modules/framed/formed/integrallattice/vinberg_invariants.sage	ProjectiveWeightedGraphs.ParentMethods.is_symmetric	method	262	2			unreviewed
preamble/categories/modules/framed/formed/integrallattice/vinberg_invariants.sage	ProjectiveWeightedGraphs.ParentMethods.is_coxeter	method	274	0			unreviewed
preamble/categories/modules/framed/formed/integrallattice/vinberg_invariants.sage	ProjectiveWeightedGraphs.ParentMethods.is_crystallographic	method	296	1	src/dzack_research/preamble/categories/vinberg_invariants.py		unreviewed
preamble/categories/modules/framed/formed/integrallattice/vinberg_invariants.sage	ProjectiveWeightedGraphs.ParentMethods.is_simply_laced	method	317	1	src/dzack_research/preamble/categories/vinberg_invariants.py		unreviewed
preamble/categories/modules/framed/formed/integrallattice/vinberg_invariants.sage	ProjectiveWeightedGraphs.ParentMethods.is_elliptic	method	330	2			unreviewed
preamble/categories/modules/framed/formed/integrallattice/vinberg_invariants.sage	ProjectiveWeightedGraphs.ParentMethods.is_parabolic	method	337	2			unreviewed
preamble/categories/modules/framed/formed/integrallattice/vinberg_invariants.sage	ProjectiveWeightedGraphs.ParentMethods.is_hyperbolic	method	346	2			unreviewed
preamble/categories/modules/framed/formed/integrallattice/vinberg_invariants.sage	ProjectiveWeightedGraphs.ParentMethods.is_compact_hyperbolic	method	364	1	src/dzack_research/preamble/categories/vinberg_invariants.py		unreviewed
preamble/categories/modules/framed/formed/integrallattice/vinberg_invariants.sage	ProjectiveWeightedGraphs.ParentMethods.is_paracompact_hyperbolic	method	377	1	src/dzack_research/preamble/categories/vinberg_invariants.py		unreviewed
preamble/categories/modules/framed/formed/integrallattice/vinberg_invariants.sage	ProjectiveWeightedGraphs.ParentMethods.subdiagram_poset	method	390	1	src/dzack_research/preamble/categories/coxeter_diagrams.py		unreviewed
preamble/categories/modules/framed/formed/integrallattice/vinberg_invariants.sage	ProjectiveWeightedGraphs.ParentMethods.parabolic_subdiagram_poset	method	402	1	src/dzack_research/preamble/categories/coxeter_diagrams.py		unreviewed
preamble/categories/modules/framed/formed/integrallattice/vinberg_invariants.sage	ProjectiveWeightedGraphs.ParentMethods.maximal_parabolic_subdiagram_poset	method	413	0			unreviewed
preamble/categories/modules/framed/formed/integrallattice/vinberg_invariants.sage	ProjectiveWeightedGraphs.ParentMethods.elliptic_subdiagram_poset	method	419	1	src/dzack_research/preamble/categories/coxeter_diagrams.py		unreviewed
preamble/categories/modules/framed/formed/integrallattice/vinberg_invariants.sage	ProjectiveWeightedGraphs.ParentMethods.maximal_elliptic_subdiagram_poset	method	438	0			unreviewed
preamble/categories/modules/framed/formed/integrallattice/vinberg_invariants.sage	ProjectiveWeightedGraphs.ParentMethods.hyperbolic_subdiagram_poset	method	449	0			unreviewed
preamble/categories/modules/framed/formed/integrallattice/vinberg_invariants.sage	ProjectiveWeightedGraphs.ParentMethods.find_all_parabolics	method	460	0			unreviewed
preamble/categories/modules/framed/formed/integrallattice/vinberg_invariants.sage	ProjectiveWeightedGraphs.ParentMethods.find_maximal_parabolics	method	464	0			unreviewed
preamble/categories/modules/framed/formed/integrallattice/vinberg_invariants.sage	SymmetricProjectiveWeightedGraphs	class	469	0			unreviewed
preamble/categories/modules/framed/formed/integrallattice/vinberg_invariants.sage	SymmetricProjectiveWeightedGraphs.super_categories	method	479	99			unreviewed
preamble/categories/modules/framed/formed/integrallattice/vinberg_invariants.sage	SymmetricProjectiveWeightedGraphs.Coxeter	method	482	0			unreviewed
preamble/categories/modules/framed/formed/integrallattice/vinberg_invariants.sage	SymmetricProjectiveWeightedGraphs.ParentMethods	class	489	89			unreviewed
preamble/categories/modules/framed/formed/integrallattice/vinberg_invariants.sage	SymmetricProjectiveWeightedGraphs.ParentMethods.schlafli_matrix	method	492	0			unreviewed
preamble/categories/modules/framed/formed/integrallattice/vinberg_invariants.sage	SymmetricProjectiveWeightedGraphs.ParentMethods.gram_tensor	method	519	4			unreviewed
preamble/categories/modules/framed/formed/integrallattice/vinberg_invariants.sage	to_projective_point	function	565	0			unreviewed
preamble/categories/modules/framed/formed/integrallattice/vinberg_invariants.sage	CombinatorialVinbergInvariantMatrices	class	583	0			unreviewed
preamble/categories/modules/framed/formed/integrallattice/vinberg_invariants.sage	CombinatorialVinbergInvariantMatrices.super_categories	method	594	99			unreviewed
preamble/categories/modules/framed/formed/integrallattice/vinberg_invariants.sage	CombinatorialVinbergInvariantMatrices.ParentMethods	class	597	89			unreviewed
preamble/categories/modules/framed/formed/integrallattice/vinberg_invariants.sage	CombinatorialVinbergInvariantMatrices.ParentMethods.rank	method	620	3			unreviewed
preamble/categories/modules/framed/formed/integrallattice/vinberg_invariants.sage	CombinatorialVinbergInvariantMatrices.ParentMethods.variable_names	method	624	1	src/dzack_research/preamble/categories/rings/ring_foundation.py		unreviewed
preamble/categories/modules/framed/formed/integrallattice/vinberg_invariants.sage	CombinatorialVinbergInvariantMatrices.ParentMethods.vertices	method	628	6			unreviewed
preamble/categories/modules/framed/formed/integrallattice/vinberg_invariants.sage	CombinatorialVinbergInvariantMatrices.ParentMethods.num_vertices	method	632	0			unreviewed
preamble/categories/modules/framed/formed/integrallattice/vinberg_invariants.sage	CombinatorialVinbergInvariantMatrices.ParentMethods.vertex_weight	method	647	1	src/dzack_research/preamble/categories/vinberg_invariants.py		unreviewed
preamble/categories/modules/framed/formed/integrallattice/vinberg_invariants.sage	CombinatorialVinbergInvariantMatrices.ParentMethods.edge_weight	method	654	2			unreviewed
preamble/categories/modules/framed/formed/integrallattice/vinberg_invariants.sage	CombinatorialVinbergInvariantMatrices.ParentMethods.projective_space	method	663	0			unreviewed
preamble/categories/modules/framed/formed/integrallattice/vinberg_invariants.sage	CombinatorialVinbergInvariantMatrices.ParentMethods.entries	method	674	0			unreviewed
preamble/categories/modules/framed/formed/integrallattice/vinberg_invariants.sage	CombinatorialVinbergInvariantMatrices.ParentMethods.is_infinity	method	695	0			unreviewed
preamble/categories/modules/framed/formed/integrallattice/vinberg_invariants.sage	CombinatorialVinbergInvariantMatrices.ParentMethods.affine_ratio	method	699	0			unreviewed
preamble/categories/modules/framed/formed/integrallattice/vinberg_invariants.sage	CombinatorialVinbergInvariantMatrices.ParentMethods.coxeter_order	method	706	0			unreviewed
preamble/categories/modules/framed/formed/integrallattice/vinberg_invariants.sage	CombinatorialVinbergInvariantMatrices.ParentMethods.is_valid	method	732	0			unreviewed
preamble/categories/modules/framed/formed/integrallattice/vinberg_invariants.sage	CombinatorialVinbergInvariantMatrices.ParentMethods.to_sage_coxeter_matrix	method	753	0			unreviewed
preamble/categories/modules/framed/formed/integrallattice/vinberg_invariants.sage	CombinatorialVinbergInvariantMatrices.ParentMethods.subdiagram	method	768	0			unreviewed
preamble/categories/modules/framed/formed/integrallattice/vinberg_invariants.sage	CombinatorialVinbergInvariantMatrices.ParentMethods.submatrix	method	786	1	src/dzack_research/preamble/categories/vinberg_invariants.py		unreviewed
preamble/categories/modules/framed/formed/integrallattice/vinberg_invariants.sage	CombinatorialVinbergInvariantMatrices.ParentMethods.to_digraph	method	790	0			unreviewed
preamble/categories/modules/framed/formed/integrallattice/vinberg_invariants.sage	CombinatorialVinbergInvariantMatrices.ParentMethods.graph	method	806	2			unreviewed
preamble/categories/modules/framed/formed/integrallattice/vinberg_invariants.sage	CombinatorialVinbergInvariantMatrices.ParentMethods.tikz	method	817	0			unreviewed
preamble/categories/modules/framed/formed/integrallattice/vinberg_invariants.sage	vinberg_invariant_matrix_from_gram	function	890	0			unreviewed
preamble/categories/modules/framed/formed/integrallattice/vinberg_invariants.sage	combinatorial_vinberg_invariant_matrix	function	932	0			unreviewed
preamble/categories/modules/framed/formed/integrallattice/vinberg_invariants.sage	ProjectiveWeightedDiGraphs	class	966	0			unreviewed
preamble/categories/modules/framed/formed/integrallattice/vinberg_invariants.sage	ProjectiveWeightedDiGraphs.super_categories	method	978	99			unreviewed
preamble/categories/modules/framed/formed/integrallattice/vinberg_invariants.sage	ProjectiveWeightedDiGraphs.ParentMethods	class	981	89			unreviewed
preamble/categories/modules/framed/formed/integrallattice/vinberg_invariants.sage	ProjectiveWeightedDiGraphs.ParentMethods.vertices	method	1018	6			unreviewed
preamble/categories/modules/framed/formed/integrallattice/vinberg_invariants.sage	ProjectiveWeightedDiGraphs.ParentMethods.num_vertices	method	1022	0			unreviewed
preamble/categories/modules/framed/formed/integrallattice/vinberg_invariants.sage	ProjectiveWeightedDiGraphs.ParentMethods.vertex_weight	method	1026	1	src/dzack_research/preamble/categories/vinberg_invariants.py		unreviewed
preamble/categories/modules/framed/formed/integrallattice/vinberg_invariants.sage	ProjectiveWeightedDiGraphs.ParentMethods.edge_weight	method	1031	2			unreviewed
preamble/categories/modules/framed/formed/integrallattice/vinberg_invariants.sage	ProjectiveWeightedDiGraphs.ParentMethods.edges	method	1036	2			unreviewed
preamble/categories/modules/framed/formed/integrallattice/vinberg_invariants.sage	ProjectiveWeightedDiGraphs.ParentMethods.subdiagram	method	1073	0			unreviewed
preamble/categories/modules/framed/formed/integrallattice/vinberg_invariants.sage	ProjectiveWeightedDiGraphs.ParentMethods.subgraph	method	1086	0			unreviewed
preamble/categories/modules/framed/formed/integrallattice/vinberg_invariants.sage	ProjectiveWeightedDiGraphs.ParentMethods.to_combinatorial_matrix	method	1090	0			unreviewed
preamble/categories/modules/framed/formed/integrallattice/vinberg_invariants.sage	ProjectiveWeightedDiGraphs.ParentMethods.to_vinberg_matrix	method	1112	0			unreviewed
preamble/categories/modules/framed/formed/integrallattice/vinberg_invariants.sage	ProjectiveWeightedDiGraphs.ParentMethods.underlying_digraph	method	1116	0			unreviewed
preamble/categories/modules/framed/formed/integrallattice/vinberg_invariants.sage	projective_weighted_digraph	function	1135	0			unreviewed
preamble/categories/modules/framed/formed/lattice_axioms.sage	<module>	module	1	0			unreviewed
preamble/categories/modules/framed/formed/lattice_axioms.sage	FinitelyGeneratedLattices	class	57	0			unreviewed
preamble/categories/modules/framed/formed/lattice_axioms.sage	FinitelyGeneratedLattices.extra_super_categories	method	74	2			unreviewed
preamble/categories/modules/framed/formed/lattice_axioms.sage	IntegralValuedLattices	class	89	0			unreviewed
preamble/categories/modules/framed/formed/lattice_axioms.sage	IntegralValuedLattices.ParentMethods	class	107	89			unreviewed
preamble/categories/modules/framed/formed/lattice_axioms.sage	IntegralValuedLattices.ParentMethods.is_integral	method	109	2			unreviewed
preamble/categories/modules/framed/formed/lattice_axioms.sage	NondegenerateLattices	class	114	1	src/dzack_research/preamble/categories/lattices.py		unreviewed
preamble/categories/modules/framed/formed/lattice_axioms.sage	NondegenerateLattices.ParentMethods	class	132	89			unreviewed
preamble/categories/modules/framed/formed/lattice_axioms.sage	NondegenerateLattices.ParentMethods.is_nondegenerate	method	134	3			unreviewed
preamble/categories/modules/framed/formed/lattice_axioms.sage	EvenLattices	class	139	1	src/dzack_research/preamble/categories/lattices.py		unreviewed
preamble/categories/modules/framed/formed/lattice_axioms.sage	EvenLattices.extra_super_categories	method	158	2			unreviewed
preamble/categories/modules/framed/formed/lattice_axioms.sage	EvenLattices.ParentMethods	class	168	89			unreviewed
preamble/categories/modules/framed/formed/lattice_axioms.sage	EvenLattices.ParentMethods.is_even	method	170	1	src/dzack_research/preamble/categories/lattices.py		unreviewed
preamble/categories/modules/framed/formed/lattices.sage	<module>	module	1	0			unreviewed
preamble/categories/modules/framed/formed/lattices.sage	LatticeSpecification	binding	63	0			unreviewed
preamble/categories/modules/framed/formed/lattices.sage	Lattices	class	78	1	src/dzack_research/preamble/categories/lattices.py		unreviewed
preamble/categories/modules/framed/formed/lattices.sage	Lattices.extra_super_categories	method	216	2			unreviewed
preamble/categories/modules/framed/formed/lattices.sage	Lattices.root_lattice	method	232	1	src/dzack_research/preamble/categories/coxeter_diagrams.py		unreviewed
preamble/categories/modules/framed/formed/lattices.sage	Lattices.IPQ	method	273	0			unreviewed
preamble/categories/modules/framed/formed/lattices.sage	Lattices.IIPQ	method	279	0			unreviewed
preamble/categories/modules/framed/formed/lattices.sage	Lattices.LK3_2d	method	315	0			unreviewed
preamble/categories/modules/framed/formed/lattices.sage	Lattices.rank_one_negative	method	321	0			unreviewed
preamble/categories/modules/framed/formed/lattices.sage	Lattices.hyperkaehler_lattice	method	326	0			unreviewed
preamble/categories/modules/framed/formed/lattices.sage	Lattices.leech_lattice	method	366	0			unreviewed
preamble/categories/modules/framed/formed/lattices.sage	Lattices.namespace	method	472	0			unreviewed
preamble/categories/modules/framed/formed/lattices.sage	Lattices.install	method	483	1	src/dzack_research/preamble/language_runtime.py		unreviewed
preamble/categories/modules/framed/formed/torsionform/discriminant_bilinear_modules.sage	<module>	module	1	0			unreviewed
preamble/categories/modules/framed/formed/torsionform/discriminant_bilinear_modules.sage	DiscriminantBilinearParent	class	28	0			unreviewed
preamble/categories/modules/framed/formed/torsionform/discriminant_bilinear_modules.sage	DiscriminantBilinearParent.form	method	31	2			unreviewed
preamble/categories/modules/framed/formed/torsionform/discriminant_bilinear_modules.sage	DiscriminantBilinearParent.smith_form_module_generators	method	32	1	src/dzack_research/preamble/categories/modules/framed/finitely_generated/finitely_presented_modules.py		unreviewed
preamble/categories/modules/framed/formed/torsionform/discriminant_bilinear_modules.sage	DiscriminantBilinearParent.regenerate	method	33	0			unreviewed
preamble/categories/modules/framed/formed/torsionform/discriminant_bilinear_modules.sage	DiscriminantBilinearElement	class	35	0			unreviewed
preamble/categories/modules/framed/formed/torsionform/discriminant_bilinear_modules.sage	DiscriminantBilinearElement.parent	method	38	0			unreviewed
preamble/categories/modules/framed/formed/torsionform/discriminant_bilinear_modules.sage	DiscriminantBilinearElement.underlying_element	method	39	4			unreviewed
preamble/categories/modules/framed/formed/torsionform/discriminant_bilinear_modules.sage	DiscriminantBilinearElement.norm	method	40	7			unreviewed
preamble/categories/modules/framed/formed/torsionform/discriminant_bilinear_modules.sage	DiscriminantBilinearElement.b	method	41	5			unreviewed
preamble/categories/modules/framed/formed/torsionform/discriminant_bilinear_modules.sage	DiscriminantBilinearModules	class	44	1	src/dzack_research/preamble/categories/modules/framed/formed/discriminant_modules.py		unreviewed
preamble/categories/modules/framed/formed/torsionform/discriminant_bilinear_modules.sage	DiscriminantBilinearModules.super_categories	method	56	99			unreviewed
preamble/categories/modules/framed/formed/torsionform/discriminant_bilinear_modules.sage	DiscriminantBilinearModules.from_module	method	65	1	src/dzack_research/preamble/categories/modules/framed/formed/torsion_form_modules.py		unreviewed
preamble/categories/modules/framed/formed/torsionform/discriminant_bilinear_modules.sage	DiscriminantBilinearModules.from_relations_and_gram	method	97	1	src/dzack_research/preamble/categories/modules/framed/formed/torsion_form_modules.py		unreviewed
preamble/categories/modules/framed/formed/torsionform/discriminant_bilinear_modules.sage	DiscriminantBilinearModules.cokernel	method	116	3			unreviewed
preamble/categories/modules/framed/formed/torsionform/discriminant_bilinear_modules.sage	DiscriminantBilinearModules.ParentMethods	class	143	89			unreviewed
preamble/categories/modules/framed/formed/torsionform/discriminant_bilinear_modules.sage	DiscriminantBilinearModules.ParentMethods.regenerate	method	146	0			unreviewed
preamble/categories/modules/framed/formed/torsionform/discriminant_bilinear_modules.sage	DiscriminantBilinearModules.ParentMethods.form_vanishes_on	method	165	2			unreviewed
preamble/categories/modules/framed/formed/torsionform/discriminant_bilinear_modules.sage	DiscriminantBilinearModules.ParentMethods.associated_quadratic_form	method	180	1	src/dzack_research/preamble/categories/modules/framed/formed/discriminant_modules.py		unreviewed
preamble/categories/modules/framed/formed/torsionform/discriminant_bilinear_modules.sage	DiscriminantBilinearModules.ParentMethods.invariant_factor_form	method	221	3			unreviewed
preamble/categories/modules/framed/formed/torsionform/discriminant_bilinear_modules.sage	DiscriminantBilinearModules.ParentMethods.normal_form	method	232	0			unreviewed
preamble/categories/modules/framed/formed/torsionform/discriminant_bilinear_modules.sage	DiscriminantBilinearModules.ParentMethods.is_isomorphic	method	251	3			unreviewed
preamble/categories/modules/framed/formed/torsionform/discriminant_bilinear_modules.sage	DiscriminantBilinearModules.ParentMethods.automorphism_group	method	274	2			unreviewed
preamble/categories/modules/framed/formed/torsionform/discriminant_bilinear_modules.sage	DiscriminantBilinearModules.ParentMethods.twist	method	287	3			unreviewed
preamble/categories/modules/framed/formed/torsionform/discriminant_bilinear_modules.sage	DiscriminantBilinearModules.ParentMethods.pontryagin_dual_identification	method	300	2			unreviewed
preamble/categories/modules/framed/formed/torsionform/discriminant_bilinear_modules.sage	DiscriminantBilinearModules.ElementMethods	class	351	25			unreviewed
preamble/categories/modules/framed/formed/torsionform/discriminant_quadratic_modules.sage	<module>	module	1	0			unreviewed
preamble/categories/modules/framed/formed/torsionform/discriminant_quadratic_modules.sage	DiscriminantQuadraticParent	class	48	0			unreviewed
preamble/categories/modules/framed/formed/torsionform/discriminant_quadratic_modules.sage	DiscriminantQuadraticParent.form	method	51	2			unreviewed
preamble/categories/modules/framed/formed/torsionform/discriminant_quadratic_modules.sage	DiscriminantQuadraticParent.smith_form_module_generators	method	52	1	src/dzack_research/preamble/categories/modules/framed/finitely_generated/finitely_presented_modules.py		unreviewed
preamble/categories/modules/framed/formed/torsionform/discriminant_quadratic_modules.sage	DiscriminantQuadraticParent.regenerate	method	53	0			unreviewed
preamble/categories/modules/framed/formed/torsionform/discriminant_quadratic_modules.sage	DiscriminantQuadraticElement	class	58	0			unreviewed
preamble/categories/modules/framed/formed/torsionform/discriminant_quadratic_modules.sage	DiscriminantQuadraticElement.parent	method	61	0			unreviewed
preamble/categories/modules/framed/formed/torsionform/discriminant_quadratic_modules.sage	DiscriminantQuadraticElement.underlying_element	method	62	4			unreviewed
preamble/categories/modules/framed/formed/torsionform/discriminant_quadratic_modules.sage	DiscriminantQuadraticElement.norm	method	63	7			unreviewed
preamble/categories/modules/framed/formed/torsionform/discriminant_quadratic_modules.sage	DiscriminantQuadraticElement.b	method	64	5			unreviewed
preamble/categories/modules/framed/formed/torsionform/discriminant_quadratic_modules.sage	DiscriminantQuadraticModules	class	67	1	src/dzack_research/preamble/categories/modules/framed/formed/discriminant_modules.py		unreviewed
preamble/categories/modules/framed/formed/torsionform/discriminant_quadratic_modules.sage	DiscriminantQuadraticModules.super_categories	method	80	99			unreviewed
preamble/categories/modules/framed/formed/torsionform/discriminant_quadratic_modules.sage	DiscriminantQuadraticModules.from_module	method	86	1	src/dzack_research/preamble/categories/modules/framed/formed/torsion_form_modules.py		unreviewed
preamble/categories/modules/framed/formed/torsionform/discriminant_quadratic_modules.sage	DiscriminantQuadraticModules.from_relations_and_gram	method	119	1	src/dzack_research/preamble/categories/modules/framed/formed/torsion_form_modules.py		unreviewed
preamble/categories/modules/framed/formed/torsionform/discriminant_quadratic_modules.sage	DiscriminantQuadraticModules.cokernel	method	139	3			unreviewed
preamble/categories/modules/framed/formed/torsionform/discriminant_quadratic_modules.sage	DiscriminantQuadraticModules.ParentMethods	class	170	89			unreviewed
preamble/categories/modules/framed/formed/torsionform/discriminant_quadratic_modules.sage	DiscriminantQuadraticModules.ParentMethods.regenerate	method	173	0			unreviewed
preamble/categories/modules/framed/formed/torsionform/discriminant_quadratic_modules.sage	DiscriminantQuadraticModules.ParentMethods.form_vanishes_on	method	192	2			unreviewed
preamble/categories/modules/framed/formed/torsionform/discriminant_quadratic_modules.sage	DiscriminantQuadraticModules.ParentMethods.associated_quadratic_form	method	204	1	src/dzack_research/preamble/categories/modules/framed/formed/discriminant_modules.py		unreviewed
preamble/categories/modules/framed/formed/torsionform/discriminant_quadratic_modules.sage	DiscriminantQuadraticModules.ParentMethods.associated_bilinear_form	method	208	2			unreviewed
preamble/categories/modules/framed/formed/torsionform/discriminant_quadratic_modules.sage	DiscriminantQuadraticModules.ParentMethods.invariant_factor_form	method	229	3			unreviewed
preamble/categories/modules/framed/formed/torsionform/discriminant_quadratic_modules.sage	DiscriminantQuadraticModules.ParentMethods.normal_form	method	239	0			unreviewed
preamble/categories/modules/framed/formed/torsionform/discriminant_quadratic_modules.sage	DiscriminantQuadraticModules.ParentMethods.brown_invariant	method	250	1	src/dzack_research/preamble/categories/modules/framed/formed/discriminant_modules.py		unreviewed
preamble/categories/modules/framed/formed/torsionform/discriminant_quadratic_modules.sage	DiscriminantQuadraticModules.ParentMethods.is_isomorphic	method	289	3			unreviewed
preamble/categories/modules/framed/formed/torsionform/discriminant_quadratic_modules.sage	DiscriminantQuadraticModules.ParentMethods.automorphism_group	method	312	2			unreviewed
preamble/categories/modules/framed/formed/torsionform/discriminant_quadratic_modules.sage	DiscriminantQuadraticModules.ParentMethods.twist	method	326	3			unreviewed
preamble/categories/modules/framed/formed/torsionform/discriminant_quadratic_modules.sage	DiscriminantQuadraticModules.ParentMethods.is_anti_isometric	method	341	2			unreviewed
preamble/categories/modules/framed/formed/torsionform/discriminant_quadratic_modules.sage	DiscriminantQuadraticModules.ElementMethods	class	359	25			unreviewed
preamble/categories/modules/framed/formed/torsionform/discriminant_quadratic_modules.sage	DiscriminantQuadraticModules.ElementMethods.is_characteristic	method	371	1	src/dzack_research/preamble/categories/modules/framed/formed/discriminant_modules.py		unreviewed
preamble/categories/modules/framed/formed/torsionform/torsion_modules_with_form.sage	<module>	module	1	0			unreviewed
preamble/categories/modules/framed/formed/torsionform/torsion_modules_with_form.sage	TorsionFormParent	class	54	0			unreviewed
preamble/categories/modules/framed/formed/torsionform/torsion_modules_with_form.sage	TorsionFormParent.form	method	59	2			unreviewed
preamble/categories/modules/framed/formed/torsionform/torsion_modules_with_form.sage	TorsionFormParent.presentation	method	60	4			unreviewed
preamble/categories/modules/framed/formed/torsionform/torsion_modules_with_form.sage	TorsionFormParent.module_generator	method	61	11			unreviewed
preamble/categories/modules/framed/formed/torsionform/torsion_modules_with_form.sage	TorsionFormParent.module_generators	method	62	7			unreviewed
preamble/categories/modules/framed/formed/torsionform/torsion_modules_with_form.sage	TorsionFormParent.module_generating_set	method	63	11			unreviewed
preamble/categories/modules/framed/formed/torsionform/torsion_modules_with_form.sage	TorsionFormParent.smith_form_module_generators	method	64	1	src/dzack_research/preamble/categories/modules/framed/finitely_generated/finitely_presented_modules.py		unreviewed
preamble/categories/modules/framed/formed/torsionform/torsion_modules_with_form.sage	TorsionFormParent.cardinality	method	65	28			unreviewed
preamble/categories/modules/framed/formed/torsionform/torsion_modules_with_form.sage	TorsionFormParent.annihilator	method	66	1	src/dzack_research/preamble/categories/modules/pure/modules.py		unreviewed
preamble/categories/modules/framed/formed/torsionform/torsion_modules_with_form.sage	TorsionFormParent.zero	method	67	29			unreviewed
preamble/categories/modules/framed/formed/torsionform/torsion_modules_with_form.sage	TorsionFormParent.regenerate	method	68	0			unreviewed
preamble/categories/modules/framed/formed/torsionform/torsion_modules_with_form.sage	TorsionFormParent.form_vanishes_on	method	69	2			unreviewed
preamble/categories/modules/framed/formed/torsionform/torsion_modules_with_form.sage	TorsionFormParent.subobject_generated_by	method	70	1	src/dzack_research/preamble/categories/modules/framed/formed/torsion_form_modules.py		unreviewed
preamble/categories/modules/framed/formed/torsionform/torsion_modules_with_form.sage	TorsionFormParent.primary_decomposition	method	71	1	src/dzack_research/preamble/categories/rings/commutative_ideals.py		unreviewed
preamble/categories/modules/framed/formed/torsionform/torsion_modules_with_form.sage	TorsionFormParent.gram_matrix	method	73	1	src/dzack_research/preamble/categories/lattices.py		unreviewed
preamble/categories/modules/framed/formed/torsionform/torsion_modules_with_form.sage	TorsionFormElement	class	78	0			unreviewed
preamble/categories/modules/framed/formed/torsionform/torsion_modules_with_form.sage	TorsionFormElement.parent	method	81	0			unreviewed
preamble/categories/modules/framed/formed/torsionform/torsion_modules_with_form.sage	TorsionFormElement.underlying_element	method	82	4			unreviewed
preamble/categories/modules/framed/formed/torsionform/torsion_modules_with_form.sage	CokernelFormParent	class	84	0			unreviewed
preamble/categories/modules/framed/formed/torsionform/torsion_modules_with_form.sage	CokernelFormParent.presentation	method	89	4			unreviewed
preamble/categories/modules/framed/formed/torsionform/torsion_modules_with_form.sage	CokernelFormParent.cover	method	90	3			unreviewed
preamble/categories/modules/framed/formed/torsionform/torsion_modules_with_form.sage	CokernelFormParent.module_generator	method	91	11			unreviewed
preamble/categories/modules/framed/formed/torsionform/torsion_modules_with_form.sage	CokernelFormParent.projection	method	92	6			unreviewed
preamble/categories/modules/framed/formed/torsionform/torsion_modules_with_form.sage	TorsionModulesWithForm	class	95	0			unreviewed
preamble/categories/modules/framed/formed/torsionform/torsion_modules_with_form.sage	TorsionModulesWithForm.super_categories	method	123	99			unreviewed
preamble/categories/modules/framed/formed/torsionform/torsion_modules_with_form.sage	TorsionModulesWithForm.ParentMethods	class	145	89			unreviewed
preamble/categories/modules/framed/formed/torsionform/torsion_modules_with_form.sage	TorsionModulesWithForm.ParentMethods.gram_matrix	method	163	1	src/dzack_research/preamble/categories/lattices.py		unreviewed
preamble/categories/modules/framed/formed/torsionform/torsion_modules_with_form.sage	TorsionModulesWithForm.ParentMethods.primary_part	method	192	2			unreviewed
preamble/categories/modules/framed/formed/torsionform/torsion_modules_with_form.sage	TorsionModulesWithForm.ParentMethods.subobject_generated_by	method	234	1	src/dzack_research/preamble/categories/modules/framed/formed/torsion_form_modules.py		unreviewed
preamble/categories/modules/framed/formed/torsionform/torsion_modules_with_form.sage	TorsionModulesWithForm.ParentMethods.isotropic_subobjects	method	258	1	src/dzack_research/preamble/categories/modules/framed/formed/torsion_form_modules.py		unreviewed
preamble/categories/modules/framed/formed/torsionform/torsion_modules_with_form.sage	TorsionModulesWithForm.ParentMethods.maximal_isotropic_subobjects	method	276	1	src/dzack_research/preamble/categories/modules/framed/formed/torsion_form_modules.py		unreviewed
preamble/categories/modules/framed/formed/torsionform/torsion_modules_with_form.sage	TorsionModulesWithForm.ParentMethods.orbit	method	338	2			unreviewed
preamble/categories/modules/framed/formed/torsionform/torsion_modules_with_form.sage	TorsionModulesWithForm.ParentMethods.orbits	method	354	4			unreviewed
preamble/categories/modules/framed/formed/torsionform/torsion_modules_with_form.sage	TorsionModulesWithForm.ParentMethods.orbits_on_subobjects	method	444	0			unreviewed
preamble/categories/modules/framed/formed/torsionform/torsion_modules_with_form.sage	TorsionModulesWithForm.ParentMethods.orbits_on_isotropic_subobjects	method	456	0			unreviewed
preamble/categories/modules/framed/formed/torsionform/torsion_modules_with_form.sage	TorsionModulesWithForm.ParentMethods.is_anisotropic	method	474	1	src/dzack_research/preamble/categories/modules/framed/formed/discriminant_modules.py		unreviewed
preamble/categories/modules/framed/formed/torsionform/torsion_modules_with_form.sage	TorsionModulesWithForm.ParentMethods.orthogonal_subobject	method	490	0			unreviewed
preamble/categories/modules/framed/formed/torsionform/torsion_modules_with_form.sage	TorsionModulesWithForm.ParentMethods.lagrangian_subobjects	method	519	0			unreviewed
preamble/categories/modules/framed/formed/torsionform/torsion_modules_with_form.sage	TorsionModulesWithForm.ParentMethods.is_metabolic	method	534	1	src/dzack_research/preamble/categories/modules/framed/formed/discriminant_modules.py		unreviewed
preamble/categories/modules/framed/formed/torsionform/torsion_modules_with_form.sage	TorsionModulesWithForm.ParentMethods.metabolizer	method	538	1	src/dzack_research/preamble/categories/modules/framed/formed/discriminant_modules.py		unreviewed
preamble/categories/modules/framed/formed/torsionform/torsion_modules_with_form.sage	TorsionModulesWithForm.ParentMethods.restricted_form	method	551	0			unreviewed
preamble/categories/modules/framed/formed/torsionform/torsion_modules_with_form.sage	TorsionModulesWithForm.ParentMethods.subquotient_form	method	567	0			unreviewed
preamble/categories/modules/framed/formed/torsionform/torsion_modules_with_form.sage	TorsionModulesWithForm.ParentMethods.orthogonal_quotient	method	626	1	src/dzack_research/preamble/categories/modules/framed/formed/discriminant_modules.py		unreviewed
preamble/categories/modules/framed/formed/torsionform/torsion_modules_with_form.sage	TorsionModulesWithForm.ParentMethods.normal_form_isometry	method	632	0			unreviewed
preamble/categories/modules/framed/formed/torsionform/torsion_modules_with_form.sage	TorsionModulesWithForm._AutCategory.ParentMethods	class	720	89			unreviewed
preamble/categories/modules/framed/formed/torsionform/torsion_modules_with_form.sage	CokernelForms	class	924	0			unreviewed
preamble/categories/modules/framed/formed/torsionform/torsion_modules_with_form.sage	CokernelForms.super_categories	method	946	99			unreviewed
preamble/categories/modules/framed/formed/torsionform/torsion_modules_with_form.sage	CokernelForms.ParentMethods	class	949	89			unreviewed
preamble/categories/modules/framed/formed/torsionform/torsion_modules_with_form.sage	CokernelForms.ParentMethods.cover	method	959	3			unreviewed
preamble/categories/modules/framed/formed/torsionform/torsion_modules_with_form.sage	CokernelForms.ParentMethods.projection	method	963	6			unreviewed
preamble/categories/modules/framed/formed/torsionform/torsion_modules_with_form.sage	CokernelForms.ElementMethods	class	982	25			unreviewed
preamble/categories/modules/framed/formed/torsionform/torsion_modules_with_form.sage	CokernelForms.ElementMethods.coset_representative	method	985	0			unreviewed
preamble/categories/modules/framed/formed/torsionform/torsion_modules_with_form.sage	DiscriminantForms	class	996	0			unreviewed
preamble/categories/modules/framed/formed/torsionform/torsion_modules_with_form.sage	DiscriminantForms.super_categories	method	1018	99			unreviewed
preamble/categories/modules/framed/formed/torsionform/torsion_modules_with_form.sage	DiscriminantForms.ParentMethods	class	1021	89			unreviewed
preamble/categories/modules/framed/formed/torsionform/torsion_modules_with_form.sage	DiscriminantForms.ParentMethods.correlation	method	1024	1	src/dzack_research/preamble/categories/lattices.py		unreviewed
preamble/categories/modules/framed/formed/torsionform/torsion_modules_with_form.sage	DiscriminantForms.ParentMethods.source_lattice	method	1028	1	src/dzack_research/preamble/categories/modules/framed/formed/discriminant_modules.py		unreviewed
preamble/categories/modules/framed/formed/torsionform/torsion_modules_with_form.sage	DiscriminantForms.ParentMethods.overlattice_from_isotropic_subobject	method	1032	1	src/dzack_research/preamble/categories/modules/framed/formed/discriminant_modules.py		unreviewed
preamble/categories/modules/framed/formed/torsionform/torsion_modules_with_form.sage	DiscriminantForms.ParentMethods.discriminant_form_of_overlattice	method	1090	1	src/dzack_research/preamble/categories/modules/framed/formed/discriminant_modules.py		unreviewed
preamble/categories/modules/framed/formed/torsionform/torsion_modules_with_form.sage	cokernel_categories	function	1102	0			unreviewed
preamble/categories/modules/framed/formed/torsionform/torsion_modules_with_form.sage	regenerating_data	function	1257	0			unreviewed
preamble/categories/modules/framed/formed/torsionform/torsion_modules_with_form.sage	relations_among	function	1317	0			unreviewed
preamble/categories/modules/framed/formed/torsionform/torsion_modules_with_form.sage	p_adic_jordan_module_generators	function	1343	2			unreviewed
preamble/categories/modules/framed/formed/torsionform/torsion_modules_with_form.sage	subdivide_form_gram_matrix	function	1524	0			unreviewed
preamble/categories/modules/framed/formed/torsionform/torsion_modules_with_form.sage	TorsionFormOrthogonalSubgroups	class	1571	0			unreviewed
preamble/categories/modules/framed/formed/torsionform/torsion_modules_with_form.sage	TorsionFormOrthogonalSubgroups.super_categories	method	1585	99			unreviewed
preamble/categories/modules/framed/formed/torsionform/torsion_modules_with_form.sage	TorsionFormOrthogonalSubgroups.ParentMethods	class	1596	89			unreviewed
preamble/categories/modules/framed/formed/torsionform/torsion_modules_with_form.sage	TorsionFormOrthogonalSubgroups.ParentMethods.domain	method	1623	8			unreviewed
preamble/categories/modules/framed/formed/torsionform/torsion_modules_with_form.sage	TorsionFormOrthogonalSubgroups.ParentMethods.cardinality	method	1627	28			unreviewed
preamble/categories/modules/framed/formed/torsionform/torsion_modules_with_form.sage	TorsionFormOrthogonalSubgroups.ParentMethods.intersection	method	1631	11			unreviewed
preamble/categories/modules/framed/fraction_field_quotients.sage	<module>	module	1	0			unreviewed
preamble/categories/modules/framed/fraction_field_quotients.sage	FractionFieldQuotientParent	class	71	0			unreviewed
preamble/categories/modules/framed/fraction_field_quotients.sage	FractionFieldQuotientParent.base	method	78	6			unreviewed
preamble/categories/modules/framed/fraction_field_quotients.sage	FractionFieldQuotientParent.base_ring	method	79	32			unreviewed
preamble/categories/modules/framed/fraction_field_quotients.sage	FractionFieldQuotientParent.coerce_map_from	method	80	0			unreviewed
preamble/categories/modules/framed/fraction_field_quotients.sage	FractionFieldQuotientParent.fraction_field	method	81	7			unreviewed
preamble/categories/modules/framed/fraction_field_quotients.sage	FractionFieldQuotientParent.modulus	method	82	3			unreviewed
preamble/categories/modules/framed/fraction_field_quotients.sage	FractionFieldQuotientParent.divisibility_chain	method	83	1	src/dzack_research/preamble/categories/modules/framed/fraction_field_quotients.py		unreviewed
preamble/categories/modules/framed/fraction_field_quotients.sage	FractionFieldQuotientParent.projection_from_fraction_field	method	84	1	src/dzack_research/preamble/categories/modules/framed/fraction_field_quotients.py		unreviewed
preamble/categories/modules/framed/fraction_field_quotients.sage	FractionFieldQuotientParent.lift	method	86	9			unreviewed
preamble/categories/modules/framed/fraction_field_quotients.sage	FractionFieldQuotientParent.subobject_on	method	87	5			unreviewed
preamble/categories/modules/framed/fraction_field_quotients.sage	FractionFieldQuotients	class	96	1	src/dzack_research/preamble/categories/modules/framed/fraction_field_quotients.py		unreviewed
preamble/categories/modules/framed/fraction_field_quotients.sage	FractionFieldQuotients.super_categories	method	112	99			unreviewed
preamble/categories/modules/framed/fraction_field_quotients.sage	FractionFieldQuotients.ParentMethods	class	125	89			unreviewed
preamble/categories/modules/framed/fraction_field_quotients.sage	FractionFieldQuotients.ParentMethods.base_ring	method	126	32			unreviewed
preamble/categories/modules/framed/fraction_field_quotients.sage	FractionFieldQuotients.ParentMethods.fraction_field	method	137	7			unreviewed
preamble/categories/modules/framed/fraction_field_quotients.sage	FractionFieldQuotients.ParentMethods.modulus	method	141	3			unreviewed
preamble/categories/modules/framed/fraction_field_quotients.sage	FractionFieldQuotients.ParentMethods.lift	method	150	9			unreviewed
preamble/categories/modules/framed/fraction_field_quotients.sage	FractionFieldQuotients.ParentMethods.divisibility_chain	method	164	1	src/dzack_research/preamble/categories/modules/framed/fraction_field_quotients.py		unreviewed
preamble/categories/modules/framed/fraction_field_quotients.sage	FractionFieldQuotients.ParentMethods.framing_morphism	method	181	4			unreviewed
preamble/categories/modules/framed/fraction_field_quotients.sage	FractionFieldQuotients.ParentMethods.projection_from_fraction_field	method	207	1	src/dzack_research/preamble/categories/modules/framed/fraction_field_quotients.py		unreviewed
preamble/categories/modules/framed/fraction_field_quotients.sage	FractionFieldQuotients.ParentMethods.subobject_on	method	226	5			unreviewed
preamble/categories/modules/framed/fraction_field_quotients.sage	install_fraction_field_quotients	function	327	0			unreviewed
preamble/categories/modules/framed/framed_free_modules.sage	<module>	module	1	0			unreviewed
preamble/categories/modules/framed/framed_free_modules.sage	GeneratorAssignment	binding	58	0			unreviewed
preamble/categories/modules/framed/framed_free_modules.sage	FreeModuleParent	class	60	0			unreviewed
preamble/categories/modules/framed/framed_free_modules.sage	FreeModuleParent.base_ring	method	65	32			unreviewed
preamble/categories/modules/framed/framed_free_modules.sage	FreeModuleParent.module_generating_set	method	66	11			unreviewed
preamble/categories/modules/framed/framed_free_modules.sage	FreeModuleParent.module_generator_morphism	method	67	2			unreviewed
preamble/categories/modules/framed/framed_free_modules.sage	FreeModuleParent.Hom	method	68	0			unreviewed
preamble/categories/modules/framed/framed_free_modules.sage	FramedFreeModules	class	83	1	src/dzack_research/preamble/categories/modules/framed/framed_free_modules.py		unreviewed
preamble/categories/modules/framed/framed_free_modules.sage	FramedFreeModules.super_categories	method	90	99			unreviewed
preamble/categories/modules/framed/framed_free_modules.sage	FramedFreeModules.ElementMethods	class	103	25			unreviewed
preamble/categories/modules/framed/framed_free_modules.sage	FramedFreeModules.ElementMethods.parent	method	114	0			unreviewed
preamble/categories/modules/framed/framed_free_modules.sage	FramedFreeModules.ElementMethods.coefficients	method	138	0			unreviewed
preamble/categories/modules/framed/framed_free_modules.sage	FramedFreeModules.ElementMethods.underlying_set_element	method	188	1	src/dzack_research/preamble/categories/modules/framed/framed_free_modules.py		unreviewed
preamble/categories/modules/framed/framed_free_modules.sage	FramedFreeModules.ParentMethods	class	209	89			unreviewed
preamble/categories/modules/framed/framed_free_modules.sage	FramedFreeModules.ParentMethods.module_generating_set	method	268	11			unreviewed
preamble/categories/modules/framed/framed_free_modules.sage	FramedFreeModules.ParentMethods.framing_morphism	method	272	4			unreviewed
preamble/categories/modules/framed/framed_free_modules.sage	FramedFreeModules.ParentMethods.zero	method	286	29			unreviewed
preamble/categories/modules/framed/framed_free_modules.sage	FramedFreeModules.ParentMethods.module_generators	method	307	7			unreviewed
preamble/categories/modules/framed/framed_free_modules.sage	FramedFreeModules.ParentMethods.module_generator_morphism	method	327	2			unreviewed
preamble/categories/modules/framed/framed_free_modules.sage	FramedFreeModules.ParentMethods.hom	method	335	0			unreviewed
preamble/categories/modules/framed/framed_free_modules.sage	FramedFreeModules.ParentMethods.is_torsion_free	method	358	4			unreviewed
preamble/categories/modules/framed/framed_free_modules.sage	FreeModuleOn	function	361	1	src/dzack_research/preamble/categories/modules/framed/framed_free_modules.py		unreviewed
preamble/categories/modules/framed/framed_modules.sage	<module>	module	1	0			unreviewed
preamble/categories/modules/framed/framed_modules.sage	FramedModules	class	123	1	src/dzack_research/preamble/categories/modules/pure/modules.py		unreviewed
preamble/categories/modules/framed/framed_modules.sage	FramedModules.super_categories	method	130	99			unreviewed
preamble/categories/modules/framed/framed_modules.sage	FramedModules.ParentMethods	class	142	89			unreviewed
preamble/categories/modules/framed/framed_modules.sage	FramedModules.ParentMethods.framing_morphism	method	144	4			unreviewed
preamble/categories/modules/framed/framed_modules.sage	FramedModules.ParentMethods.module_generator_morphism	method	149	2			unreviewed
preamble/categories/modules/framed/framed_modules.sage	FramedModules.ParentMethods.module_generating_set	method	207	11			unreviewed
preamble/categories/modules/framed/framed_modules.sage	FramedModules.ParentMethods.module_generator	method	212	11			unreviewed
preamble/categories/modules/framed/framed_modules.sage	FramedModules.ParentMethods.module_generators	method	216	7			unreviewed
preamble/categories/modules/framed/framed_modules.sage	FramedModules.ParentMethods.inject_variables	method	227	1	src/dzack_research/preamble/categories/modules/pure/modules.py		unreviewed
preamble/categories/modules/framed/framed_modules.sage	FramedModules.ParentMethods.linear_combination	method	261	6			unreviewed
preamble/categories/modules/framed/framed_modules.sage	FramedModules.ParentMethods.subobject_on	method	276	5			unreviewed
preamble/categories/modules/framed/framed_modules.sage	FramedModules.ParentMethods.is_framed	method	317	1	src/dzack_research/preamble/categories/modules/pure/modules.py		unreviewed
preamble/categories/modules/framed/framed_modules.sage	FramedModules.ParentMethods.vector_space	method	320	1	src/dzack_research/preamble/categories/modules/framed/framed_free_modules.py		unreviewed
preamble/categories/modules/graded_modules.sage	<module>	module	1	0			unreviewed
preamble/categories/modules/graded_modules.sage	GradedModuleParent	class	31	0			unreviewed
preamble/categories/modules/graded_modules.sage	GradedModuleParent.module_generators	method	38	7			unreviewed
preamble/categories/modules/graded_modules.sage	GradedModuleParent.submodule	method	39	0			unreviewed
preamble/categories/modules/graded_modules.sage	GradedModuleParent.module_generators_of_degree	method	40	1	src/dzack_research/preamble/categories/modules/graded_modules.py		unreviewed
preamble/categories/modules/graded_modules.sage	GradedModuleParent.degree_on_module_generator	method	41	2			unreviewed
preamble/categories/modules/graded_modules.sage	GradedModuleParent.module_generator	method	42	11			unreviewed
preamble/categories/modules/graded_modules.sage	GradedModuleParent.zero	method	43	29			unreviewed
preamble/categories/modules/graded_modules.sage	GradedModuleElement	class	45	0			unreviewed
preamble/categories/modules/graded_modules.sage	GradedModuleElement.parent	method	49	0			unreviewed
preamble/categories/modules/graded_modules.sage	GradedModuleElement.coefficients	method	50	0			unreviewed
preamble/categories/modules/graded_modules.sage	GradedModules	class	53	1	src/dzack_research/preamble/categories/modules/graded_modules.py		unreviewed
preamble/categories/modules/graded_modules.sage	GradedModules.super_categories	method	60	99			unreviewed
preamble/categories/modules/graded_modules.sage	GradedModules.ParentMethods	class	67	89			unreviewed
preamble/categories/modules/graded_modules.sage	GradedModules.ParentMethods.degree_on_module_generator	method	69	2			unreviewed
preamble/categories/modules/graded_modules.sage	GradedModules.ParentMethods.module_generators_of_degree	method	78	1	src/dzack_research/preamble/categories/modules/graded_modules.py		unreviewed
preamble/categories/modules/graded_modules.sage	GradedModules.ParentMethods.graded_piece	method	92	6			unreviewed
preamble/categories/modules/graded_modules.sage	GradedModules.ElementMethods	class	101	25			unreviewed
preamble/categories/modules/graded_modules.sage	GradedModules.ElementMethods.degree	method	102	13			unreviewed
preamble/categories/modules/graded_modules.sage	GradedModules.ElementMethods.is_homogeneous	method	117	4			unreviewed
preamble/categories/modules/graded_modules.sage	GradedModules.ElementMethods.homogeneous_components	method	131	3			unreviewed
preamble/categories/modules/graded_modules.sage	GradedModules.ElementMethods.truncate	method	147	1	src/dzack_research/preamble/categories/modules/graded_modules.py		unreviewed
preamble/categories/modules/group_modules/characters.py	<module>	module	1	0			unreviewed
preamble/categories/modules/group_modules/characters.py	CharacterSets	class	31	1	src/dzack_research/preamble/categories/group/characters.py		unreviewed
preamble/categories/modules/group_modules/characters.py	CharacterSets.super_categories	method	34	99			unreviewed
preamble/categories/modules/group_modules/characters.py	CharacterSets.ParentMethods	class	41	89			unreviewed
preamble/categories/modules/group_modules/characters.py	CharacterSets.ParentMethods.group	method	50	11			unreviewed
preamble/categories/modules/group_modules/characters.py	CharacterSets.ElementMethods	class	77	25			unreviewed
preamble/categories/modules/group_modules/characters.py	CharacterSets.ElementMethods.class_values	method	90	1	src/dzack_research/preamble/categories/group/characters.py		unreviewed
preamble/categories/modules/group_modules/characters.py	CharacterSets.ElementMethods.argument_map	method	94	0			unreviewed
preamble/categories/modules/group_modules/characters.py	CharacterSets.ElementMethods.group	method	100	11			unreviewed
preamble/categories/modules/group_modules/characters.py	CharacterSets.ElementMethods.element_argument	method	104	0			unreviewed
preamble/categories/modules/group_modules/characters.py	CharacterSets.ElementMethods.degree	method	121	13			unreviewed
preamble/categories/modules/group_modules/characters.py	CharacterSets.ElementMethods.irreducible_constituents	method	126	1	src/dzack_research/preamble/categories/group/characters.py		unreviewed
preamble/categories/modules/group_modules/characters.py	character_set	function	172	1	src/dzack_research/preamble/categories/group/characters.py		unreviewed
preamble/categories/modules/group_modules/characters.py	Character	class	177	0			unreviewed
preamble/categories/modules/group_modules/group_lattices.sage	<module>	module	1	0			unreviewed
preamble/categories/modules/group_modules/group_lattices.sage	EquivariantAssignment	binding	52	0			unreviewed
preamble/categories/modules/group_modules/group_lattices.sage	GroupLatticeParent	class	54	0			unreviewed
preamble/categories/modules/group_modules/group_lattices.sage	GroupLatticeParent.base_ring	method	57	32			unreviewed
preamble/categories/modules/group_modules/group_lattices.sage	GroupLatticeParent.form	method	58	2			unreviewed
preamble/categories/modules/group_modules/group_lattices.sage	GroupLatticeParent.group	method	59	11			unreviewed
preamble/categories/modules/group_modules/group_lattices.sage	GroupLatticeParent.action_of	method	60	4			unreviewed
preamble/categories/modules/group_modules/group_lattices.sage	GroupLatticeParent.act	method	64	7			unreviewed
preamble/categories/modules/group_modules/group_lattices.sage	GroupLatticeParent.subobject_on	method	65	5			unreviewed
preamble/categories/modules/group_modules/group_lattices.sage	GroupLatticeParent.isotypic_decomposition	method	66	2			unreviewed
preamble/categories/modules/group_modules/group_lattices.sage	GroupLatticeParent.invariant_lattice	method	67	3			unreviewed
preamble/categories/modules/group_modules/group_lattices.sage	GroupLattices	class	70	0			unreviewed
preamble/categories/modules/group_modules/group_lattices.sage	GroupLattices.acting_group	method	82	8			unreviewed
preamble/categories/modules/group_modules/group_lattices.sage	GroupLattices.base_ring	method	85	32			unreviewed
preamble/categories/modules/group_modules/group_lattices.sage	GroupLattices.super_categories	method	91	99			unreviewed
preamble/categories/modules/group_modules/group_lattices.sage	GroupLattices.ParentMethods	class	101	89			unreviewed
preamble/categories/modules/group_modules/group_lattices.sage	GroupLattices.ParentMethods.is_integral	method	102	2			unreviewed
preamble/categories/modules/group_modules/group_lattices.sage	GroupLattices.ParentMethods.is_nondegenerate	method	109	3			unreviewed
preamble/categories/modules/group_modules/group_lattices.sage	GroupLattices.ParentMethods.subobject_on	method	121	5			unreviewed
preamble/categories/modules/group_modules/group_lattices.sage	GroupLattices.ParentMethods.isotypic_lattice	method	136	1	src/dzack_research/preamble/categories/modules/group_modules/group_lattices.py		unreviewed
preamble/categories/modules/group_modules/group_lattices.sage	GroupLattices.ParentMethods.invariant_lattice	method	142	3			unreviewed
preamble/categories/modules/group_modules/group_lattices.sage	GroupLattices.ParentMethods.coinvariant_lattice	method	146	1	src/dzack_research/preamble/categories/modules/group_modules/group_lattices.py		unreviewed
preamble/categories/modules/group_modules/group_lattices.sage	GroupLattices._HomCategory.ParentMethods	class	177	89			unreviewed
preamble/categories/modules/group_modules/group_lattices.sage	group_lattice_homset	function	277	1	src/dzack_research/preamble/categories/modules/group_modules/group_lattices.py		unreviewed
preamble/categories/modules/group_modules/group_lattices.sage	group_lattice	function	350	1	src/dzack_research/preamble/categories/modules/group_modules/group_lattices.py		unreviewed
preamble/categories/modules/group_modules/group_modules.sage	<module>	module	1	0			unreviewed
preamble/categories/modules/group_modules/group_modules.sage	EquivariantAssignment	binding	52	0			unreviewed
preamble/categories/modules/group_modules/group_modules.sage	GroupModuleParent	class	54	0			unreviewed
preamble/categories/modules/group_modules/group_modules.sage	GroupModuleParent.base_ring	method	62	32			unreviewed
preamble/categories/modules/group_modules/group_modules.sage	GroupModuleParent.rank	method	63	3			unreviewed
preamble/categories/modules/group_modules/group_modules.sage	GroupModuleParent.group	method	64	11			unreviewed
preamble/categories/modules/group_modules/group_modules.sage	GroupModuleParent.action_matrix	method	65	0			unreviewed
preamble/categories/modules/group_modules/group_modules.sage	GroupModuleParent.Hom	method	66	0			unreviewed
preamble/categories/modules/group_modules/group_modules.sage	GroupModules	class	69	0			unreviewed
preamble/categories/modules/group_modules/group_modules.sage	GroupModules.base_ring	method	95	32			unreviewed
preamble/categories/modules/group_modules/group_modules.sage	GroupModules.acting_group	method	98	8			unreviewed
preamble/categories/modules/group_modules/group_modules.sage	GroupModules.super_categories	method	104	99			unreviewed
preamble/categories/modules/group_modules/group_modules.sage	GroupModules.is_semisimple	method	110	2			unreviewed
preamble/categories/modules/group_modules/group_modules.sage	GroupModules.splitting_field	method	137	1	src/dzack_research/preamble/categories/rings/ring_foundation.py		unreviewed
preamble/categories/modules/group_modules/group_modules.sage	GroupModules.is_split	method	171	0			unreviewed
preamble/categories/modules/group_modules/group_modules.sage	GroupModules.ParentMethods	class	187	89			unreviewed
preamble/categories/modules/group_modules/group_modules.sage	GroupModules.ParentMethods.action	method	304	9			unreviewed
preamble/categories/modules/group_modules/group_modules.sage	GroupModules.ParentMethods.group	method	307	11			unreviewed
preamble/categories/modules/group_modules/group_modules.sage	GroupModules.ParentMethods.action_of	method	310	4			unreviewed
preamble/categories/modules/group_modules/group_modules.sage	GroupModules.ParentMethods.action_matrix	method	321	0			unreviewed
preamble/categories/modules/group_modules/group_modules.sage	GroupModules.ParentMethods.character	method	324	5			unreviewed
preamble/categories/modules/group_modules/group_modules.sage	GroupModules.ParentMethods.Hom	method	354	0			unreviewed
preamble/categories/modules/group_modules/group_modules.sage	GroupModules.ParentMethods.act	method	369	7			unreviewed
preamble/categories/modules/group_modules/group_modules.sage	GroupModules.ParentMethods.is_invariant	method	374	2			unreviewed
preamble/categories/modules/group_modules/group_modules.sage	GroupModules.ParentMethods.subobject_on	method	390	5			unreviewed
preamble/categories/modules/group_modules/group_modules.sage	GroupModules.ParentMethods.hom	method	393	0			unreviewed
preamble/categories/modules/group_modules/group_modules.sage	GroupModules.ParentMethods.isotypic_decomposition	method	428	2			unreviewed
preamble/categories/modules/group_modules/group_modules.sage	GroupModules.ParentMethods.isotypic_component	method	431	2			unreviewed
preamble/categories/modules/group_modules/group_modules.sage	GroupModules.ParentMethods.module_invariants	method	434	2			unreviewed
preamble/categories/modules/group_modules/group_modules.sage	GroupModules.ParentMethods.module_coinvariants	method	445	2			unreviewed
preamble/categories/modules/group_modules/group_modules.sage	GroupModules._HomCategory.ParentMethods	class	456	89			unreviewed
preamble/categories/modules/group_modules/group_modules.sage	GroupModule	function	510	0			unreviewed
preamble/categories/modules/module_morphisms/module_morphisms.sage	<module>	module	1	0			unreviewed
preamble/categories/modules/module_morphisms/module_morphisms.sage	AutomorphismModuleParent	class	32	0			unreviewed
preamble/categories/modules/module_morphisms/module_morphisms.sage	AutomorphismModuleParent.Aut	method	33	6			unreviewed
preamble/categories/modules/module_morphisms/module_morphisms.sage	FramedAutomorphismSubgroup	class	35	0			unreviewed
preamble/categories/modules/module_morphisms/module_morphisms.sage	FramedAutomorphismSubgroup.domain	method	36	8			unreviewed
preamble/categories/modules/module_morphisms/module_morphisms.sage	FramedAutomorphismSubgroup.is_finite	method	37	12			unreviewed
preamble/categories/modules/module_morphisms/module_morphisms.sage	FramedAutomorphismSubgroup.group_generators	method	38	7			unreviewed
preamble/categories/modules/module_morphisms/module_morphisms.sage	module_homset	function	99	1	src/dzack_research/preamble/categories/modules/module_morphisms/module_morphisms.py		unreviewed
preamble/categories/modules/module_morphisms/module_morphisms.sage	endomorphism_ring	function	154	1	src/dzack_research/preamble/categories/group/groups.py		unreviewed
preamble/categories/modules/module_morphisms/module_morphisms.sage	ModuleMorphism	class	340	1	src/dzack_research/preamble/categories/modules/module_morphisms/module_morphisms.py		unreviewed
preamble/categories/modules/module_morphisms/module_morphisms.sage	ModuleMorphism.module_generator_morphism	method	411	2			unreviewed
preamble/categories/modules/module_morphisms/module_morphisms.sage	FramingMorphism	class	440	1	src/dzack_research/preamble/categories/modules/module_morphisms/module_morphisms.py		unreviewed
preamble/categories/modules/module_morphisms/module_morphisms.sage	SubFramingMorphism	class	465	1	src/dzack_research/preamble/categories/modules/module_morphisms/module_morphisms.py		unreviewed
preamble/categories/modules/module_morphisms/module_morphisms.sage	SubFramingMorphism.is_injective	method	482	10			unreviewed
preamble/categories/modules/module_morphisms/module_morphisms.sage	SubFramingMorphism.is_in_image	method	485	2			unreviewed
preamble/categories/modules/module_morphisms/module_morphisms.sage	SubFramingMorphism.lift	method	492	9			unreviewed
preamble/categories/modules/module_morphisms/module_morphisms.sage	framing_morphism	function	507	4			unreviewed
preamble/categories/modules/module_morphisms/module_morphisms.sage	ModuleAutomorphism	class	516	0			unreviewed
preamble/categories/modules/module_morphisms/module_morphisms.sage	ModuleAutomorphism.inverse	method	567	16			unreviewed
preamble/categories/modules/module_morphisms/module_morphisms.sage	ModuleAutomorphism.cyclic_subgroup	method	586	2			unreviewed
preamble/categories/modules/module_morphisms/module_morphisms.sage	AutomorphismSubgroup	class	604	0			unreviewed
preamble/categories/modules/module_morphisms/module_morphisms.sage	AutomorphismSubgroup.is_finite	method	635	12			unreviewed
preamble/categories/modules/module_morphisms/module_morphisms.sage	AutomorphismSubgroup.group_generators	method	636	7			unreviewed
preamble/categories/modules/module_morphisms/module_morphisms.sage	AutomorphismSubgroup.automorphism_subgroup_inclusion	method	660	0			unreviewed
preamble/categories/modules/module_morphisms/module_morphisms.sage	AutomorphismSubgroup.automorphism_subgroup_identity	method	668	0			unreviewed
preamble/categories/modules/module_morphisms/module_morphisms.sage	AutomorphismSubgroup.automorphism_subgroup_element	method	674	0			unreviewed
preamble/categories/modules/module_morphisms/module_morphisms.sage	ModuleAutomorphismGroups	class	713	0			unreviewed
preamble/categories/modules/module_morphisms/module_morphisms.sage	ModuleAutomorphismGroups.super_categories	method	726	99			unreviewed
preamble/categories/modules/module_morphisms/module_morphisms.sage	ModuleAutomorphismGroups.ParentMethods	class	729	89			unreviewed
preamble/categories/modules/module_morphisms/module_morphisms.sage	ModuleAutomorphismGroups.ParentMethods.conjugacy_classes_representatives	method	734	1	src/dzack_research/preamble/categories/group/groups.py		unreviewed
preamble/categories/modules/module_morphisms/module_morphisms.sage	ModuleAutomorphismGroups.ParentMethods.irreducible_characters	method	751	1	src/dzack_research/preamble/categories/group/groups.py		unreviewed
preamble/categories/modules/module_morphisms/module_morphisms.sage	ModuleAutomorphismGroups.ParentMethods.character	method	763	5			unreviewed
preamble/categories/modules/module_morphisms/module_morphisms.sage	ModuleAutomorphismGroups.ParentMethods.trivial_character	method	772	1	src/dzack_research/preamble/categories/group/groups.py		unreviewed
preamble/categories/modules/module_morphisms/module_morphisms.sage	ModuleAutomorphismGroups.ParentMethods.supergroup	method	822	8			unreviewed
preamble/categories/modules/module_morphisms/module_morphisms.sage	ModuleAutomorphismGroups.ParentMethods.one	method	831	24			unreviewed
preamble/categories/modules/module_morphisms/module_morphisms.sage	ModuleAutomorphismGroups.ParentMethods.subgroup_on	method	836	2			unreviewed
preamble/categories/modules/module_morphisms/module_morphisms.sage	ModuleAutomorphismGroups.ParentMethods.group_generators	method	852	7			unreviewed
preamble/categories/modules/module_morphisms/module_morphisms.sage	ModuleAutomorphismGroups.ParentMethods.is_finite	method	862	12			unreviewed
preamble/categories/modules/module_morphisms/module_morphisms.sage	ModuleAutomorphismGroups.ParentMethods.order	method	865	8			unreviewed
preamble/categories/modules/module_morphisms/module_morphisms.sage	ModuleAutomorphismGroup	function	918	0			unreviewed
preamble/categories/modules/module_morphisms/module_morphisms.sage	GroupAction	class	930	0			unreviewed
preamble/categories/modules/module_morphisms/module_morphisms.sage	GroupAction.parent	method	934	0			unreviewed
preamble/categories/modules/module_morphisms/module_morphisms.sage	GroupActionHomsets	class	937	0			unreviewed
preamble/categories/modules/module_morphisms/module_morphisms.sage	GroupActionHomsets.super_categories	method	940	99			unreviewed
preamble/categories/modules/module_morphisms/module_morphisms.sage	GroupActionHomsets.ParentMethods	class	945	89			unreviewed
preamble/categories/modules/module_morphisms/module_morphisms.sage	GroupActionHomsets.ParentMethods.module	method	946	7			unreviewed
preamble/categories/modules/module_morphisms/module_morphisms.sage	GroupActionHomsets.ElementMethods	class	997	25			unreviewed
preamble/categories/modules/module_morphisms/module_morphisms.sage	GroupActionHomsets.ElementMethods.values	method	1033	3			unreviewed
preamble/categories/modules/module_morphisms/module_morphisms.sage	GroupActionHomsets.ElementMethods.is_injective	method	1039	10			unreviewed
preamble/categories/modules/module_morphisms/module_morphisms.sage	GroupActionHomset	class	1056	0			unreviewed
preamble/categories/modules/module_morphisms/module_morphisms.sage	GroupActionHomset.domain	method	1065	8			unreviewed
preamble/categories/modules/module_morphisms/module_morphisms.sage	GroupActionHomset.codomain	method	1066	10			unreviewed
preamble/categories/modules/module_morphisms/module_morphisms.sage	group_action_homset	function	1092	0			unreviewed
preamble/categories/modules/module_morphisms/module_morphisms.sage	AutomorphismSubgroupInclusion	class	1101	0			unreviewed
preamble/categories/modules/module_morphisms/module_morphisms.sage	AutomorphismSubgroupInclusion.is_injective	method	1117	10			unreviewed
preamble/categories/modules/module_morphisms/module_morphisms.sage	AutomorphismSubgroupInclusion.values	method	1120	3			unreviewed
preamble/categories/modules/module_morphisms/morphism_matrices.py	<module>	module	1	0			unreviewed
preamble/categories/modules/module_morphisms/morphism_matrices.py	row_normal_form	function	27	1	src/dzack_research/preamble/categories/modules/module_morphisms/morphism_matrices.py		unreviewed
preamble/categories/modules/module_morphisms/morphism_matrices.py	matrix_group	function	45	1	src/dzack_research/preamble/categories/modules/module_morphisms/morphism_matrices.py		unreviewed
preamble/categories/modules/pure/finitely_generated/finitely_generated_modules.sage	<module>	module	1	0			unreviewed
preamble/categories/modules/pure/finitely_generated/finitely_generated_modules.sage	FreeResolution	class	27	1	src/dzack_research/preamble/categories/modules/pure/modules.py		unreviewed
preamble/categories/modules/pure/finitely_generated/finitely_generated_modules.sage	FreeResolution.module	method	69	7			unreviewed
preamble/categories/modules/pure/finitely_generated/finitely_generated_modules.sage	FreeResolution.length	method	73	1	src/dzack_research/preamble/categories/modules/pure/modules.py		unreviewed
preamble/categories/modules/pure/finitely_generated/finitely_generated_modules.sage	FreeResolution.differential	method	77	4			unreviewed
preamble/categories/modules/pure/finitely_generated/finitely_generated_modules.sage	FreeResolution.matrix	method	84	3			unreviewed
preamble/categories/modules/pure/finitely_generated/finitely_generated_modules.sage	FinitelyGeneratedModules	class	152	1	src/dzack_research/preamble/categories/modules/pure/modules.py		unreviewed
preamble/categories/modules/pure/finitely_generated/finitely_generated_modules.sage	FinitelyGeneratedModules.super_categories	method	159	99			unreviewed
preamble/categories/modules/pure/finitely_generated/finitely_generated_modules.sage	FinitelyGeneratedModules.ParentMethods	class	166	89			unreviewed
preamble/categories/modules/pure/finitely_generated/finitely_generated_modules.sage	FinitelyGeneratedModules.ParentMethods.number_of_module_generators	method	167	2			unreviewed
preamble/categories/modules/pure/finitely_generated/finitely_generated_modules.sage	FinitelyGeneratedModules.ParentMethods.module_generators	method	184	7			unreviewed
preamble/categories/modules/pure/finitely_generated/finitely_generated_modules.sage	FinitelyGeneratedModules.ParentMethods.free_resolution	method	207	2			unreviewed
preamble/categories/modules/pure/finitely_generated/finitely_generated_modules.sage	FinitelyGeneratedModules.ParentMethods.is_finitely_generated	method	225	4			unreviewed
preamble/categories/modules/pure/finitely_generated/finitely_generated_modules.sage	FinitelyGeneratedModules.ParentMethods.is_zero	method	235	4			unreviewed
preamble/categories/modules/pure/free_modules.sage	<module>	module	1	0			unreviewed
preamble/categories/modules/pure/free_modules.sage	FreeModules	class	15	1	src/dzack_research/preamble/categories/modules/pure/modules.py		unreviewed
preamble/categories/modules/pure/free_modules.sage	FreeModules.super_categories	method	22	99			unreviewed
preamble/categories/modules/pure/free_modules.sage	FreeModules.ParentMethods	class	25	89			unreviewed
preamble/categories/modules/pure/free_modules.sage	FreeModules.ParentMethods.is_free	method	26	3			unreviewed
preamble/categories/modules/pure/free_modules.sage	FreeModules.ParentMethods.is_torsion_free	method	30	4			unreviewed
preamble/categories/modules/pure/free_modules.sage	FiniteRankFreeModules	class	47	0			unreviewed
preamble/categories/modules/pure/free_modules.sage	FiniteRankFreeModules.super_categories	method	60	99			unreviewed
preamble/categories/modules/pure/free_modules.sage	FiniteRankFreeModules.ParentMethods	class	65	89			unreviewed
preamble/categories/modules/pure/free_modules.sage	FreeModuleOfRank	function	77	0			unreviewed
preamble/categories/modules/pure/function_modules.sage	<module>	module	1	0			unreviewed
preamble/categories/modules/pure/function_modules.sage	Function	binding	91	0			unreviewed
preamble/categories/modules/pure/function_modules.sage	FunctionModules	class	400	1	src/dzack_research/preamble/categories/modules/pure/function_modules.py		unreviewed
preamble/categories/modules/pure/function_modules.sage	FunctionModules.super_categories	method	407	99			unreviewed
preamble/categories/modules/pure/function_modules.sage	FunctionModules.ParentMethods	class	410	89			unreviewed
preamble/categories/modules/pure/function_modules.sage	FunctionModules.ParentMethods.base_ring	method	429	32			unreviewed
preamble/categories/modules/pure/function_modules.sage	FunctionModules.ParentMethods.zero	method	441	29			unreviewed
preamble/categories/modules/pure/function_modules.sage	FunctionModules.ElementMethods	class	471	25			unreviewed
preamble/categories/modules/pure/function_modules.sage	FunctionModule	function	533	1	src/dzack_research/preamble/categories/modules/pure/function_modules.py		unreviewed
preamble/categories/modules/pure/function_modules.sage	smooth_functions	function	546	1	src/dzack_research/preamble/categories/modules/pure/function_modules.py		unreviewed
preamble/categories/modules/pure/function_modules.sage	square_integrable_functions	function	551	1	src/dzack_research/preamble/categories/modules/pure/function_modules.py		unreviewed
preamble/categories/modules/pure/modules.sage	<module>	module	1	0			unreviewed
preamble/categories/modules/pure/modules.sage	Modules	class	53	1	src/dzack_research/preamble/categories/modules/pure/modules.py		unreviewed
preamble/categories/modules/pure/modules.sage	Modules.super_categories	method	67	99			unreviewed
preamble/categories/modules/pure/modules.sage	Modules.ParentMethods	class	89	89			unreviewed
preamble/categories/modules/pure/modules.sage	Modules.ParentMethods.scalar_action	method	123	2			unreviewed
preamble/categories/modules/pure/modules.sage	Modules.ParentMethods.scalar_multiple	method	127	12			unreviewed
preamble/categories/modules/pure/modules.sage	Modules._HomCategory.ParentMethods	class	150	89			unreviewed
preamble/categories/modules/pure/modules.sage	Modules._HomCategory.ElementMethods	class	214	25			unreviewed
preamble/categories/modules/pure/modules.sage	Modules.ElementMethods	class	867	25			unreviewed
preamble/categories/modules/pure/modules.sage	VectorSpaces	class	892	1	src/dzack_research/preamble/categories/modules/pure/modules.py		unreviewed
preamble/categories/modules/pure/modules.sage	VectorSpaces.super_categories	method	899	99			unreviewed
preamble/categories/modules/pure/projective_modules.sage	<module>	module	1	0			unreviewed
preamble/categories/modules/pure/projective_modules.sage	ProjectiveModules	class	26	1	src/dzack_research/preamble/categories/modules/pure/modules.py		unreviewed
preamble/categories/modules/pure/projective_modules.sage	ProjectiveModules.super_categories	method	33	99			unreviewed
preamble/categories/modules/pure/projective_modules.sage	ProjectiveModules.ParentMethods	class	39	89			unreviewed
preamble/categories/modules/pure/projective_modules.sage	ProjectiveModules.ParentMethods.is_projective	method	40	5			unreviewed
preamble/categories/modules/pure/scalar_actions.sage	<module>	module	1	0			unreviewed
preamble/categories/modules/pure/scalar_actions.sage	ModulesWithChosenAction	class	36	0			unreviewed
preamble/categories/modules/pure/scalar_actions.sage	ModulesWithChosenAction.super_categories	method	46	99			unreviewed
preamble/categories/modules/pure/scalar_actions.sage	ModulesWithChosenAction.ParentMethods	class	49	89			unreviewed
preamble/categories/modules/pure/scalar_actions.sage	ModulesWithChosenAction.ParentMethods.underlying_module	method	80	1	src/dzack_research/preamble/categories/algebras/algebras.py		unreviewed
preamble/categories/modules/pure/scalar_actions.sage	ModulesWithChosenAction.ParentMethods.action	method	84	9			unreviewed
preamble/categories/modules/pure/scalar_actions.sage	ModulesWithChosenAction.ParentMethods.act	method	88	7			unreviewed
preamble/categories/modules/pure/scalar_actions.sage	ModulesWithChosenAction.ParentMethods.zero	method	106	29			unreviewed
preamble/categories/modules/pure/scalar_actions.sage	module_over_ring	function	139	0			unreviewed
preamble/categories/modules/pure/torsion_modules.sage	<module>	module	1	0			unreviewed
preamble/categories/modules/pure/torsion_modules.sage	TorsionModules	class	14	1	src/dzack_research/preamble/categories/modules/pure/torsion_modules.py		unreviewed
preamble/categories/modules/pure/torsion_modules.sage	TorsionModules.super_categories	method	21	99			unreviewed
preamble/categories/modules/pure/torsion_modules.sage	TorsionModules.ParentMethods	class	24	89			unreviewed
preamble/categories/modules/pure/torsion_modules.sage	TorsionModules.ParentMethods.is_torsion	method	25	3			unreviewed
preamble/categories/modules/tensors.sage	<module>	module	1	0			unreviewed
preamble/categories/modules/tensors.sage	Components	binding	56	0			unreviewed
preamble/categories/modules/tensors.sage	DualModule	function	126	0			unreviewed
preamble/categories/modules/tensors.sage	TensorProductModule	function	162	0			unreviewed
preamble/categories/modules/tensors.sage	TensorPower	function	292	1	src/dzack_research/preamble/categories/modules/powers.py		unreviewed
preamble/categories/modules/tensors.sage	SymmetricPower	function	302	1	src/dzack_research/preamble/categories/modules/powers.py		unreviewed
preamble/categories/modules/tensors.sage	AlternatingPower	function	312	1	src/dzack_research/preamble/categories/modules/powers.py		unreviewed
preamble/categories/modules/tensors.sage	DividedPower	function	322	1	src/dzack_research/preamble/categories/modules/powers.py		unreviewed
preamble/categories/modules/tensors.sage	TensorSquare	function	338	1	src/dzack_research/preamble/categories/abstract_categories/constructions.py		unreviewed
preamble/categories/modules/tensors.sage	DividedSquare	function	357	1	src/dzack_research/preamble/categories/modules/powers.py		unreviewed
preamble/categories/modules/tensors.sage	divided_square_element	function	370	0			unreviewed
preamble/categories/modules/tensors.sage	divided_power_invariant_inclusion	function	415	1	src/dzack_research/preamble/categories/modules/powers.py		unreviewed
preamble/categories/modules/tensors.sage	tensor_power_polarization	function	457	1	src/dzack_research/preamble/categories/modules/powers.py		unreviewed
preamble/categories/modules/tensors.sage	tensor_power_permutation	function	487	1	src/dzack_research/preamble/categories/modules/powers.py		unreviewed
preamble/categories/modules/tensors.sage	divided_square_invariant_inclusion	function	522	1	src/dzack_research/preamble/categories/modules/powers.py		unreviewed
preamble/categories/modules/tensors.sage	tensor_square_polarization	function	527	1	src/dzack_research/preamble/categories/modules/powers.py		unreviewed
preamble/categories/modules/tensors.sage	TensorModules	class	532	0			unreviewed
preamble/categories/modules/tensors.sage	TensorModules.super_categories	method	539	99			unreviewed
preamble/categories/modules/tensors.sage	TensorModules.ParentMethods	class	545	89			unreviewed
preamble/categories/modules/tensors.sage	TensorModules.ParentMethods.module	method	564	7			unreviewed
preamble/categories/modules/tensors.sage	TensorModules.ParentMethods.valence	method	568	0			unreviewed
preamble/categories/modules/tensors.sage	TensorModules.ParentMethods.degree	method	572	13			unreviewed
preamble/categories/modules/tensors.sage	TensorModules.ParentMethods.base_ring	method	576	32			unreviewed
preamble/categories/modules/tensors.sage	TensorModules.ParentMethods.dual_module	method	579	3			unreviewed
preamble/categories/modules/tensors.sage	TensorModules.ParentMethods.intrinsic_module	method	582	0			unreviewed
preamble/categories/modules/tensors.sage	TensorModules.ParentMethods.zero	method	666	29			unreviewed
preamble/categories/modules/tensors.sage	TensorModules.ParentMethods.mixed_tensor_algebra	method	669	0			unreviewed
preamble/categories/modules/tensors.sage	TensorModules.ElementMethods	class	673	25			unreviewed
preamble/categories/modules/tensors.sage	TensorModules.ElementMethods.base_changed	method	686	0			unreviewed
preamble/categories/modules/tensors.sage	TensorModules.ElementMethods.components	method	701	5			unreviewed
preamble/categories/modules/tensors.sage	TensorModules.ElementMethods.contract	method	777	1	src/dzack_research/preamble/tensors/tensor.py		unreviewed
preamble/categories/modules/tensors.sage	TensorModules.ElementMethods.trace	method	824	4			unreviewed
preamble/categories/modules/tensors.sage	TensorModules.ElementMethods.tensor_product	method	844	6			unreviewed
preamble/categories/modules/tensors.sage	TensorModules.ElementMethods.raise_index	method	869	2			unreviewed
preamble/categories/modules/tensors.sage	TensorModules.ElementMethods.lower_index	method	902	2			unreviewed
preamble/categories/modules/tensors.sage	Tensor	function	939	1	src/dzack_research/preamble/tensors/tensor.py		unreviewed
preamble/categories/modules/tensors.sage	MixedTensorAlgebras	class	950	0			unreviewed
preamble/categories/modules/tensors.sage	MixedTensorAlgebras.super_categories	method	957	99			unreviewed
preamble/categories/modules/tensors.sage	MixedTensorAlgebras.ParentMethods	class	963	89			unreviewed
preamble/categories/modules/tensors.sage	MixedTensorAlgebras.ParentMethods.module	method	980	7			unreviewed
preamble/categories/modules/tensors.sage	MixedTensorAlgebras.ParentMethods.base_ring	method	983	32			unreviewed
preamble/categories/modules/tensors.sage	MixedTensorAlgebras.ParentMethods.dual_module	method	986	3			unreviewed
preamble/categories/modules/tensors.sage	MixedTensorAlgebras.ParentMethods.vector_tensor_algebra	method	989	0			unreviewed
preamble/categories/modules/tensors.sage	MixedTensorAlgebras.ParentMethods.covector_tensor_algebra	method	994	0			unreviewed
preamble/categories/modules/tensors.sage	MixedTensorAlgebras.ParentMethods.homogeneous_piece	method	999	1	src/dzack_research/preamble/tensors/tensor.py		unreviewed
preamble/categories/modules/tensors.sage	MixedTensorAlgebras.ParentMethods.include	method	1003	1	src/dzack_research/preamble/tensors/tensor.py		unreviewed
preamble/categories/modules/tensors.sage	MixedTensorAlgebras.ParentMethods.zero	method	1014	29			unreviewed
preamble/categories/modules/tensors.sage	MixedTensorAlgebras.ParentMethods.one	method	1017	24			unreviewed
preamble/categories/modules/tensors.sage	MixedTensorAlgebras.ElementMethods	class	1034	25			unreviewed
preamble/categories/modules/tensors.sage	MixedTensorAlgebras.ElementMethods.valences	method	1054	1	src/dzack_research/preamble/tensors/tensor.py		unreviewed
preamble/categories/modules/tensors.sage	MixedTensorAlgebras.ElementMethods.homogeneous_component	method	1057	3			unreviewed
preamble/categories/modules/tensors.sage	MixedTensorAlgebra	function	1111	1	src/dzack_research/preamble/tensors/tensor.py		unreviewed
preamble/categories/modules/tensors.sage	tensor	function	1119	1	src/dzack_research/preamble/categories/forms/gram_matrices.py		unreviewed
preamble/categories/rings/predicate_subrings.sage	<module>	module	1	0			unreviewed
preamble/categories/rings/predicate_subrings.sage	PredicateSubrings	class	45	1	src/dzack_research/preamble/categories/rings/ring_foundation.py		unreviewed
preamble/categories/rings/predicate_subrings.sage	PredicateSubrings.super_categories	method	57	99			unreviewed
preamble/categories/rings/predicate_subrings.sage	PredicateSubrings.ParentMethods	class	60	89			unreviewed
preamble/categories/rings/predicate_subrings.sage	PredicateSubrings.ParentMethods.ambient_ring	method	86	1	src/dzack_research/preamble/categories/rings/ring_foundation.py		unreviewed
preamble/categories/rings/predicate_subrings.sage	PredicateSubrings.ParentMethods.defining_predicate	method	90	3			unreviewed
preamble/categories/rings/predicate_subrings.sage	PredicateSubrings.ParentMethods.one	method	102	24			unreviewed
preamble/categories/rings/predicate_subrings.sage	PredicateSubrings.ParentMethods.zero	method	105	29			unreviewed
preamble/categories/rings/predicate_subrings.sage	PredicateSubrings.ParentMethods.inclusion	method	108	17			unreviewed
preamble/categories/rings/predicate_subrings.sage	predicate_subring	function	129	1	src/dzack_research/preamble/categories/rings/ring_foundation.py		unreviewed
preamble/categories/rings/rings.sage	<module>	module	1	0			unreviewed
preamble/categories/rings/rings.sage	BaseRingParent	class	38	0			unreviewed
preamble/categories/rings/rings.sage	BaseRingParent.base	method	42	6			unreviewed
preamble/categories/rings/rings.sage	OwnedSemirings	class	84	1	src/dzack_research/preamble/categories/rings/ring_foundation.py		unreviewed
preamble/categories/rings/rings.sage	OwnedSemirings.super_categories	method	91	99			unreviewed
preamble/categories/rings/rings.sage	OwnedRngs	class	95	1	src/dzack_research/preamble/categories/rings/ring_foundation.py		unreviewed
preamble/categories/rings/rings.sage	OwnedRngs.super_categories	method	102	99			unreviewed
preamble/categories/rings/rings.sage	OwnedRings	class	106	1	src/dzack_research/preamble/categories/rings/ring_foundation.py		unreviewed
preamble/categories/rings/rings.sage	OwnedRings.super_categories	method	113	99			unreviewed
preamble/categories/rings/rings.sage	OwnedRings.ElementMethods	class	116	25			unreviewed
preamble/categories/rings/rings.sage	OwnedRings.ParentMethods	class	133	89			unreviewed
preamble/categories/rings/rings.sage	OwnedRings.ParentMethods.engine	method	146	0			unreviewed
preamble/categories/rings/rings.sage	OwnedRings.ParentMethods.cardinality	method	152	28			unreviewed
preamble/categories/rings/rings.sage	OwnedRings.ParentMethods.is_central	method	219	2			unreviewed
preamble/categories/rings/rings.sage	OwnedRings.ParentMethods.ring_center	method	251	4			unreviewed
preamble/categories/rings/rings.sage	OwnedDivisionRings	class	314	1	src/dzack_research/preamble/categories/rings/ring_foundation.py		unreviewed
preamble/categories/rings/rings.sage	OwnedDivisionRings.super_categories	method	321	99			unreviewed
preamble/categories/rings/rings.sage	OwnedFields	class	325	1	src/dzack_research/preamble/categories/rings/ring_foundation.py		unreviewed
preamble/categories/rings/rings.sage	OwnedFields.super_categories	method	332	99			unreviewed
preamble/categories/rings/rings.sage	OwnedFields.ParentMethods	class	335	89			unreviewed
preamble/categories/rings/rings.sage	OwnedFields.ParentMethods.absolute_galois_group	method	337	1	src/dzack_research/preamble/categories/rings/ring_foundation.py		unreviewed
preamble/categories/rings/rings.sage	OwnedCategoryOverBaseRing	class	376	1	src/dzack_research/preamble/categories/rings/ring_foundation.py		unreviewed
preamble/categories/rings/rings.sage	PrimeFields	class	410	1	src/dzack_research/preamble/categories/rings/ring_foundation.py		unreviewed
preamble/categories/rings/rings.sage	PrimeFields.super_categories	method	428	99			unreviewed
preamble/categories/rings/rings.sage	PrimeField	function	431	2			unreviewed
preamble/categories/rings/rings.sage	install_rings	function	440	0			unreviewed
preamble/categories/rings/rings.sage	engine_ring	function	570	0			unreviewed
preamble/categories/rings/rings.sage	install_session_rings	function	581	0			unreviewed
preamble/categories/rings/rings.sage	owned_ring_named	function	620	0			unreviewed
preamble/categories/rings/rings.sage	own_ring	function	627	0			unreviewed
preamble/categories/rings/rings.sage	owned_ring_view	function	645	0			unreviewed
preamble/categories/rings/rings.sage	OwnedBaseRing	class	651	0			unreviewed
preamble/categories/rings/rings.sage	OwnedBaseRing.base_ring	method	669	32			unreviewed
preamble/categories/schemes/ade_surfaces.sage	<module>	module	1	0			unreviewed
preamble/categories/schemes/ade_surfaces.sage	sage	binding	40	0			unreviewed
preamble/categories/schemes/ade_surfaces.sage	LOG_DIVISOR_COEFFICIENT_RING	binding	93	0			unreviewed
preamble/categories/schemes/ade_surfaces.sage	EPSILON	binding	94	0			unreviewed
preamble/categories/schemes/ade_surfaces.sage	VALID_DECORATIONS	binding	97	0			unreviewed
preamble/categories/schemes/ade_surfaces.sage	LatticeCoord	binding	103	0			unreviewed
preamble/categories/schemes/ade_surfaces.sage	LatticePoint2D	binding	104	0			unreviewed
preamble/categories/schemes/ade_surfaces.sage	IntegralInvariants	class	127	0			unreviewed
preamble/categories/schemes/ade_surfaces.sage	SideDecoration	class	165	1	src/dzack_research/preamble/categories/schemes/ade_surfaces.py		unreviewed
preamble/categories/schemes/ade_surfaces.sage	ADETypeData	class	179	0			unreviewed
preamble/categories/schemes/ade_surfaces.sage	LogPairs	class	223	1	src/dzack_research/preamble/categories/schemes/log_pairs.py		unreviewed
preamble/categories/schemes/ade_surfaces.sage	LogPairs.super_categories	method	227	99			unreviewed
preamble/categories/schemes/ade_surfaces.sage	LogPairs.ParentMethods	class	239	89			unreviewed
preamble/categories/schemes/ade_surfaces.sage	LogPairs.ParentMethods.is_log_pair	method	242	0			unreviewed
preamble/categories/schemes/ade_surfaces.sage	ToricLogPairs	class	246	1	src/dzack_research/preamble/categories/schemes/log_pairs.py		unreviewed
preamble/categories/schemes/ade_surfaces.sage	ToricLogPairs.super_categories	method	251	99			unreviewed
preamble/categories/schemes/ade_surfaces.sage	ToricLogPairs.ParentMethods	class	263	89			unreviewed
preamble/categories/schemes/ade_surfaces.sage	ToricLogPairs.ParentMethods.scheme	method	284	8			unreviewed
preamble/categories/schemes/ade_surfaces.sage	ToricLogPairs.ParentMethods.boundary_divisor	method	287	1	src/dzack_research/preamble/categories/schemes/log_pairs.py		unreviewed
preamble/categories/schemes/ade_surfaces.sage	ADELogPairs	class	301	1	src/dzack_research/preamble/categories/schemes/ade_surfaces.py		unreviewed
preamble/categories/schemes/ade_surfaces.sage	ADELogPairs.super_categories	method	305	99			unreviewed
preamble/categories/schemes/ade_surfaces.sage	ADELogPairs.ParentMethods	class	317	89			unreviewed
preamble/categories/schemes/ade_surfaces.sage	ADELogPairs.ParentMethods.scheme	method	321	8			unreviewed
preamble/categories/schemes/ade_surfaces.sage	ADELogPairs.ParentMethods.toric_scheme	method	326	1	src/dzack_research/preamble/categories/schemes/ade_surfaces.py		unreviewed
preamble/categories/schemes/ade_surfaces.sage	ADELogPairs.ParentMethods.polarizing_polytope	method	331	2			unreviewed
preamble/categories/schemes/ade_surfaces.sage	ADELogPairs.ParentMethods.codimension_in_toric_scheme	method	336	1	src/dzack_research/preamble/categories/schemes/ade_surfaces.py		unreviewed
preamble/categories/schemes/ade_surfaces.sage	ADELogPairs.ParentMethods.ade_type_data	method	340	0			unreviewed
preamble/categories/schemes/ade_surfaces.sage	ADELogPairs.ParentMethods.cover	method	345	3			unreviewed
preamble/categories/schemes/ade_surfaces.sage	ADELogPairs.ParentMethods.base	method	350	6			unreviewed
preamble/categories/schemes/ade_surfaces.sage	ADELogPairs.ParentMethods.is_cover	method	360	1	src/dzack_research/preamble/categories/schemes/ade_surfaces.py		unreviewed
preamble/categories/schemes/ade_surfaces.sage	ADELogPairs.ParentMethods.is_base	method	365	1	src/dzack_research/preamble/categories/schemes/ade_surfaces.py		unreviewed
preamble/categories/schemes/ade_surfaces.sage	ADELogPairs.ParentMethods.letter	method	369	1	src/dzack_research/preamble/categories/schemes/ade_surfaces.py		unreviewed
preamble/categories/schemes/ade_surfaces.sage	ADELogPairs.ParentMethods.rank	method	372	3			unreviewed
preamble/categories/schemes/ade_surfaces.sage	ADELogPairs.ParentMethods.variant	method	375	1	src/dzack_research/preamble/categories/schemes/ade_surfaces.py		unreviewed
preamble/categories/schemes/ade_surfaces.sage	ADELogPairs.ParentMethods.is_affine	method	378	3			unreviewed
preamble/categories/schemes/ade_surfaces.sage	ADELogPairs.ParentMethods.key	method	381	0			unreviewed
preamble/categories/schemes/ade_surfaces.sage	ADELogPairs.ParentMethods.latex_label	method	384	0			unreviewed
preamble/categories/schemes/ade_surfaces.sage	ADELogPairs.ParentMethods.cartan_type	method	387	1	src/dzack_research/preamble/categories/lattices.py		unreviewed
preamble/categories/schemes/ade_surfaces.sage	ADELogPairs.ParentMethods.dynkin_diagram	method	392	1	src/dzack_research/preamble/categories/schemes/ade_surfaces.py		unreviewed
preamble/categories/schemes/ade_surfaces.sage	ADELogPairs.ParentMethods.p_star	method	395	1	src/dzack_research/preamble/categories/schemes/ade_surfaces.py		unreviewed
preamble/categories/schemes/ade_surfaces.sage	ADELogPairs.ParentMethods.polytope_matrix	method	398	0			unreviewed
preamble/categories/schemes/ade_surfaces.sage	ADELogPairs.ParentMethods.boundary_divisor	method	407	1	src/dzack_research/preamble/categories/schemes/log_pairs.py		unreviewed
preamble/categories/schemes/ade_surfaces.sage	ADELogPairs.ParentMethods.log_divisor	method	412	0			unreviewed
preamble/categories/schemes/ade_surfaces.sage	ADELogPairs.ParentMethods.log_pair	method	417	1	src/dzack_research/preamble/categories/schemes/toric/toric_schemes.py		unreviewed
preamble/categories/schemes/ade_surfaces.sage	ADELogPairs.ParentMethods.log_pair_label	method	422	0			unreviewed
preamble/categories/schemes/ade_surfaces.sage	ADELogPairs.ParentMethods.integral_invariants	method	426	1	src/dzack_research/preamble/categories/schemes/ade_surfaces.py		unreviewed
preamble/categories/schemes/ade_surfaces.sage	ADELogPairs.ParentMethods.cartan_type_latex	method	438	0			unreviewed
preamble/categories/schemes/ade_surfaces.sage	ADELogPairs.ParentMethods.toric_embedding_latex	method	443	0			unreviewed
preamble/categories/schemes/ade_surfaces.sage	ADEBaseSurfaces	class	480	0			unreviewed
preamble/categories/schemes/ade_surfaces.sage	ADEBaseSurfaces.super_categories	method	484	99			unreviewed
preamble/categories/schemes/ade_surfaces.sage	ADEBaseSurfaces.ParentMethods	class	496	89			unreviewed
preamble/categories/schemes/ade_surfaces.sage	ADEBaseSurfaces.ParentMethods.scheme	method	523	8			unreviewed
preamble/categories/schemes/ade_surfaces.sage	ADEBaseSurfaces.ParentMethods.toric_scheme	method	527	1	src/dzack_research/preamble/categories/schemes/ade_surfaces.py		unreviewed
preamble/categories/schemes/ade_surfaces.sage	ADEBaseSurfaces.ParentMethods.polarizing_polytope	method	531	2			unreviewed
preamble/categories/schemes/ade_surfaces.sage	ADEBaseSurfaces.ParentMethods.codimension_in_toric_scheme	method	535	1	src/dzack_research/preamble/categories/schemes/ade_surfaces.py		unreviewed
preamble/categories/schemes/ade_surfaces.sage	ADEBaseSurfaces.ParentMethods.cover	method	539	3			unreviewed
preamble/categories/schemes/ade_surfaces.sage	ADEBaseSurfaces.ParentMethods.base	method	542	6			unreviewed
preamble/categories/schemes/ade_surfaces.sage	ADEBaseSurfaces.ParentMethods.is_cover	method	545	1	src/dzack_research/preamble/categories/schemes/ade_surfaces.py		unreviewed
preamble/categories/schemes/ade_surfaces.sage	ADEBaseSurfaces.ParentMethods.is_base	method	548	1	src/dzack_research/preamble/categories/schemes/ade_surfaces.py		unreviewed
preamble/categories/schemes/ade_surfaces.sage	ADEBaseSurfaces.ParentMethods.blue_line_divisor	method	551	1	src/dzack_research/preamble/categories/schemes/ade_surfaces.py		unreviewed
preamble/categories/schemes/ade_surfaces.sage	ADEBaseSurfaces.ParentMethods.complementary_divisor	method	554	1	src/dzack_research/preamble/categories/schemes/ade_surfaces.py		unreviewed
preamble/categories/schemes/ade_surfaces.sage	ADEBaseSurfaces.ParentMethods.boundary_divisor	method	557	1	src/dzack_research/preamble/categories/schemes/log_pairs.py		unreviewed
preamble/categories/schemes/ade_surfaces.sage	ADEBaseSurfaces.ParentMethods.branch_divisor	method	568	0			unreviewed
preamble/categories/schemes/ade_surfaces.sage	ADEBaseSurfaces.ParentMethods.log_divisor	method	575	0			unreviewed
preamble/categories/schemes/ade_surfaces.sage	ADEBaseSurfaces.ParentMethods.log_pair	method	584	1	src/dzack_research/preamble/categories/schemes/toric/toric_schemes.py		unreviewed
preamble/categories/schemes/ade_surfaces.sage	ADEBaseSurfaces.ParentMethods.log_pair_label	method	587	0			unreviewed
preamble/categories/schemes/ade_surfaces.sage	ADEBaseSurfaces.ParentMethods.defining_polynomial	method	590	1	src/dzack_research/preamble/categories/rings/number_fields.py		unreviewed
preamble/categories/schemes/ade_surfaces.sage	ADEBaseSurfaces.ParentMethods.parametric_branch_polynomial	method	593	0			unreviewed
preamble/categories/schemes/ade_surfaces.sage	ADEBaseSurfaces.ParentMethods.dynkin_diagram_data	method	596	0			unreviewed
preamble/categories/schemes/ade_surfaces.sage	ADEBaseSurfaces.ParentMethods.distinguished_boundary_points	method	599	1	src/dzack_research/preamble/categories/schemes/ade_surfaces.py		unreviewed
preamble/categories/schemes/ade_surfaces.sage	ADESurfaces	class	663	0			unreviewed
preamble/categories/schemes/ade_surfaces.sage	ADESurfaces.super_categories	method	670	99			unreviewed
preamble/categories/schemes/ade_surfaces.sage	ADESurfaces.ParentMethods	class	682	89			unreviewed
preamble/categories/schemes/ade_surfaces.sage	ADESurfaces.ParentMethods.cover	method	756	3			unreviewed
preamble/categories/schemes/ade_surfaces.sage	ADESurfaces.ParentMethods.base	method	759	6			unreviewed
preamble/categories/schemes/ade_surfaces.sage	ADESurfaces.ParentMethods.is_cover	method	762	1	src/dzack_research/preamble/categories/schemes/ade_surfaces.py		unreviewed
preamble/categories/schemes/ade_surfaces.sage	ADESurfaces.ParentMethods.is_base	method	765	1	src/dzack_research/preamble/categories/schemes/ade_surfaces.py		unreviewed
preamble/categories/schemes/ade_surfaces.sage	ADESurfaces.ParentMethods.polygon	method	944	1	src/dzack_research/preamble/categories/schemes/ade_surfaces.py		unreviewed
preamble/categories/schemes/ade_surfaces.sage	ADESurfaces.ParentMethods.vertices	method	947	6			unreviewed
preamble/categories/schemes/ade_surfaces.sage	ADESurfaces.ParentMethods.side_decorations	method	950	1	src/dzack_research/preamble/categories/schemes/ade_surfaces.py		unreviewed
preamble/categories/schemes/ade_surfaces.sage	ADESurfaces.ParentMethods.boundary_divisor	method	953	1	src/dzack_research/preamble/categories/schemes/log_pairs.py		unreviewed
preamble/categories/schemes/ade_surfaces.sage	ADESurfaces.ParentMethods.ramification_divisor	method	964	0			unreviewed
preamble/categories/schemes/ade_surfaces.sage	ADESurfaces.ParentMethods.log_divisor	method	970	0			unreviewed
preamble/categories/schemes/ade_surfaces.sage	ADESurfaces.ParentMethods.log_pair	method	979	1	src/dzack_research/preamble/categories/schemes/toric/toric_schemes.py		unreviewed
preamble/categories/schemes/ade_surfaces.sage	ADESurfaces.ParentMethods.log_pair_label	method	982	0			unreviewed
preamble/categories/schemes/ade_surfaces.sage	ADESurfaces.ParentMethods.scheme	method	985	8			unreviewed
preamble/categories/schemes/ade_surfaces.sage	ADESurfaces.ParentMethods.toric_scheme	method	989	1	src/dzack_research/preamble/categories/schemes/ade_surfaces.py		unreviewed
preamble/categories/schemes/ade_surfaces.sage	ADESurfaces.ParentMethods.polarizing_polytope	method	993	2			unreviewed
preamble/categories/schemes/ade_surfaces.sage	ADESurfaces.ParentMethods.codimension_in_toric_scheme	method	997	1	src/dzack_research/preamble/categories/schemes/ade_surfaces.py		unreviewed
preamble/categories/schemes/ade_surfaces.sage	ADESurfaces.ParentMethods.blue_line_divisor	method	1001	1	src/dzack_research/preamble/categories/schemes/ade_surfaces.py		unreviewed
preamble/categories/schemes/ade_surfaces.sage	ADESurfaces.ParentMethods.complementary_divisor	method	1015	1	src/dzack_research/preamble/categories/schemes/ade_surfaces.py		unreviewed
preamble/categories/schemes/ade_surfaces.sage	ADESurfaces.ParentMethods.defining_polynomial	method	1034	1	src/dzack_research/preamble/categories/rings/number_fields.py		unreviewed
preamble/categories/schemes/ade_surfaces.sage	ADESurfaces.ParentMethods.anticanonical_equation	method	1078	0			unreviewed
preamble/categories/schemes/ade_surfaces.sage	ADESurfaces.ParentMethods.parametric_branch_polynomial	method	1084	0			unreviewed
preamble/categories/schemes/ade_surfaces.sage	ADESurfaces.ParentMethods.dynkin_diagram_data	method	1140	0			unreviewed
preamble/categories/schemes/ade_surfaces.sage	ADESurfaces.ParentMethods.distinguished_boundary_points	method	1207	1	src/dzack_research/preamble/categories/schemes/ade_surfaces.py		unreviewed
preamble/categories/schemes/ade_surfaces.sage	ADESurfaces.ParentMethods.plot	method	1215	0			unreviewed
preamble/categories/schemes/ade_surfaces.sage	ADESurfaces.ParentMethods.plot2d	method	1218	0			unreviewed
preamble/categories/schemes/ade_surfaces.sage	ToricLogPair	function	1389	1	src/dzack_research/preamble/categories/schemes/log_pairs.py		unreviewed
preamble/categories/schemes/ade_surfaces.sage	ADEBaseSurface	function	1396	0			unreviewed
preamble/categories/schemes/ade_surfaces.sage	ADESurface	function	1401	0			unreviewed
preamble/categories/schemes/ambient_spaces.sage	<module>	module	1	0			unreviewed
preamble/categories/schemes/ambient_spaces.sage	AffineSpace	function	29	1	src/dzack_research/preamble/categories/schemes/schemes.py		unreviewed
preamble/categories/schemes/ambient_spaces.sage	ProjectiveSpace	function	44	1	src/dzack_research/preamble/categories/schemes/schemes.py		unreviewed
preamble/categories/schemes/ambient_spaces.sage	install_ambient_spaces	function	55	0			unreviewed
preamble/categories/schemes/polytopes.sage	<module>	module	1	0			unreviewed
preamble/categories/schemes/polytopes.sage	sage	binding	29	0			unreviewed
preamble/categories/schemes/polytopes.sage	sage	binding	40	0			unreviewed
preamble/categories/schemes/polytopes.sage	LatticeCoord	binding	71	0			unreviewed
preamble/categories/schemes/polytopes.sage	LatticePoint	binding	72	0			unreviewed
preamble/categories/schemes/polytopes.sage	ConvexPolytopes	class	95	1	src/dzack_research/preamble/categories/schemes/polytopes.py		unreviewed
preamble/categories/schemes/polytopes.sage	ConvexPolytopes.super_categories	method	107	99			unreviewed
preamble/categories/schemes/polytopes.sage	ConvexPolytopes.ParentMethods	class	119	89			unreviewed
preamble/categories/schemes/polytopes.sage	ConvexPolytopes.ParentMethods.polyhedron	method	156	0			unreviewed
preamble/categories/schemes/polytopes.sage	ConvexPolytopes.ParentMethods.ambient_space	method	160	2			unreviewed
preamble/categories/schemes/polytopes.sage	ConvexPolytopes.ParentMethods.dimension	method	170	9			unreviewed
preamble/categories/schemes/polytopes.sage	ConvexPolytopes.ParentMethods.vertices	method	174	6			unreviewed
preamble/categories/schemes/polytopes.sage	ConvexPolytopes.ParentMethods.facets	method	179	4			unreviewed
preamble/categories/schemes/polytopes.sage	ConvexPolytopes.ParentMethods.normal_fan	method	183	1	src/dzack_research/preamble/categories/schemes/polytopes.py		unreviewed
preamble/categories/schemes/polytopes.sage	ConvexPolytopes.ParentMethods.volume	method	187	2			unreviewed
preamble/categories/schemes/polytopes.sage	ConvexPolytopes.ParentMethods.normalized_volume	method	191	1	src/dzack_research/preamble/categories/schemes/polytopes.py		unreviewed
preamble/categories/schemes/polytopes.sage	ConvexPolytopes.ParentMethods.is_compact	method	199	2			unreviewed
preamble/categories/schemes/polytopes.sage	ConvexPolytopes.ParentMethods.integral_points	method	203	1	src/dzack_research/preamble/categories/schemes/polytopes.py		unreviewed
preamble/categories/schemes/polytopes.sage	ConvexPolytopes.ParentMethods.interior_integral_points	method	208	1	src/dzack_research/preamble/categories/schemes/polytopes.py		unreviewed
preamble/categories/schemes/polytopes.sage	ConvexPolytopes.ParentMethods.boundary_integral_points	method	213	1	src/dzack_research/preamble/categories/schemes/polytopes.py		unreviewed
preamble/categories/schemes/polytopes.sage	ConvexPolytopes.ParentMethods.n_integral_points	method	218	1	src/dzack_research/preamble/categories/schemes/polytopes.py		unreviewed
preamble/categories/schemes/polytopes.sage	ConvexPolytopes.ParentMethods.n_interior_points	method	222	1	src/dzack_research/preamble/categories/schemes/polytopes.py		unreviewed
preamble/categories/schemes/polytopes.sage	ConvexPolytopes.ParentMethods.n_boundary_points	method	226	1	src/dzack_research/preamble/categories/schemes/polytopes.py		unreviewed
preamble/categories/schemes/polytopes.sage	ConvexPolytopes.ParentMethods.contains_point	method	230	1	src/dzack_research/preamble/categories/schemes/polytopes.py		unreviewed
preamble/categories/schemes/polytopes.sage	ConvexPolytopes.ParentMethods.interior_contains_point	method	235	1	src/dzack_research/preamble/categories/schemes/polytopes.py		unreviewed
preamble/categories/schemes/polytopes.sage	ConvexPolytopes.ParentMethods.is_lattice_polytope	method	240	1	src/dzack_research/preamble/categories/schemes/polytopes.py		unreviewed
preamble/categories/schemes/polytopes.sage	ConvexPolytopes.ParentMethods.plot3d	method	245	0			unreviewed
preamble/categories/schemes/polytopes.sage	ConvexPolytopes.ParentMethods.tikz3d	method	350	0			unreviewed
preamble/categories/schemes/polytopes.sage	ConvexPolytopes.ParentMethods.plot	method	411	0			unreviewed
preamble/categories/schemes/polytopes.sage	ConvexPolytopes.ParentMethods.invariants	method	429	1	src/dzack_research/preamble/categories/modules/group_modules/group_modules.py		unreviewed
preamble/categories/schemes/polytopes.sage	LatticePolytopes	class	442	1	src/dzack_research/preamble/categories/schemes/polytopes.py		unreviewed
preamble/categories/schemes/polytopes.sage	LatticePolytopes.super_categories	method	454	99			unreviewed
preamble/categories/schemes/polytopes.sage	LatticePolytopes.ParentMethods	class	466	89			unreviewed
preamble/categories/schemes/polytopes.sage	LatticePolytopes.ParentMethods.is_reflexive	method	480	1	src/dzack_research/preamble/categories/schemes/polytopes.py		unreviewed
preamble/categories/schemes/polytopes.sage	LatticePolytopes.ParentMethods.is_smooth	method	485	5			unreviewed
preamble/categories/schemes/polytopes.sage	LatticePolytopes.ParentMethods.polar_dual	method	490	1	src/dzack_research/preamble/categories/schemes/polytopes.py		unreviewed
preamble/categories/schemes/polytopes.sage	LatticePolytopes.ParentMethods.ehrhart_polynomial	method	511	1	src/dzack_research/preamble/categories/schemes/polytopes.py		unreviewed
preamble/categories/schemes/polytopes.sage	LatticePolytopes.ParentMethods.h_star_vector	method	516	1	src/dzack_research/preamble/categories/schemes/polytopes.py		unreviewed
preamble/categories/schemes/polytopes.sage	ConvexPolygons	class	523	1	src/dzack_research/preamble/categories/schemes/polytopes.py		unreviewed
preamble/categories/schemes/polytopes.sage	ConvexPolygons.super_categories	method	535	99			unreviewed
preamble/categories/schemes/polytopes.sage	ConvexPolygons.ParentMethods	class	547	89			unreviewed
preamble/categories/schemes/polytopes.sage	ConvexPolygons.ParentMethods.plot	method	558	0			unreviewed
preamble/categories/schemes/polytopes.sage	ConvexPolygons.ParentMethods.tikz	method	633	0			unreviewed
preamble/categories/schemes/polytopes.sage	LatticePolygons	class	671	1	src/dzack_research/preamble/categories/schemes/polytopes.py		unreviewed
preamble/categories/schemes/polytopes.sage	LatticePolygons.super_categories	method	685	99			unreviewed
preamble/categories/schemes/polytopes.sage	LatticePolygons.ParentMethods	class	697	89			unreviewed
preamble/categories/schemes/polytopes.sage	ConvexPolytope	function	719	1	src/dzack_research/preamble/categories/schemes/polytopes.py		unreviewed
preamble/categories/schemes/polytopes.sage	ConvexPolygon	function	733	1	src/dzack_research/preamble/categories/schemes/polytopes.py		unreviewed
preamble/categories/schemes/polytopes.sage	LatticePolytope	function	748	1	src/dzack_research/preamble/categories/schemes/polytopes.py		unreviewed
preamble/categories/schemes/polytopes.sage	LatticePolygon	function	762	1	src/dzack_research/preamble/categories/schemes/polytopes.py		unreviewed
preamble/categories/schemes/ringed_spaces.sage	<module>	module	1	0			unreviewed
preamble/categories/schemes/ringed_spaces.sage	RingedSpaces	class	37	1	src/dzack_research/preamble/categories/schemes/ringed_spaces.py		unreviewed
preamble/categories/schemes/ringed_spaces.sage	RingedSpaces.LocallyRinged	method	44	1	src/dzack_research/preamble/categories/schemes/ringed_spaces.py		unreviewed
preamble/categories/schemes/ringed_spaces.sage	RingedSpaces.super_categories	method	50	99			unreviewed
preamble/categories/schemes/ringed_spaces.sage	RingedSpaces.SubcategoryMethods	class	54	7			unreviewed
preamble/categories/schemes/ringed_spaces.sage	RingedSpaces.ParentMethods	class	59	89			unreviewed
preamble/categories/schemes/ringed_spaces.sage	RingedSpaces.ParentMethods.structure_sheaf	method	77	1	src/dzack_research/preamble/categories/schemes/ringed_spaces.py		unreviewed
preamble/categories/schemes/ringed_spaces.sage	RingedSpaces.ParentMethods.underlying_space	method	81	1	src/dzack_research/preamble/categories/schemes/ringed_spaces.py		unreviewed
preamble/categories/schemes/ringed_spaces.sage	RingedSpaces.ElementMethods	class	85	25			unreviewed
preamble/categories/schemes/ringed_spaces.sage	RingedSpaces.MorphismMethods	class	88	0			unreviewed
preamble/categories/schemes/ringed_spaces.sage	LocallyRingedSpaces	class	97	1	src/dzack_research/preamble/categories/schemes/ringed_spaces.py		unreviewed
preamble/categories/schemes/ringed_spaces.sage	LocallyRingedSpaces.super_categories	method	104	99			unreviewed
preamble/categories/schemes/ringed_spaces.sage	LocallyRingedSpaces.ParentMethods	class	108	89			unreviewed
preamble/categories/schemes/ringed_spaces.sage	LocallyRingedSpaces.ParentMethods.stalk	method	111	1	src/dzack_research/preamble/categories/schemes/ringed_spaces.py		unreviewed
preamble/categories/schemes/ringed_spaces.sage	LocallyRingedSpaces.ElementMethods	class	115	25			unreviewed
preamble/categories/schemes/ringed_spaces.sage	LocallyRingedSpaces.MorphismMethods	class	118	0			unreviewed
preamble/categories/schemes/ringed_spaces.sage	install_ringed_spaces	function	122	0			unreviewed
preamble/categories/schemes/scheme_points.sage	<module>	module	1	0			unreviewed
preamble/categories/schemes/scheme_points.sage	SchemePoint	class	20	0			unreviewed
preamble/categories/schemes/scheme_points.sage	SchemePoint.domain	method	32	8			unreviewed
preamble/categories/schemes/scheme_points.sage	SchemePoint.codomain	method	36	10			unreviewed
preamble/categories/schemes/scheme_points.sage	install_scheme_points	function	41	0			unreviewed
preamble/categories/schemes/schemes.sage	<module>	module	1	0			unreviewed
preamble/categories/schemes/schemes.sage	SchemeParent	class	50	0			unreviewed
preamble/categories/schemes/schemes.sage	SchemeParent.base_ring	method	54	32			unreviewed
preamble/categories/schemes/schemes.sage	SchemeParent.category	method	55	2			unreviewed
preamble/categories/schemes/schemes.sage	SchemeParent.subscheme	method	56	0			unreviewed
preamble/categories/schemes/schemes.sage	SchemeParent.gen	method	61	0			unreviewed
preamble/categories/schemes/schemes.sage	SchemeParent.dimension_relative	method	62	0			unreviewed
preamble/categories/schemes/schemes.sage	Schemes	class	82	1	src/dzack_research/preamble/categories/schemes/schemes.py		unreviewed
preamble/categories/schemes/schemes.sage	Schemes.super_categories	method	92	99			unreviewed
preamble/categories/schemes/schemes.sage	Schemes.SubcategoryMethods	class	96	7			unreviewed
preamble/categories/schemes/schemes.sage	Schemes.ParentMethods	class	111	89			unreviewed
preamble/categories/schemes/schemes.sage	Schemes.Subobjects	class	114	1	src/dzack_research/preamble/categories/abstract_categories/constructions.py		unreviewed
preamble/categories/schemes/schemes.sage	Schemes.ElementMethods	class	121	25			unreviewed
preamble/categories/schemes/schemes.sage	Schemes._HomCategory.ElementMethods	class	127	25			unreviewed
preamble/categories/schemes/schemes.sage	AffineSpaces	class	149	1	src/dzack_research/preamble/categories/schemes/schemes.py		unreviewed
preamble/categories/schemes/schemes.sage	AffineSpaces.super_categories	method	155	99			unreviewed
preamble/categories/schemes/schemes.sage	AffineSpaces.ParentMethods	class	159	89			unreviewed
preamble/categories/schemes/schemes.sage	AffineSpaces.ParentMethods.picard_group	method	163	1	src/dzack_research/preamble/categories/schemes/toric/toric_schemes.py		unreviewed
preamble/categories/schemes/schemes.sage	AffineSpaces.ParentMethods.class_group	method	178	1	src/dzack_research/preamble/categories/schemes/toric/toric_schemes.py		unreviewed
preamble/categories/schemes/schemes.sage	AffineSpaces.ParentMethods.closed_subscheme	method	192	1	src/dzack_research/preamble/categories/schemes/schemes.py		unreviewed
preamble/categories/schemes/schemes.sage	AffineSpaces.ParentMethods.basic_open	method	206	0			unreviewed
preamble/categories/schemes/schemes.sage	ProjectiveSpaces	class	217	1	src/dzack_research/preamble/categories/schemes/schemes.py		unreviewed
preamble/categories/schemes/schemes.sage	ProjectiveSpaces.super_categories	method	223	99			unreviewed
preamble/categories/schemes/schemes.sage	ProjectiveSpaces.ParentMethods	class	227	89			unreviewed
preamble/categories/schemes/schemes.sage	ProjectiveSpaces.ParentMethods.fan	method	230	2			unreviewed
preamble/categories/schemes/schemes.sage	ProjectiveSpaces.ParentMethods.picard_group	method	238	1	src/dzack_research/preamble/categories/schemes/toric/toric_schemes.py		unreviewed
preamble/categories/schemes/schemes.sage	ProjectiveSpaces.ParentMethods.class_group	method	254	1	src/dzack_research/preamble/categories/schemes/toric/toric_schemes.py		unreviewed
preamble/categories/schemes/schemes.sage	ProjectiveSpaces.ParentMethods.hyperplane	method	271	0			unreviewed
preamble/categories/schemes/schemes.sage	ProjectiveSpaces.ParentMethods.closed_subscheme	method	281	1	src/dzack_research/preamble/categories/schemes/schemes.py		unreviewed
preamble/categories/schemes/schemes.sage	ProjectiveSpaces.ParentMethods.basic_open	method	295	0			unreviewed
preamble/categories/schemes/schemes.sage	install_schemes	function	306	0			unreviewed
preamble/categories/schemes/subschemes.sage	<module>	module	1	0			unreviewed
preamble/categories/schemes/subschemes.sage	SubschemeParent	class	32	0			unreviewed
preamble/categories/schemes/subschemes.sage	SubschemeParent.dimension	method	36	9			unreviewed
preamble/categories/schemes/subschemes.sage	SubschemeParent.embedding_morphism	method	37	0			unreviewed
preamble/categories/schemes/subschemes.sage	ClosedSubschemes	class	40	1	src/dzack_research/preamble/categories/schemes/schemes.py		unreviewed
preamble/categories/schemes/subschemes.sage	ClosedSubschemes.super_categories	method	46	99			unreviewed
preamble/categories/schemes/subschemes.sage	ClosedSubschemes.ParentMethods	class	53	89			unreviewed
preamble/categories/schemes/subschemes.sage	ClosedSubschemes.ParentMethods.inclusion	method	56	17			unreviewed
preamble/categories/schemes/subschemes.sage	ClosedSubschemes.ParentMethods.codimension	method	60	1	src/dzack_research/preamble/categories/schemes/schemes.py		unreviewed
preamble/categories/schemes/subschemes.sage	ClosedSubschemes.ParentMethods.intersection_multiplicity	method	64	1	src/dzack_research/preamble/categories/schemes/schemes.py		unreviewed
preamble/categories/schemes/subschemes.sage	EquationDefinedClosedSubschemes	class	98	0			unreviewed
preamble/categories/schemes/subschemes.sage	EquationDefinedClosedSubschemes.super_categories	method	104	99			unreviewed
preamble/categories/schemes/subschemes.sage	EquationDefinedClosedSubschemes.ParentMethods	class	107	89			unreviewed
preamble/categories/schemes/subschemes.sage	EquationDefinedClosedSubschemes.ParentMethods.inclusion	method	129	17			unreviewed
preamble/categories/schemes/subschemes.sage	EquationDefinedClosedSubschemes.ParentMethods.equations	method	133	2			unreviewed
preamble/categories/schemes/subschemes.sage	EquationDefinedClosedSubschemes.ParentMethods.dimension	method	137	9			unreviewed
preamble/categories/schemes/subschemes.sage	EquationDefinedClosedSubschemes.ParentMethods.defining_polynomial	method	141	1	src/dzack_research/preamble/categories/rings/number_fields.py		unreviewed
preamble/categories/schemes/subschemes.sage	EquationDefinedClosedSubscheme	function	149	0			unreviewed
preamble/categories/schemes/subschemes.sage	OpenSubschemes	class	163	0			unreviewed
preamble/categories/schemes/subschemes.sage	OpenSubschemes.super_categories	method	169	99			unreviewed
preamble/categories/schemes/subschemes.sage	OpenSubschemes.ParentMethods	class	176	89			unreviewed
preamble/categories/schemes/subschemes.sage	OpenSubschemes.ParentMethods.inclusion	method	179	17			unreviewed
preamble/categories/schemes/subschemes.sage	install_subschemes	function	184	0			unreviewed
preamble/categories/schemes/svg_2d_viewer.py	<module>	module	1	0			unreviewed
preamble/categories/schemes/svg_2d_viewer.py	generate_2d_polygon_svg	function	88	0			unreviewed
preamble/categories/schemes/threejs_viewer.py	<module>	module	1	0			unreviewed
preamble/categories/schemes/threejs_viewer.py	vWorldPos	binding	117	0			unreviewed
preamble/categories/schemes/threejs_viewer.py	gl_Position	binding	118	0			unreviewed
preamble/categories/schemes/threejs_viewer.py	gl_FragColor	binding	145	0			unreviewed
preamble/categories/schemes/threejs_viewer.py	hoveredMesh	binding	556	0			unreviewed
preamble/categories/schemes/threejs_viewer.py	hoveredMesh	binding	572	0			unreviewed
preamble/categories/schemes/threejs_viewer.py	autoSpin	binding	623	0			unreviewed
preamble/categories/schemes/threejs_viewer.py	showGrid	binding	631	0			unreviewed
preamble/categories/schemes/threejs_viewer.py	showAxes	binding	639	0			unreviewed
preamble/categories/schemes/threejs_viewer.py	generate_threejs_polytope_html	function	705	0			unreviewed
preamble/categories/schemes/toric/__init__.py	<module>	module	1	0			unreviewed
preamble/categories/schemes/toric/toric_schemes.sage	<module>	module	1	0			unreviewed
preamble/categories/schemes/toric/toric_schemes.sage	ToricSchemes	class	34	1	src/dzack_research/preamble/categories/schemes/toric/toric_schemes.py		unreviewed
preamble/categories/schemes/toric/toric_schemes.sage	ToricSchemes.super_categories	method	40	99			unreviewed
preamble/categories/schemes/toric/toric_schemes.sage	ToricSchemes.ParentMethods	class	44	89			unreviewed
preamble/categories/schemes/toric/toric_schemes.sage	ToricSchemes.ParentMethods.is_toric	method	73	1	src/dzack_research/preamble/categories/schemes/toric/toric_schemes.py		unreviewed
preamble/categories/schemes/toric/toric_schemes.sage	ToricSchemes.ParentMethods.fan	method	77	2			unreviewed
preamble/categories/schemes/toric/toric_schemes.sage	ToricSchemes.ParentMethods.polytope	method	81	1	src/dzack_research/preamble/categories/definite_lattices.py		unreviewed
preamble/categories/schemes/toric/toric_schemes.sage	ToricSchemes.ParentMethods.dimension	method	85	9			unreviewed
preamble/categories/schemes/toric/toric_schemes.sage	ToricSchemes.ParentMethods.subscheme	method	89	0			unreviewed
preamble/categories/schemes/toric/toric_schemes.sage	ToricSchemes.ParentMethods.standard_identification	method	106	0			unreviewed
preamble/categories/schemes/toric/toric_schemes.sage	ToricSchemes.ParentMethods.standard_identification_latex	method	110	0			unreviewed
preamble/categories/schemes/toric/toric_schemes.sage	ToricSchemes.ParentMethods.to_native_toric_variety	method	198	0			unreviewed
preamble/categories/schemes/toric/toric_schemes.sage	ToricScheme	function	208	0			unreviewed
preamble/categories/schemes/varieties.sage	<module>	module	1	0			unreviewed
preamble/categories/schemes/varieties.sage	Varieties	class	49	1	src/dzack_research/preamble/categories/schemes/varieties.py		unreviewed
preamble/categories/schemes/varieties.sage	Varieties.super_categories	method	55	99			unreviewed
preamble/categories/schemes/varieties.sage	Varieties.SubcategoryMethods	class	59	7			unreviewed
preamble/categories/schemes/varieties.sage	Varieties.ParentMethods	class	68	89			unreviewed
preamble/categories/schemes/varieties.sage	Varieties.ElementMethods	class	71	25			unreviewed
preamble/categories/schemes/varieties.sage	Varieties.MorphismMethods	class	74	0			unreviewed
preamble/categories/schemes/varieties.sage	ToricVariety	function	83	1	src/dzack_research/preamble/categories/schemes/toric/toric_schemes.py		unreviewed
preamble/categories/schemes/varieties.sage	Curve	function	104	1	src/dzack_research/preamble/categories/schemes/varieties.py		unreviewed
preamble/categories/schemes/varieties.sage	Curves	class	118	1	src/dzack_research/preamble/categories/schemes/varieties.py		unreviewed
preamble/categories/schemes/varieties.sage	Curves.super_categories	method	124	99			unreviewed
preamble/categories/schemes/varieties.sage	Curves.ParentMethods	class	128	89			unreviewed
preamble/categories/schemes/varieties.sage	Curves.ParentMethods.dimension	method	131	9			unreviewed
preamble/categories/schemes/varieties.sage	Curves.ElementMethods	class	135	25			unreviewed
preamble/categories/schemes/varieties.sage	Curves.MorphismMethods	class	138	0			unreviewed
preamble/categories/schemes/varieties.sage	Surfaces	class	147	1	src/dzack_research/preamble/categories/schemes/varieties.py		unreviewed
preamble/categories/schemes/varieties.sage	Surfaces.super_categories	method	153	99			unreviewed
preamble/categories/schemes/varieties.sage	Surfaces.ParentMethods	class	157	89			unreviewed
preamble/categories/schemes/varieties.sage	Surfaces.ParentMethods.dimension	method	160	9			unreviewed
preamble/categories/schemes/varieties.sage	Surfaces.ElementMethods	class	164	25			unreviewed
preamble/categories/schemes/varieties.sage	Surfaces.MorphismMethods	class	167	0			unreviewed
preamble/categories/schemes/varieties.sage	install_varieties	function	171	0			unreviewed
preamble/categories/sets/cardinals.py	<module>	module	1	0			unreviewed
preamble/categories/sets/cardinals.py	CardinalComparison	class	95	1	src/dzack_research/preamble/categories/sets/cardinals.py		unreviewed
preamble/categories/sets/cardinals.py	Cardinalities	class	106	1	src/dzack_research/preamble/categories/sets/cardinals.py		unreviewed
preamble/categories/sets/cardinals.py	Cardinalities.super_categories	method	109	99			unreviewed
preamble/categories/sets/cardinals.py	Cardinalities._HomCategory.ParentMethods	class	125	89			unreviewed
preamble/categories/sets/cardinals.py	Cardinalities._HomCategory.ElementMethods	class	179	25			unreviewed
preamble/categories/sets/cardinals.py	Cardinalities.zero	method	186	29			unreviewed
preamble/categories/sets/cardinals.py	Cardinalities.one	method	190	24			unreviewed
preamble/categories/sets/cardinals.py	Cardinalities.sum	method	194	4			unreviewed
preamble/categories/sets/cardinals.py	Cardinalities.product	method	211	9			unreviewed
preamble/categories/sets/cardinals.py	Cardinalities.indexed_sum	method	230	1	src/dzack_research/preamble/categories/sets/cardinals.py		unreviewed
preamble/categories/sets/cardinals.py	Cardinalities.indexed_product	method	243	1	src/dzack_research/preamble/categories/sets/cardinals.py		unreviewed
preamble/categories/sets/cardinals.py	Cardinalities.power	method	256	2			unreviewed
preamble/categories/sets/cardinals.py	Cardinalities.sum_morphism	method	316	1	src/dzack_research/preamble/categories/sets/cardinals.py		unreviewed
preamble/categories/sets/cardinals.py	Cardinalities.product_morphism	method	325	1	src/dzack_research/preamble/categories/sets/cardinals.py		unreviewed
preamble/categories/sets/cardinals.py	Cardinalities.power_morphism	method	334	1	src/dzack_research/preamble/categories/sets/cardinals.py		unreviewed
preamble/categories/sets/cardinals.py	Cardinalities.supremum	method	353	1	src/dzack_research/preamble/categories/sets/cardinals.py		unreviewed
preamble/categories/sets/cardinals.py	Cardinalities.le	method	381	4			unreviewed
preamble/categories/sets/cardinals.py	Cardinalities.lt	method	439	1	src/dzack_research/preamble/categories/sets/cardinals.py		unreviewed
preamble/categories/sets/cardinals.py	Cardinalities.ge	method	480	1	src/dzack_research/preamble/categories/sets/cardinals.py		unreviewed
preamble/categories/sets/cardinals.py	Cardinalities.gt	method	487	1	src/dzack_research/preamble/categories/sets/cardinals.py		unreviewed
preamble/categories/sets/cardinals.py	Cardinalities.compare	method	494	1	src/dzack_research/preamble/categories/sets/cardinals.py		unreviewed
preamble/categories/sets/cardinals.py	Cardinalities.are_incomparable	method	514	1	src/dzack_research/preamble/categories/sets/cardinals.py		unreviewed
preamble/categories/sets/cardinals.py	Cardinalities.ParentMethods	class	521	89			unreviewed
preamble/categories/sets/cardinals.py	Cardinalities.ParentMethods.cardinality	method	534	28			unreviewed
preamble/categories/sets/cardinals.py	Cardinalities.ParentMethods.expression	method	543	3			unreviewed
preamble/categories/sets/cardinals.py	Cardinalities.ParentMethods.sort_key	method	546	1	src/dzack_research/preamble/categories/sets/cardinals.py		unreviewed
preamble/categories/sets/cardinals.py	Cardinalities.ParentMethods.is_finite	method	656	12			unreviewed
preamble/categories/sets/cardinals.py	Cardinalities.ParentMethods.is_infinite	method	667	1	src/dzack_research/preamble/categories/sets/cardinals.py		unreviewed
preamble/categories/sets/cardinals.py	Cardinalities.ParentMethods.is_aleph	method	670	1	src/dzack_research/preamble/categories/sets/cardinals.py		unreviewed
preamble/categories/sets/cardinals.py	Cardinalities.ParentMethods.is_continuum	method	673	1	src/dzack_research/preamble/categories/sets/cardinals.py		unreviewed
preamble/categories/sets/cardinals.py	Cardinalities.ParentMethods.is_countable	method	681	1	src/dzack_research/preamble/categories/sets/cardinals.py		unreviewed
preamble/categories/sets/cardinals.py	Cardinalities.ParentMethods.is_uncountable	method	684	1	src/dzack_research/preamble/categories/sets/cardinals.py		unreviewed
preamble/categories/sets/cardinals.py	Cardinalities.ParentMethods.is_countably_infinite	method	699	1	src/dzack_research/preamble/categories/sets/cardinals.py		unreviewed
preamble/categories/sets/cardinals.py	Cardinalities.ParentMethods.is_uncountably_infinite	method	706	1	src/dzack_research/preamble/categories/sets/cardinals.py		unreviewed
preamble/categories/sets/cardinals.py	Cardinalities.ParentMethods.aleph_index	method	709	1	src/dzack_research/preamble/categories/sets/cardinals.py		unreviewed
preamble/categories/sets/cardinals.py	Cardinalities.ParentMethods.initial_ordinal	method	716	1	src/dzack_research/preamble/categories/sets/cardinals.py		unreviewed
preamble/categories/sets/cardinals.py	Cardinalities.ParentMethods.finite_value	method	722	1	src/dzack_research/preamble/categories/sets/cardinals.py		unreviewed
preamble/categories/sets/cardinals.py	cardinal	function	782	1	src/dzack_research/preamble/categories/sets/cardinals.py		unreviewed
preamble/categories/sets/cardinals.py	aleph	function	810	1	src/dzack_research/preamble/categories/sets/cardinals.py		unreviewed
preamble/categories/sets/ordinals.py	<module>	module	1	0			unreviewed
preamble/categories/sets/ordinals.py	OrdinalSemirings	class	87	1	src/dzack_research/preamble/categories/sets/cardinals.py		unreviewed
preamble/categories/sets/ordinals.py	OrdinalSemirings.super_categories	method	96	99			unreviewed
preamble/categories/sets/ordinals.py	OrdinalSemirings.ParentMethods	class	99	89			unreviewed
preamble/categories/sets/ordinals.py	OrdinalSemirings.ParentMethods.zero	method	120	29			unreviewed
preamble/categories/sets/ordinals.py	OrdinalSemirings.ParentMethods.one	method	123	24			unreviewed
preamble/categories/sets/ordinals.py	OrdinalSemirings.ParentMethods.initial	method	126	1	src/dzack_research/preamble/categories/sets/cardinals.py		unreviewed
preamble/categories/sets/ordinals.py	OrdinalSemirings.ParentMethods.natural_sum	method	130	1	src/dzack_research/preamble/categories/sets/cardinals.py		unreviewed
preamble/categories/sets/ordinals.py	OrdinalSemirings.ParentMethods.natural_product	method	150	1	src/dzack_research/preamble/categories/sets/cardinals.py		unreviewed
preamble/categories/sets/ordinals.py	OrdinalSemirings.ParentMethods.proves_le	method	183	1	src/dzack_research/preamble/categories/sets/cardinals.py		unreviewed
preamble/categories/sets/ordinals.py	OrdinalSemirings.ElementMethods	class	205	25			unreviewed
preamble/categories/sets/ordinals.py	OrdinalSemirings.ElementMethods.expression	method	214	3			unreviewed
preamble/categories/sets/ordinals.py	OrdinalSemirings.ElementMethods.ordinal_sum	method	254	1	src/dzack_research/preamble/categories/sets/cardinals.py		unreviewed
preamble/categories/sets/ordinals.py	OrdinalSemirings.ElementMethods.ordinal_product	method	269	1	src/dzack_research/preamble/categories/sets/cardinals.py		unreviewed
preamble/categories/sets/ordinals.py	OrdinalSemirings.ElementMethods.ordinal_power	method	286	1	src/dzack_research/preamble/categories/sets/cardinals.py		unreviewed
preamble/categories/sets/ordinals.py	OrdinalSemirings.ElementMethods.is_initial	method	307	1	src/dzack_research/preamble/categories/sets/cardinals.py		unreviewed
preamble/categories/sets/ordinals.py	OrdinalSemirings.ElementMethods.initial_index	method	310	1	src/dzack_research/preamble/categories/sets/cardinals.py		unreviewed
preamble/categories/sets/ordinals.py	OrdinalSemirings.ElementMethods.cardinality	method	316	28			unreviewed
preamble/categories/sets/ordinals.py	Ordinals	function	376	1	src/dzack_research/preamble/categories/sets/cardinals.py		unreviewed
preamble/categories/sets/ordinals.py	ordinal	function	381	1	src/dzack_research/preamble/categories/sets/cardinals.py		unreviewed
preamble/categories/sets/ordinals.py	omega	function	385	1	src/dzack_research/preamble/categories/sets/cardinals.py		unreviewed
preamble/categories/sets/owned_sets.py	<module>	module	1	0			unreviewed
preamble/categories/sets/owned_sets.py	register_set_axioms	function	111	1	src/dzack_research/preamble/categories/sets/set_categories.py		unreviewed
preamble/categories/sets/owned_sets.py	SetSubcategoryMethods	class	125	1	src/dzack_research/preamble/categories/sets/set_categories.py		unreviewed
preamble/categories/sets/owned_sets.py	SetSubcategoryMethods.Countable	method	130	1	src/dzack_research/preamble/categories/sets/set_categories.py		unreviewed
preamble/categories/sets/owned_sets.py	SetSubcategoryMethods.Uncountable	method	137	1	src/dzack_research/preamble/categories/sets/set_categories.py		unreviewed
preamble/categories/sets/owned_sets.py	SetSubcategoryMethods.PartiallyOrdered	method	146	1	src/dzack_research/preamble/categories/sets/set_categories.py		unreviewed
preamble/categories/sets/owned_sets.py	SetSubcategoryMethods.TotallyOrdered	method	151	1	src/dzack_research/preamble/categories/sets/set_categories.py		unreviewed
preamble/categories/sets/owned_sets.py	SetSubcategoryMethods.ProductFunctor	method	157	1	src/dzack_research/preamble/categories/abstract_categories/functors.py		unreviewed
preamble/categories/sets/owned_sets.py	SetSubcategoryMethods.CoproductFunctor	method	168	1	src/dzack_research/preamble/categories/abstract_categories/functors.py		unreviewed
preamble/categories/sets/owned_sets.py	SetSubcategoryMethods.ExponentialFunctor	method	179	1	src/dzack_research/preamble/categories/functors/set_constructions.py		unreviewed
preamble/categories/sets/owned_sets.py	SetSubcategoryMethods.Exponentials	method	184	0			unreviewed
preamble/categories/sets/owned_sets.py	SetSubcategoryMethods.InverseImagePowerSetFunctor	method	188	1	src/dzack_research/preamble/categories/functors/set_constructions.py		unreviewed
preamble/categories/sets/owned_sets.py	SetSubcategoryMethods.PowerSets	method	195	1	src/dzack_research/preamble/categories/sets/set_categories.py		unreviewed
preamble/categories/sets/owned_sets.py	SetSubcategoryMethods.FinitePowerSetFunctor	method	199	1	src/dzack_research/preamble/categories/functors/set_constructions.py		unreviewed
preamble/categories/sets/owned_sets.py	SetSubcategoryMethods.FinitePowerSets	method	204	1	src/dzack_research/preamble/categories/sets/set_categories.py		unreviewed
preamble/categories/sets/owned_sets.py	SetSubcategoryMethods.FixedCardinalitySubsetFunctor	method	208	1	src/dzack_research/preamble/categories/functors/set_constructions.py		unreviewed
preamble/categories/sets/owned_sets.py	SetSubcategoryMethods.FixedCardinalitySubsets	method	218	0			unreviewed
preamble/categories/sets/owned_sets.py	SetSubcategoryMethods.CardinalityFunctor	method	222	1	src/dzack_research/preamble/categories/functors/cardinality.py		unreviewed
preamble/categories/sets/owned_sets.py	Sets	class	230	1	src/dzack_research/preamble/categories/sets/set_categories.py		unreviewed
preamble/categories/sets/owned_sets.py	Sets.super_categories	method	244	99			unreviewed
preamble/categories/sets/owned_sets.py	Sets._Products.ParentMethods	class	270	89			unreviewed
preamble/categories/sets/owned_sets.py	Sets._Products.ElementMethods	class	392	25			unreviewed
preamble/categories/sets/owned_sets.py	Sets._Coproducts.ParentMethods	class	452	89			unreviewed
preamble/categories/sets/owned_sets.py	Sets._Coproducts.ElementMethods	class	545	25			unreviewed
preamble/categories/sets/owned_sets.py	Sets._HomCategory.ParentMethods	class	580	89			unreviewed
preamble/categories/sets/owned_sets.py	Sets._HomCategory.ElementMethods	class	626	25			unreviewed
preamble/categories/sets/owned_sets.py	Sets._IsoCategory.ParentMethods	class	691	89			unreviewed
preamble/categories/sets/owned_sets.py	Sets._IsoCategory.ElementMethods	class	719	25			unreviewed
preamble/categories/sets/owned_sets.py	Sets._MonoCategory.ElementMethods	class	726	25			unreviewed
preamble/categories/sets/owned_sets.py	Sets._EpiCategory.ElementMethods	class	880	25			unreviewed
preamble/categories/sets/owned_sets.py	Sets.ElementMethods	class	884	25			unreviewed
preamble/categories/sets/owned_sets.py	Sets.ParentMethods	class	897	89			unreviewed
preamble/categories/sets/owned_sets.py	Sets.ParentMethods.cardinality	method	924	28			unreviewed
preamble/categories/sets/owned_sets.py	Sets.ParentMethods.is_finite	method	936	12			unreviewed
preamble/categories/sets/owned_sets.py	Sets.ParentMethods.is_infinite	method	939	1	src/dzack_research/preamble/categories/sets/cardinals.py		unreviewed
preamble/categories/sets/owned_sets.py	Sets.ParentMethods.is_countable	method	942	1	src/dzack_research/preamble/categories/sets/cardinals.py		unreviewed
preamble/categories/sets/owned_sets.py	Sets.ParentMethods.is_uncountable	method	953	1	src/dzack_research/preamble/categories/sets/cardinals.py		unreviewed
preamble/categories/sets/owned_sets.py	Sets.ParentMethods.exponential	method	957	1	src/dzack_research/preamble/categories/sets/set_categories.py		unreviewed
preamble/categories/sets/owned_sets.py	Sets.ParentMethods.power_set	method	968	1	src/dzack_research/preamble/categories/sets/set_categories.py		unreviewed
preamble/categories/sets/owned_sets.py	Sets.ParentMethods.subsets_of_size	method	974	1	src/dzack_research/preamble/categories/sets/set_categories.py		unreviewed
preamble/categories/sets/owned_sets.py	Sets.ParentMethods.finite_subsets	method	980	1	src/dzack_research/preamble/categories/sets/set_categories.py		unreviewed
preamble/categories/sets/owned_sets.py	FinitelySupportedFunctionSets	class	995	1	src/dzack_research/preamble/categories/sets/set_categories.py		unreviewed
preamble/categories/sets/owned_sets.py	FinitelySupportedFunctionSets.super_categories	method	1012	99			unreviewed
preamble/categories/sets/owned_sets.py	FinitelySupportedFunctionSets.ParentMethods	class	1019	89			unreviewed
preamble/categories/sets/owned_sets.py	FinitelySupportedFunctionSets.ParentMethods.index_set	method	1054	7			unreviewed
preamble/categories/sets/owned_sets.py	FinitelySupportedFunctionSets.ParentMethods.value_set	method	1057	0			unreviewed
preamble/categories/sets/owned_sets.py	FinitelySupportedFunctionSets.ParentMethods.basepoint	method	1060	0			unreviewed
preamble/categories/sets/owned_sets.py	FinitelySupportedFunctionSets.ParentMethods.cardinality	method	1099	28			unreviewed
preamble/categories/sets/owned_sets.py	FiniteSets	class	1109	1	src/dzack_research/preamble/categories/sets/set_categories.py		unreviewed
preamble/categories/sets/owned_sets.py	FiniteSets.extra_super_categories	method	1115	2			unreviewed
preamble/categories/sets/owned_sets.py	FiniteSets.ParentMethods	class	1137	89			unreviewed
preamble/categories/sets/owned_sets.py	FiniteSets.ParentMethods.symmetric_group	method	1142	0			unreviewed
preamble/categories/sets/owned_sets.py	InfiniteSets	class	1182	1	src/dzack_research/preamble/categories/sets/set_categories.py		unreviewed
preamble/categories/sets/owned_sets.py	CountableSets	class	1190	1	src/dzack_research/preamble/categories/sets/set_categories.py		unreviewed
preamble/categories/sets/owned_sets.py	CountableSets.ParentMethods	class	1208	89			unreviewed
preamble/categories/sets/owned_sets.py	CountableSets.ParentMethods.position	method	1248	1	src/dzack_research/preamble/categories/modules/framed/framed_free_modules.py		unreviewed
preamble/categories/sets/owned_sets.py	CountableSets.ParentMethods.enumeration_injection	method	1257	0			unreviewed
preamble/categories/sets/owned_sets.py	CountableSets.ParentMethods.is_countable	method	1275	1	src/dzack_research/preamble/categories/sets/cardinals.py		unreviewed
preamble/categories/sets/owned_sets.py	CountableSets.ParentMethods.is_uncountable	method	1278	1	src/dzack_research/preamble/categories/sets/cardinals.py		unreviewed
preamble/categories/sets/owned_sets.py	CountablyInfiniteSets	class	1282	1	src/dzack_research/preamble/categories/sets/set_categories.py		unreviewed
preamble/categories/sets/owned_sets.py	CountablyInfiniteSets.ParentMethods	class	1288	89			unreviewed
preamble/categories/sets/owned_sets.py	CountablyInfiniteSets.ParentMethods.cardinality	method	1289	28			unreviewed
preamble/categories/sets/owned_sets.py	UncountableSets	class	1297	1	src/dzack_research/preamble/categories/sets/set_categories.py		unreviewed
preamble/categories/sets/owned_sets.py	UncountableSets.extra_super_categories	method	1303	2			unreviewed
preamble/categories/sets/owned_sets.py	UncountableSets.ParentMethods	class	1306	89			unreviewed
preamble/categories/sets/owned_sets.py	UncountableSets.ParentMethods.is_countable	method	1307	1	src/dzack_research/preamble/categories/sets/cardinals.py		unreviewed
preamble/categories/sets/owned_sets.py	UncountableSets.ParentMethods.is_uncountable	method	1310	1	src/dzack_research/preamble/categories/sets/cardinals.py		unreviewed
preamble/categories/sets/owned_sets.py	PosetTikz	class	1314	0			unreviewed
preamble/categories/sets/owned_sets.py	PosetTikz.tikz_code	method	1367	0			unreviewed
preamble/categories/sets/owned_sets.py	PartiallyOrderedSets	class	1591	1	src/dzack_research/preamble/categories/sets/set_categories.py		unreviewed
preamble/categories/sets/owned_sets.py	PartiallyOrderedSets._HomCategory.ParentMethods	class	1599	89			unreviewed
preamble/categories/sets/owned_sets.py	PartiallyOrderedSets._HomCategory.ElementMethods	class	1608	25			unreviewed
preamble/categories/sets/owned_sets.py	PartiallyOrderedSets.ParentMethods	class	1643	89			unreviewed
preamble/categories/sets/owned_sets.py	PartiallyOrderedSets.ParentMethods.hasse_layout	method	1644	0			unreviewed
preamble/categories/sets/owned_sets.py	PartiallyOrderedSets.ParentMethods.hasse_tikz	method	1649	0			unreviewed
preamble/categories/sets/owned_sets.py	PartiallyOrderedSets.ParentMethods.tikz	method	1657	0			unreviewed
preamble/categories/sets/owned_sets.py	install_poset_display	function	1685	0			unreviewed
preamble/categories/sets/owned_sets.py	TotallyOrderedSets	class	1707	1	src/dzack_research/preamble/categories/sets/set_categories.py		unreviewed
preamble/categories/sets/owned_sets.py	TotallyOrderedSets.extra_super_categories	method	1712	2			unreviewed
preamble/categories/sets/owned_sets.py	placement_of	function	1726	1	src/dzack_research/preamble/categories/sets/set_categories.py		unreviewed
preamble/categories/sets/sets.sage	<module>	module	1	0			unreviewed
preamble/categories/sets/sets.sage	Set	function	69	2			unreviewed
preamble/categories/sets/sets.sage	ConditionSet	function	87	2			unreviewed
preamble/categories/sets/sets.sage	ImageSet	function	97	2			unreviewed
preamble/categories/sets/sets.sage	ObjectSetFunctor	class	168	1	src/dzack_research/preamble/categories/abstract_categories/functors.py		unreviewed
preamble/categories/sets/sets.sage	CartesianProductFunctor	class	187	1	src/dzack_research/preamble/categories/abstract_categories/functors.py		unreviewed
preamble/categories/sets/sets.sage	DisjointUnionFunctor	class	209	1	src/dzack_research/preamble/categories/abstract_categories/functors.py		unreviewed
preamble/categories/sets/sets.sage	ExponentialFunctor	class	231	1	src/dzack_research/preamble/categories/functors/set_constructions.py		unreviewed
preamble/categories/sets/sets.sage	InverseImagePowerSetFunctor	class	266	1	src/dzack_research/preamble/categories/functors/set_constructions.py		unreviewed
preamble/categories/sets/sets.sage	FinitePowerSetFunctor	class	290	1	src/dzack_research/preamble/categories/functors/set_constructions.py		unreviewed
preamble/categories/sets/sets.sage	FinitePowerSetFunctor.image_cardinality	method	299	0			unreviewed
preamble/categories/sets/sets.sage	FixedCardinalitySubsetFunctor	class	331	1	src/dzack_research/preamble/categories/functors/set_constructions.py		unreviewed
preamble/categories/sets/sets.sage	FixedCardinalitySubsetFunctor.subset_cardinality	method	340	2			unreviewed
preamble/categories/sets/sets.sage	FixedCardinalitySubsetFunctor.image_cardinality	method	346	0			unreviewed
preamble/categories/sets/sets.sage	CartesianProductOfFamily	function	384	1	src/dzack_research/preamble/categories/sets/set_categories.py		unreviewed
preamble/categories/sets/sets.sage	CartesianProductOfSets	function	394	1	src/dzack_research/preamble/categories/sets/set_categories.py		unreviewed
preamble/categories/sets/sets.sage	CartesianProductMorphismOfFamily	function	404	0			unreviewed
preamble/categories/sets/sets.sage	cartesian_product_morphism	function	428	0			unreviewed
preamble/categories/sets/sets.sage	CoproductOfFamily	function	438	1	src/dzack_research/preamble/categories/sets/set_categories.py		unreviewed
preamble/categories/sets/sets.sage	CoproductOfSets	function	448	1	src/dzack_research/preamble/categories/sets/set_categories.py		unreviewed
preamble/categories/sets/sets.sage	CoproductMorphismOfFamily	function	458	0			unreviewed
preamble/categories/sets/sets.sage	coproduct_morphism	function	478	0			unreviewed
preamble/categories/sets/sets.sage	ObjectSetsOfDiscreteCategories	class	488	0			unreviewed
preamble/categories/sets/sets.sage	ObjectSetsOfDiscreteCategories.super_categories	method	494	99			unreviewed
preamble/categories/sets/sets.sage	ObjectSetsOfDiscreteCategories.ParentMethods	class	500	89			unreviewed
preamble/categories/sets/sets.sage	ObjectSetsOfDiscreteCategories.ParentMethods.discrete_category	method	501	1	src/dzack_research/preamble/categories/abstract_categories/functors.py		unreviewed
preamble/categories/sets/sets.sage	object_set_functor	function	519	0			unreviewed
preamble/categories/sets/sets.sage	ObjectSet	function	525	0			unreviewed
preamble/categories/sets/sets.sage	ExponentialsOfSets	class	531	0			unreviewed
preamble/categories/sets/sets.sage	ExponentialsOfSets.super_categories	method	534	99			unreviewed
preamble/categories/sets/sets.sage	ExponentialsOfSets.ParentMethods	class	540	89			unreviewed
preamble/categories/sets/sets.sage	ExponentialsOfSets.ParentMethods.base	method	541	6			unreviewed
preamble/categories/sets/sets.sage	ExponentialsOfSets.ParentMethods.exponent	method	544	2			unreviewed
preamble/categories/sets/sets.sage	ExponentialsOfSets.ParentMethods.hom_category	method	547	1	src/dzack_research/preamble/categories/abstract_categories/hom_categories.py		unreviewed
preamble/categories/sets/sets.sage	ExponentialsOfSets.ParentMethods.cardinality	method	559	28			unreviewed
preamble/categories/sets/sets.sage	ExponentialOfSets	function	574	1	src/dzack_research/preamble/categories/sets/set_categories.py		unreviewed
preamble/categories/sets/sets.sage	SubsetsOfSet	class	593	0			unreviewed
preamble/categories/sets/sets.sage	SubsetsOfSet.super_categories	method	606	99			unreviewed
preamble/categories/sets/sets.sage	PowerSets	class	622	1	src/dzack_research/preamble/categories/sets/set_categories.py		unreviewed
preamble/categories/sets/sets.sage	PowerSets.super_categories	method	634	99			unreviewed
preamble/categories/sets/sets.sage	PowerSets.ParentMethods	class	640	89			unreviewed
preamble/categories/sets/sets.sage	PowerSets.ParentMethods.base_set	method	643	1	src/dzack_research/preamble/categories/sets/set_categories.py		unreviewed
preamble/categories/sets/sets.sage	PowerSets.ParentMethods.characteristic_hom_category	method	646	0			unreviewed
preamble/categories/sets/sets.sage	PowerSets.ParentMethods.from_predicate	method	744	1	src/dzack_research/preamble/categories/sets/set_categories.py		unreviewed
preamble/categories/sets/sets.sage	PowerSets.ParentMethods.from_characteristic_morphism	method	751	1	src/dzack_research/preamble/categories/sets/set_categories.py		unreviewed
preamble/categories/sets/sets.sage	PowerSets.ParentMethods.top	method	765	2			unreviewed
preamble/categories/sets/sets.sage	PowerSets.ParentMethods.bottom	method	769	1	src/dzack_research/preamble/categories/sets/set_categories.py		unreviewed
preamble/categories/sets/sets.sage	PowerSets.ParentMethods.inverse_image_morphism	method	773	1	src/dzack_research/preamble/categories/sets/set_categories.py		unreviewed
preamble/categories/sets/sets.sage	PowerSets.ParentMethods.direct_image_morphism	method	788	1	src/dzack_research/preamble/categories/sets/set_categories.py		unreviewed
preamble/categories/sets/sets.sage	PowerSets.ParentMethods.cardinality	method	825	28			unreviewed
preamble/categories/sets/sets.sage	PowerSets.ParentMethods.cardinality_comparison	method	830	1	src/dzack_research/preamble/categories/sets/set_categories.py		unreviewed
preamble/categories/sets/sets.sage	FixedCardinalitySubsets	class	845	0			unreviewed
preamble/categories/sets/sets.sage	FixedCardinalitySubsets.super_categories	method	853	99			unreviewed
preamble/categories/sets/sets.sage	FixedCardinalitySubsets.ParentMethods	class	859	89			unreviewed
preamble/categories/sets/sets.sage	FixedCardinalitySubsets.ParentMethods.source	method	862	10			unreviewed
preamble/categories/sets/sets.sage	FixedCardinalitySubsets.ParentMethods.power_set	method	866	1	src/dzack_research/preamble/categories/sets/set_categories.py		unreviewed
preamble/categories/sets/sets.sage	FixedCardinalitySubsets.ParentMethods.cardinality	method	869	28			unreviewed
preamble/categories/sets/sets.sage	FixedCardinalitySubsets.ParentMethods.subset_cardinality	method	878	2			unreviewed
preamble/categories/sets/sets.sage	FinitePowerSets	class	941	1	src/dzack_research/preamble/categories/sets/set_categories.py		unreviewed
preamble/categories/sets/sets.sage	FinitePowerSets.super_categories	method	951	99			unreviewed
preamble/categories/sets/sets.sage	FinitePowerSets.ParentMethods	class	957	89			unreviewed
preamble/categories/sets/sets.sage	FinitePowerSets.ParentMethods.source	method	960	10			unreviewed
preamble/categories/sets/sets.sage	FinitePowerSets.ParentMethods.power_set	method	964	1	src/dzack_research/preamble/categories/sets/set_categories.py		unreviewed
preamble/categories/sets/sets.sage	FinitePowerSets.ParentMethods.cardinality	method	967	28			unreviewed
preamble/categories/sets/sets.sage	FinitePowerSets.ParentMethods.index	method	992	6			unreviewed
preamble/categories/sets/sets.sage	PowerSet	function	1028	1	src/dzack_research/preamble/categories/sets/set_categories.py		unreviewed
preamble/categories/sets/sets.sage	SubsetsOfSize	function	1039	1	src/dzack_research/preamble/categories/sets/set_categories.py		unreviewed
preamble/categories/sets/sets.sage	FiniteSubsets	function	1052	1	src/dzack_research/preamble/categories/sets/set_categories.py		unreviewed
preamble/categories/sets/sets.sage	finite_ordered_set	function	1065	1	src/dzack_research/preamble/categories/sets/finite_ordered_sets.py		unreviewed
preamble/categories/sets/sets.sage	ordered_set_owned_by	function	1120	0			unreviewed
preamble/coble.sage	<module>	module	1	0			unreviewed
preamble/coble.sage	Coble	class	56	1	src/dzack_research/preamble/coble.py		unreviewed
preamble/coble.sage	Coble.isotropic_vectors	method	64	2			unreviewed
preamble/coble.sage	Coble.isotropic_vectors_in_TEn	method	103	1	src/dzack_research/preamble/coble.py		unreviewed
preamble/coble.sage	Coble.isotropic_vectors_in_TdP	method	116	1	src/dzack_research/preamble/coble.py		unreviewed
preamble/coble.sage	Coble.rank_ten_coxeter_roots	method	130	1	src/dzack_research/preamble/coble.py		unreviewed
preamble/coble.sage	Coble.rank_ten_diagram	method	190	1	src/dzack_research/preamble/coble.py		unreviewed
preamble/display.py	<module>	module	1	0			unreviewed
preamble/display.py	typesets_itself	function	35	0			unreviewed
preamble/display.py	latex_if_typesettable	function	52	0			unreviewed
preamble/display.py	install_implicit_typesetting	function	59	0			unreviewed
preamble/init.sage	<module>	module	1	0			unreviewed
preamble/install.sage	<module>	module	1	0			unreviewed
preamble/install.sage	install_preamble	function	32	0			unreviewed
preamble/lexicon/__init__.py	<module>	module	1	0			unreviewed
preamble/lexicon/algebra.py	<module>	module	1	0			unreviewed
preamble/lexicon/foundations.py	<module>	module	1	0			unreviewed
preamble/lexicon/geometry.py	<module>	module	1	0			unreviewed
preamble/lexicon/interop.py	<module>	module	1	0			unreviewed
preamble/owned_category.py	<module>	module	1	0			unreviewed
preamble/owned_category.py	classes	binding	15	0			unreviewed
preamble/owned_category.py	itself	class	17	1	src/dzack_research/preamble/owned_category.py		unreviewed
preamble/owned_category.py	CatConstructionsMixin	class	193	1	src/dzack_research/preamble/owned_category.py		unreviewed
preamble/owned_category.py	declared_implementation_types	function	310	1	src/dzack_research/preamble/owned_category.py		unreviewed
preamble/owned_category.py	OwnedCategoryMixin	class	360	1	src/dzack_research/preamble/owned_category.py		unreviewed
preamble/owned_category.py	object_of	function	544	1	src/dzack_research/preamble/owned_category.py		unreviewed
preamble/owned_category.py	OwnedParent	class	580	1	src/dzack_research/preamble/owned_category.py		unreviewed
preamble/owned_category.py	OwnedParent.element_class	method	598	1	src/dzack_research/preamble/owned_category.py		unreviewed
preamble/owned_category.py	OwnedCategoryObject	class	635	1	src/dzack_research/preamble/owned_category.py		unreviewed
preamble/owned_category.py	OwnedCategoryObject.the	class	645	1	src/dzack_research/preamble/owned_category.py		unreviewed
preamble/owned_category.py	OwnedCategoryObject.category	method	692	2			unreviewed
preamble/owned_category_bases.py	<module>	module	1	0			unreviewed
preamble/owned_category_bases.py	Category	class	185	1	src/dzack_research/preamble/owned_category_bases.py		unreviewed
preamble/owned_category_bases.py	CategoryWithParameters	class	203	1	src/dzack_research/preamble/owned_category_bases.py		unreviewed
preamble/owned_category_bases.py	Category_singleton	class	213	1	src/dzack_research/preamble/owned_category_bases.py		unreviewed
preamble/owned_category_bases.py	CategoryWithAxiom	class	227	1	src/dzack_research/preamble/owned_category_bases.py		unreviewed
preamble/owned_category_bases.py	CategoryWithAxiom_singleton	class	237	1	src/dzack_research/preamble/owned_category_bases.py		unreviewed
preamble/owned_category_bases.py	CategoryWithAxiom_over_base_ring	class	254	1	src/dzack_research/preamble/owned_category_bases.py		unreviewed
preamble/owned_category_bases.py	Category_over_base	class	264	1	src/dzack_research/preamble/owned_category_bases.py		unreviewed
preamble/owned_category_bases.py	Category_over_base_ring	class	274	1	src/dzack_research/preamble/owned_category_bases.py		unreviewed
preamble/owned_category_bases.py	Category_module	class	284	1	src/dzack_research/preamble/owned_category_bases.py		unreviewed
preamble/owned_category_bases.py	Category_ideal	class	294	1	src/dzack_research/preamble/owned_category_bases.py		unreviewed
preamble/owned_category_bases.py	HomCategoryConstruction	class	304	2			unreviewed
preamble/owned_category_bases.py	HomCategoryConstruction.extra_super_categories	method	317	2			unreviewed
preamble/owned_category_bases.py	HomCategoryConstruction.Of	method	339	6			unreviewed
preamble/owned_category_bases.py	FunctorialConstructionCategory	class	395	1	src/dzack_research/preamble/owned_category_bases.py		unreviewed
preamble/owned_category_bases.py	CovariantConstructionCategory	class	415	1	src/dzack_research/preamble/owned_category_bases.py		unreviewed
preamble/owned_category_bases.py	RegressiveCovariantConstructionCategory	class	428	1	src/dzack_research/preamble/owned_category_bases.py		unreviewed
preamble/owned_category_bases.py	SubobjectsCategory	class	443	1	src/dzack_research/preamble/owned_category_bases.py		unreviewed
preamble/owned_category_bases.py	SubobjectsCategory.default_super_categories	method	449	1	src/dzack_research/preamble/owned_category_bases.py		unreviewed
preamble/owned_category_bases.py	SubobjectsCategory.ParentMethods	class	460	89			unreviewed
preamble/owned_category_bases.py	SubobjectsCategory.ParentMethods.inclusion	method	471	17			unreviewed
preamble/owned_category_bases.py	SubobjectsCategory.ParentMethods.lift	method	476	9			unreviewed
preamble/owned_category_bases.py	QuotientsCategory	class	481	1	src/dzack_research/preamble/owned_category_bases.py		unreviewed
preamble/owned_category_bases.py	SubquotientsCategory	class	491	1	src/dzack_research/preamble/owned_category_bases.py		unreviewed
preamble/owned_category_bases.py	IsomorphicObjectsCategory	class	501	1	src/dzack_research/preamble/owned_category_bases.py		unreviewed
preamble/owned_category_bases.py	RealizationsCategory	class	511	1	src/dzack_research/preamble/owned_category_bases.py		unreviewed
preamble/owned_category_bases.py	WithRealizationsCategory	class	521	1	src/dzack_research/preamble/owned_category_bases.py		unreviewed
preamble/owned_category_bases.py	DualObjectsCategory	class	531	1	src/dzack_research/preamble/owned_category_bases.py		unreviewed
preamble/owned_category_bases.py	TensorProductsCategory	class	541	1	src/dzack_research/preamble/owned_category_bases.py		unreviewed
preamble/owned_category_bases.py	AlgebrasCategory	class	551	1	src/dzack_research/preamble/owned_category_bases.py		unreviewed
preamble/owned_category_bases.py	FilteredModulesCategory	class	561	1	src/dzack_research/preamble/owned_category_bases.py		unreviewed
preamble/owned_category_bases.py	GradedModulesCategory	class	571	1	src/dzack_research/preamble/owned_category_bases.py		unreviewed
preamble/owned_category_bases.py	SuperModulesCategory	class	581	1	src/dzack_research/preamble/owned_category_bases.py		unreviewed
preamble/refine.sage	<module>	module	1	0			unreviewed
preamble/refine.sage	sage	binding	32	0			unreviewed
preamble/refine.sage	refine	function	505	1	src/dzack_research/preamble/refine.py		unreviewed
preamble/refine.sage	hook_post_init	function	566	0			unreviewed
preamble/refine.sage	hooked_classes	function	630	0			unreviewed
preamble/sterk.sage	<module>	module	1	0			unreviewed
preamble/sterk.sage	NOT_PORTED	binding	42	0			unreviewed
preamble/sterk.sage	Sterk	class	146	1	src/dzack_research/preamble/sterk.py		unreviewed
preamble/sterk.sage	Sterk.roots_18_2_0	method	154	1	src/dzack_research/preamble/sterk.py		unreviewed
preamble/sterk.sage	Sterk.roots_18_0_0	method	192	1	src/dzack_research/preamble/sterk.py		unreviewed
preamble/sterk.sage	Sterk.sterk_roots	method	227	1	src/dzack_research/preamble/sterk.py		unreviewed
preamble/sterk.sage	Sterk.selected_isotropic_vectors	method	334	1	src/dzack_research/preamble/sterk.py		unreviewed
preamble/sterk.sage	Sterk.sterk5_in_U_E8_2	method	359	1	src/dzack_research/preamble/sterk.py		unreviewed
preamble/sterk.sage	Sterk.sterks_in_ten	method	394	0			unreviewed
preamble/sterk.sage	Sterk.isotropic_vectors	method	425	2			unreviewed
preamble/sterk.sage	SterkDiagrams	class	457	0			unreviewed
preamble/symbols.py	<module>	module	1	0			unreviewed
preamble/symbols.py	import_statement_for	function	36	0			unreviewed
preamble/symbols.py	synthetic_imports	function	63	0			unreviewed
preamble/tests/conftest.py	<module>	module	1	0			unreviewed
preamble/tests/coxeter_tdd_specs/conftest.py	<module>	module	1	0			unreviewed
preamble/tests/coxeter_tdd_specs/conftest.py	test_data_dir	specimen	22	0			unreviewed
preamble/tests/coxeter_tdd_specs/conftest.py	expected_finite_orders	function	28	0			unreviewed
preamble/tests/coxeter_tdd_specs/fixtures/__init__.py	<module>	module	1	0			unreviewed
preamble/tests/coxeter_tdd_specs/integration/test_constructor_integration.sage	<module>	module	1	0			unreviewed
preamble/tests/coxeter_tdd_specs/integration/test_constructor_integration.sage	FINITE_CRYSTALLOGRAPHIC_SCHLAEFLIANS	binding	48	0			unreviewed
preamble/tests/coxeter_tdd_specs/integration/test_constructor_integration.sage	ENUMERABLE_ORDERS	binding	66	0			unreviewed
preamble/tests/coxeter_tdd_specs/integration/test_constructor_integration.sage	test_the_cartan_type_and_its_rooted_realization_agree_on_rank_and_gram	specimen	76	0			unreviewed
preamble/tests/coxeter_tdd_specs/integration/test_constructor_integration.sage	test_a_rooted_diagram_is_recovered_from_its_own_roots	specimen	98	0			unreviewed
preamble/tests/coxeter_tdd_specs/integration/test_constructor_integration.sage	test_the_coxeter_group_of_a3_is_the_symmetric_group_on_four_letters	specimen	120	0			unreviewed
preamble/tests/coxeter_tdd_specs/integration/test_constructor_integration.sage	test_every_construction_path_reaches_the_same_c3_diagram	specimen	135	0			unreviewed
preamble/tests/coxeter_tdd_specs/integration/test_constructor_integration.sage	test_rank_is_one_number_across_diagram_lattice_and_group	specimen	159	0			unreviewed
preamble/tests/coxeter_tdd_specs/integration/test_constructor_integration.sage	test_finite_crystallographic_types_are_elliptic_of_the_tabulated_schlaeflian	specimen	176	0			unreviewed
preamble/tests/coxeter_tdd_specs/integration/test_constructor_integration.sage	test_the_diagrams_coxeter_group_has_the_tabulated_order	specimen	200	0			unreviewed
preamble/tests/coxeter_tdd_specs/integration/test_constructor_integration.sage	test_the_schlaeflian_sign_separates_elliptic_from_parabolic	specimen	216	0			unreviewed
preamble/tests/coxeter_tdd_specs/literature/tools/webpage_to_markdown.py	<module>	module	1	0			unreviewed
preamble/tests/coxeter_tdd_specs/literature/tools/webpage_to_markdown.py	fetch_and_convert	function	11	0			unreviewed
preamble/tests/coxeter_tdd_specs/run_tests.py	<module>	module	1	0			unreviewed
preamble/tests/coxeter_tdd_specs/run_tests.py	run_pytest_command	function	26	0			unreviewed
preamble/tests/coxeter_tdd_specs/run_tests.py	main	function	33	0			unreviewed
preamble/tests/coxeter_tdd_specs/run_tests.py	show_test_summary	function	213	0			unreviewed
preamble/tests/coxeter_tdd_specs/run_tests.py	show_markers	function	241	0			unreviewed
preamble/tests/coxeter_tdd_specs/sage_verification/test_sage_delegation.sage	<module>	module	1	0			unreviewed
preamble/tests/coxeter_tdd_specs/sage_verification/test_sage_delegation.sage	FINITE_INVARIANTS	binding	49	0			unreviewed
preamble/tests/coxeter_tdd_specs/sage_verification/test_sage_delegation.sage	ENUMERABLE_TYPES	binding	74	0			unreviewed
preamble/tests/coxeter_tdd_specs/sage_verification/test_sage_delegation.sage	test_the_schlafli_matrix_is_the_literature_sign_and_the_root_gram_its_negative	specimen	84	0			unreviewed
preamble/tests/coxeter_tdd_specs/sage_verification/test_sage_delegation.sage	test_the_schlaflian_of_each_finite_family_matches_the_published_table	specimen	112	0			unreviewed
preamble/tests/coxeter_tdd_specs/sage_verification/test_sage_delegation.sage	test_the_dihedral_schlaflian_is_four_sine_squared_and_stays_algebraic	specimen	138	0			unreviewed
preamble/tests/coxeter_tdd_specs/sage_verification/test_sage_delegation.sage	test_a_parallel_pair_has_the_schlafli_entry_minus_two	specimen	172	0			unreviewed
preamble/tests/coxeter_tdd_specs/sage_verification/test_sage_delegation.sage	test_the_root_lattice_determinant_carries_the_convention_sign	specimen	189	0			unreviewed
preamble/tests/coxeter_tdd_specs/sage_verification/test_sage_delegation.sage	test_the_schlaflian_of_a_family_as_a_function_of_rank	specimen	213	0			unreviewed
preamble/tests/coxeter_tdd_specs/sage_verification/test_sage_delegation.sage	test_the_finite_coxeter_groups_have_their_published_orders	specimen	231	0			unreviewed
preamble/tests/coxeter_tdd_specs/sage_verification/test_sage_delegation.sage	test_the_large_exceptional_orders_come_from_the_degrees	specimen	246	0			unreviewed
preamble/tests/coxeter_tdd_specs/sage_verification/test_sage_delegation.sage	test_the_longest_element_has_one_reflection_per_positive_root	specimen	271	0			unreviewed
preamble/tests/coxeter_tdd_specs/sage_verification/test_sage_delegation.sage	test_a_root_lattice_knows_its_roots_its_positive_roots_and_its_height	specimen	288	0			unreviewed
preamble/tests/coxeter_tdd_specs/sage_verification/test_sage_delegation.sage	test_every_finite_type_is_elliptic_and_its_affine_extension_parabolic	specimen	314	0			unreviewed
preamble/tests/coxeter_tdd_specs/sage_verification/test_sage_delegation.sage	test_the_exceptional_dihedral_isomorphisms_are_visible_in_the_bonds	specimen	336	0			unreviewed
preamble/tests/coxeter_tdd_specs/sage_verification/test_sage_delegation.sage	test_the_non_simply_laced_root_lattices_are_named_specimens	specimen	367	0			unreviewed
preamble/tests/coxeter_tdd_specs/sage_verification/test_sage_delegation.sage	test_the_icosahedral_root_systems_are_form_modules_over_the_golden_ring	specimen	389	0			unreviewed
preamble/tests/coxeter_tdd_specs/system/test_classification_examples.sage	<module>	module	1	0			unreviewed
preamble/tests/coxeter_tdd_specs/system/test_classification_examples.sage	CLASSICAL_TYPES	binding	52	0			unreviewed
preamble/tests/coxeter_tdd_specs/system/test_classification_examples.sage	FAMILY_SCHLAEFLIAN	binding	63	0			unreviewed
preamble/tests/coxeter_tdd_specs/system/test_classification_examples.sage	EXCEPTIONAL_TYPES	binding	75	0			unreviewed
preamble/tests/coxeter_tdd_specs/system/test_classification_examples.sage	EXCEPTIONAL_ORDERS	binding	91	0			unreviewed
preamble/tests/coxeter_tdd_specs/system/test_classification_examples.sage	test_classical_finite_types_are_elliptic_of_the_tabulated_schlaeflian	specimen	137	0			unreviewed
preamble/tests/coxeter_tdd_specs/system/test_classification_examples.sage	test_exceptional_finite_types_are_elliptic_of_the_tabulated_rank	specimen	159	0			unreviewed
preamble/tests/coxeter_tdd_specs/system/test_classification_examples.sage	test_exceptional_finite_groups_have_the_tabulated_order	specimen	181	0			unreviewed
preamble/tests/coxeter_tdd_specs/system/test_classification_examples.sage	test_affine_types_are_parabolic_with_a_vanishing_schlaeflian	specimen	194	0			unreviewed
preamble/tests/coxeter_tdd_specs/system/test_classification_examples.sage	test_the_a2_schlaefli_matrix_is_the_negative_of_this_repositorys_gram_matrix	specimen	223	0			unreviewed
preamble/tests/coxeter_tdd_specs/system/test_classification_examples.sage	test_the_rank_two_schlaeflian_is_four_sine_squared	specimen	273	0			unreviewed
preamble/tests/coxeter_tdd_specs/system/test_classification_examples.sage	test_the_two_three_seven_triangle_is_a_lanner_simplex	specimen	293	0			unreviewed
preamble/tests/coxeter_tdd_specs/system/test_classification_examples.sage	test_the_three_infinity_triangle_is_quasi_lanner	specimen	338	0			unreviewed
preamble/tests/coxeter_tdd_specs/system/test_literature_examples.sage	<module>	module	1	0			unreviewed
preamble/tests/coxeter_tdd_specs/system/test_literature_examples.sage	test_bracket_notation_names_a_finite_group_of_the_tabulated_order	specimen	72	0			unreviewed
preamble/tests/coxeter_tdd_specs/system/test_literature_examples.sage	test_the_two_orderings_of_the_rank_three_double_bond_are_one_group	specimen	85	0			unreviewed
preamble/tests/coxeter_tdd_specs/system/test_literature_examples.sage	test_a_schlafli_symbol_names_a_polytope_whose_symmetry_group_is_its_coxeter_group	specimen	113	0			unreviewed
preamble/tests/coxeter_tdd_specs/system/test_literature_examples.sage	test_the_coxeter_presentation_presents_the_coxeter_group	specimen	139	0			unreviewed
preamble/tests/coxeter_tdd_specs/system/test_literature_examples.sage	test_the_weyl_group_of_type_a_is_the_symmetric_group	specimen	164	0			unreviewed
preamble/tests/coxeter_tdd_specs/system/test_literature_examples.sage	test_the_weyl_groups_of_types_b_and_c_coincide	specimen	178	0			unreviewed
preamble/tests/coxeter_tdd_specs/system/test_literature_examples.sage	test_diagram_invariants_match_the_literature	specimen	211	0			unreviewed
preamble/tests/coxeter_tdd_specs/system/test_literature_examples.sage	test_the_weyl_orders_of_the_small_diagram_invariant_rows	specimen	228	0			unreviewed
preamble/tests/coxeter_tdd_specs/system/test_literature_examples.sage	test_the_extended_diagrams_are_the_affine_roster	specimen	253	0			unreviewed
preamble/tests/coxeter_tdd_specs/test_index.py	<module>	module	1	0			unreviewed
preamble/tests/coxeter_tdd_specs/test_index.py	analyze_test_file	function	15	0			unreviewed
preamble/tests/coxeter_tdd_specs/test_index.py	generate_test_index	function	64	0			unreviewed
preamble/tests/coxeter_tdd_specs/unit/test_gram_matrices.sage	<module>	module	1	0			unreviewed
preamble/tests/coxeter_tdd_specs/unit/test_gram_matrices.sage	test_a2_determinant_signature_and_discriminant	specimen	33	0			unreviewed
preamble/tests/coxeter_tdd_specs/unit/test_gram_matrices.sage	test_a2_eigenvalues_are_the_negatives_of_the_schlafli_eigenvalues	specimen	51	0			unreviewed
preamble/tests/coxeter_tdd_specs/unit/test_gram_matrices.sage	test_a_series_ranks_and_determinants	specimen	66	0			unreviewed
preamble/tests/coxeter_tdd_specs/unit/test_gram_matrices.sage	test_elliptic_diagrams_are_negative_definite	specimen	81	0			unreviewed
preamble/tests/coxeter_tdd_specs/unit/test_gram_matrices.sage	test_affine_a2_root_gram_matrix_is_singular_and_the_diagram_is_parabolic	specimen	98	0			unreviewed
preamble/tests/coxeter_tdd_specs/unit/test_gram_matrices.sage	test_affine_a2_root_lattice_has_signature_zero_two_one	specimen	128	0			unreviewed
preamble/tests/coxeter_tdd_specs/unit/test_gram_matrices.sage	test_a_hyperbolic_edge_has_negative_determinant_and_mixed_signature	specimen	144	0			unreviewed
preamble/tests/coxeter_tdd_specs/unit/test_gram_matrices.sage	test_triangle_group_333_is_the_a2_schlafli_matrix	specimen	165	0			unreviewed
preamble/tests/coxeter_tdd_specs/unit/test_gram_matrices.sage	test_square_group_is_the_dihedral_group_of_order_eight	specimen	181	0			unreviewed
preamble/tests/coxeter_tdd_specs/unit/test_gram_matrices.sage	test_a_gram_matrix_must_be_symmetric	specimen	198	0			unreviewed
preamble/tests/coxeter_tdd_specs/unit/test_gram_matrices.sage	test_an_integral_lattice_must_have_integral_gram_entries	specimen	208	0			unreviewed
preamble/tests/coxeter_tdd_specs/unit/test_matrix_construction.sage	<module>	module	1	0			unreviewed
preamble/tests/coxeter_tdd_specs/unit/test_matrix_construction.sage	test_a2_root_gram_matrix_is_two_cosine_of_the_coxeter_angles	specimen	28	0			unreviewed
preamble/tests/coxeter_tdd_specs/unit/test_matrix_construction.sage	test_root_gram_matrix_is_the_negated_schlafli_matrix	specimen	49	0			unreviewed
preamble/tests/coxeter_tdd_specs/unit/test_matrix_construction.sage	test_commuting_roots_give_a_zero_entry_and_two_components	specimen	67	0			unreviewed
preamble/tests/coxeter_tdd_specs/unit/test_matrix_construction.sage	test_parallel_mirrors_give_the_entry_two_and_a_degenerate_form	specimen	89	0			unreviewed
preamble/tests/coxeter_tdd_specs/unit/test_matrix_construction.sage	test_a1_is_the_rank_one_diagram	specimen	111	0			unreviewed
preamble/tests/coxeter_tdd_specs/unit/test_matrix_construction.sage	test_b3_root_gram_matrix_is_symmetric_with_one_double_bond	specimen	126	0			unreviewed
preamble/tests/coxeter_tdd_specs/unit/test_matrix_construction.sage	test_diagram_roots_have_negative_square	specimen	145	0			unreviewed
preamble/tests/framework/__init__.py	<module>	module	1	0			unreviewed
preamble/tests/framework/conftest.py	<module>	module	1	0			unreviewed
preamble/tests/framework/conftest.py	projective_framework	function	11	0			unreviewed
preamble/tests/framework/projective_framework_loader.py	<module>	module	1	0			unreviewed
preamble/tests/framework/projective_framework_loader.py	NotebookNamespace	binding	18	0			unreviewed
preamble/tests/framework/projective_framework_loader.py	load_projective_framework	function	40	0			unreviewed
preamble/tests/framework/scenario_manifest.sage	<module>	module	1	0			unreviewed
preamble/tests/framework/scenario_manifest.sage	SCENARIO_MANIFEST	binding	8	0			unreviewed
preamble/tests/framework/test_base_change_and_bundles.sage	<module>	module	1	0			unreviewed
preamble/tests/framework/test_base_change_and_bundles.sage	test_projection_pullback_matches_multiindices	specimen	6	0			unreviewed
preamble/tests/framework/test_base_change_and_bundles.sage	test_identity_base_change_is_faithful_on_schemes_and_bundles	specimen	25	0			unreviewed
preamble/tests/framework/test_blowups_and_non_toric_families.sage	<module>	module	1	0			unreviewed
preamble/tests/framework/test_blowups_and_non_toric_families.sage	test_affine_tensored_product_backbone_is_non_toric_affine	specimen	6	0			unreviewed
preamble/tests/framework/test_blowups_and_non_toric_families.sage	test_projective_and_affine_base_change_products	specimen	16	0			unreviewed
preamble/tests/framework/test_chow_cohomology_intersections.sage	<module>	module	1	0			unreviewed
preamble/tests/framework/test_chow_cohomology_intersections.sage	test_product_chow_pairing_and_self_intersection	specimen	6	0			unreviewed
preamble/tests/framework/test_chow_cohomology_intersections.sage	test_bundle_cohomology_dimensions_match_expected_formula	specimen	22	0			unreviewed
preamble/tests/framework/test_composite_certificates.sage	<module>	module	1	0			unreviewed
preamble/tests/framework/test_composite_certificates.sage	test_picard_cycle_linking_linear_system_and_cyclic_cover	specimen	6	0			unreviewed
preamble/tests/framework/test_curves_and_singularities.sage	<module>	module	1	0			unreviewed
preamble/tests/framework/test_curves_and_singularities.sage	test_curve_singularity_local_invariants_match_A1_and_A3	specimen	6	0			unreviewed
preamble/tests/framework/test_curves_and_singularities.sage	test_smooth_curve_points_are_nonsingular	specimen	33	0			unreviewed
preamble/tests/framework/test_cyclic_covers_and_involutions.sage	<module>	module	1	0			unreviewed
preamble/tests/framework/test_cyclic_covers_and_involutions.sage	test_cyclic_cover_datum_and_cover_morphism	specimen	6	0			unreviewed
preamble/tests/framework/test_cyclic_covers_and_involutions.sage	test_involution_lifts_of_cyclic_cover	specimen	38	0			unreviewed
preamble/tests/framework/test_fixed_loci.sage	<module>	module	1	0			unreviewed
preamble/tests/framework/test_fixed_loci.sage	test_fixed_locus_for_product_sign_and_swap_actions	specimen	6	0			unreviewed
preamble/tests/framework/test_graded_algebra_sections.sage	<module>	module	1	0			unreviewed
preamble/tests/framework/test_graded_algebra_sections.sage	test_cox_ring_structure_and_section_space_roundtrip	specimen	6	0			unreviewed
preamble/tests/framework/test_group_actions_and_isotypics.sage	<module>	module	1	0			unreviewed
preamble/tests/framework/test_group_actions_and_isotypics.sage	test_isotypic_decomposition_of_quadratic_involution_action	specimen	6	0			unreviewed
preamble/tests/framework/test_linear_systems_restrictions.sage	<module>	module	1	0			unreviewed
preamble/tests/framework/test_linear_systems_restrictions.sage	test_complete_linear_system_image_and_base_locus	specimen	6	0			unreviewed
preamble/tests/framework/test_linear_systems_restrictions.sage	test_restriction_map_has_expected_rank_and_cokernel	specimen	25	0			unreviewed
preamble/tests/framework/test_projective_products_picard.sage	<module>	module	1	0			unreviewed
preamble/tests/framework/test_projective_products_picard.sage	test_picard_group_structure_on_product_of_lines	specimen	6	0			unreviewed
preamble/tests/framework/test_projective_products_picard.sage	test_picard_lattice_matrix_and_duality_data	specimen	18	0			unreviewed
preamble/tests/framework/test_quotients_and_complete_intersections.sage	<module>	module	1	0			unreviewed
preamble/tests/framework/test_quotients_and_complete_intersections.sage	test_complete_intersection_certificate_for_an_affine_quadric_surface	specimen	6	0			unreviewed
preamble/tests/framework/test_quotients_and_complete_intersections.sage	test_diagonal_sign_quotient_family_has_global_quotient_data	specimen	29	0			unreviewed
preamble/tests/framework/test_schemes_pullback.sage	<module>	module	1	0			unreviewed
preamble/tests/framework/test_schemes_pullback.sage	test_graph_and_fixed_subscheme_for_involution	specimen	6	0			unreviewed
preamble/tests/framework/test_schemes_pullback.sage	test_fiber_pullback_from_projection_is_one_dimensional	specimen	27	0			unreviewed
preamble/tests/test_cardinalities.sage	<module>	module	1	0			unreviewed
preamble/tests/test_cardinalities.sage	test_initial_ordinals_have_the_corresponding_aleph_cardinals	specimen	48	0			unreviewed
preamble/tests/test_cardinalities.sage	test_natural_ordinal_operations_form_the_owned_semiring	specimen	56	0			unreviewed
preamble/tests/test_cardinalities.sage	test_cardinal_arithmetic_satisfies_semiring_laws_and_order_bounds	specimen	71	0			unreviewed
preamble/tests/test_cardinalities.sage	test_cardinal_homsets_are_the_provable_cardinal_order	specimen	96	0			unreviewed
preamble/tests/test_cardinalities.sage	test_cardinality_functor_preserves_set_coproducts_and_products	specimen	117	0			unreviewed
preamble/tests/test_cardinalities.sage	test_power_set_of_naturals_and_real_line_have_the_continuum	specimen	135	0			unreviewed
preamble/tests/test_cardinalities.sage	test_standard_mathematical_objects_have_their_exact_cardinals	specimen	159	0			unreviewed
preamble/tests/test_constructors_meet_their_obligations.sage	<module>	module	1	0			unreviewed
preamble/tests/test_constructors_meet_their_obligations.sage	unmet_obligations	function	78	0			unreviewed
preamble/tests/test_constructors_meet_their_obligations.sage	test_a_form_is_a_morphism_into_the_value_module	specimen	351	0			unreviewed
preamble/tests/test_constructors_meet_their_obligations.sage	test_a_constructed_object_answers_what_its_categories_require	specimen	397	0			unreviewed
preamble/tests/test_constructors_meet_their_obligations.sage	test_a_lattice_subobject_has_the_restricted_form	specimen	409	0			unreviewed
preamble/tests/test_constructors_meet_their_obligations.sage	test_a_constructed_lattice_satisfies_its_defining_properties	specimen	420	0			unreviewed
preamble/tests/test_constructors_meet_their_obligations.sage	test_a_degenerate_gram_matrix_does_not_claim_nondegeneracy	specimen	432	0			unreviewed
preamble/tests/test_constructors_meet_their_obligations.sage	test_a_degenerate_lattice_answers_its_own_nondegeneracy	specimen	442	0			unreviewed
preamble/tests/test_constructors_meet_their_obligations.sage	test_refining_a_degenerate_gram_into_nondegenerate_is_refused	specimen	458	0			unreviewed
preamble/tests/test_constructors_meet_their_obligations.sage	test_a_half_integral_form_is_refused_the_integral_axiom	specimen	469	0			unreviewed
preamble/tests/test_constructors_meet_their_obligations.sage	test_a_torsion_valued_form_has_no_integrality_and_routes_past_the_axiom	specimen	492	0			unreviewed
preamble/tests/test_constructors_meet_their_obligations.sage	test_the_scale_submodule_is_generated_by_the_forms_values	specimen	508	0			unreviewed
preamble/tests/test_coxeter_diagrams.sage	<module>	module	1	0			unreviewed
preamble/tests/test_coxeter_diagrams.sage	test_cartan_type_constructs_its_diagram_as_a_sage_parent	specimen	12	0			unreviewed
preamble/tests/test_coxeter_diagrams.sage	test_induced_subdiagram_recovers_the_standard_a3_diagram	specimen	30	0			unreviewed
preamble/tests/test_coxeter_diagrams.sage	test_parent_constructs_a_diagram_from_its_coxeter_matrix	specimen	39	0			unreviewed
preamble/tests/test_coxeter_diagrams.sage	test_rooted_diagram_records_roots_intersections_layout_and_tikz	specimen	49	0			unreviewed
preamble/tests/test_coxeter_diagrams.sage	test_morphisms_preserve_the_full_coxeter_matrix_and_compose	specimen	93	0			unreviewed
preamble/tests/test_discriminant_forms.sage	<module>	module	1	0			unreviewed
preamble/tests/test_discriminant_forms.sage	test_discriminant_group_order_is_the_absolute_determinant	specimen	35	0			unreviewed
preamble/tests/test_discriminant_forms.sage	test_root_lattice_discriminant_groups_are_the_classical_ones	specimen	50	0			unreviewed
preamble/tests/test_discriminant_forms.sage	test_polarization_relates_q_and_b_by_a_factor_of_two	specimen	70	0			unreviewed
preamble/tests/test_discriminant_forms.sage	test_q_is_quadratic_and_b_is_symmetric_bilinear	specimen	96	0			unreviewed
preamble/tests/test_discriminant_forms.sage	test_discriminant_form_is_the_inverse_gram_modulo_one	specimen	111	0			unreviewed
preamble/tests/test_discriminant_forms.sage	test_normal_form_is_an_isometry_onto_a_smaller_generating_set	specimen	129	0			unreviewed
preamble/tests/test_discriminant_forms.sage	test_invariant_factor_form_is_an_isometry_on_invariant_factor_generators	specimen	150	0			unreviewed
preamble/tests/test_discriminant_forms.sage	test_primary_parts_have_the_prime_power_orders_and_exhaust_the_group	specimen	161	0			unreviewed
preamble/tests/test_discriminant_forms.sage	test_odd_lattices_have_no_quadratic_discriminant_form	specimen	182	0			unreviewed
preamble/tests/test_discriminant_forms.sage	test_correlation_is_the_gram_matrix_into_the_dual	specimen	201	0			unreviewed
preamble/tests/test_discriminant_forms.sage	test_discriminant_group_of_a_direct_sum_is_the_direct_sum_of_the_groups	specimen	222	0			unreviewed
preamble/tests/test_discriminant_forms.sage	test_discriminant_form_convention_is_nikulins_not_peters_sterks	specimen	233	0			unreviewed
preamble/tests/test_free_constructions.sage	<module>	module	1	0			unreviewed
preamble/tests/test_free_constructions.sage	test_the_graded_pieces_have_the_ranks_the_constructions_say	specimen	44	0			unreviewed
preamble/tests/test_free_constructions.sage	test_the_alternating_algebra_is_free_of_rank_two_to_the_n	specimen	62	0			unreviewed
preamble/tests/test_free_constructions.sage	test_wedging_a_generator_with_itself_is_zero	specimen	76	0			unreviewed
preamble/tests/test_free_constructions.sage	test_the_wedge_sign_is_the_shuffle_parity	specimen	88	0			unreviewed
preamble/tests/test_free_constructions.sage	test_the_symmetric_algebra_does_commute_and_the_tensor_algebra_does_not	specimen	104	0			unreviewed
preamble/tests/test_free_constructions.sage	test_a_divided_power_is_not_a_power	specimen	118	0			unreviewed
preamble/tests/test_free_constructions.sage	test_divided_powers_multiply_by_binomial_coefficients	specimen	133	0			unreviewed
preamble/tests/test_free_constructions.sage	test_divided_powers_of_linear_combinations_satisfy_the_pd_laws	specimen	147	0			unreviewed
preamble/tests/test_free_constructions.sage	test_divided_power_substitution_uses_divided_powers	specimen	162	0			unreviewed
preamble/tests/test_free_constructions.sage	test_the_divided_power_ideal_contains_all_divided_relations	specimen	173	0			unreviewed
preamble/tests/test_free_constructions.sage	test_the_divided_and_symmetric_algebras_share_their_monomials	specimen	190	0			unreviewed
preamble/tests/test_free_constructions.sage	test_the_grading_is_read_off_whichever_monomials_are_used	specimen	217	0			unreviewed
preamble/tests/test_free_constructions.sage	test_each_construction_lands_in_its_own_category	specimen	236	0			unreviewed
preamble/tests/test_free_constructions.sage	test_polynomial_algorithms_belong_only_to_the_symmetric_algebra	specimen	256	0			unreviewed
preamble/tests/test_free_constructions.sage	test_the_scalars_enter_every_construction_as_multiples_of_the_unit	specimen	277	0			unreviewed
preamble/tests/test_free_constructions.sage	test_the_center_of_a_tensor_algebra_on_two_generators_is_the_scalars	specimen	295	0			unreviewed
preamble/tests/test_free_constructions.sage	test_the_monomials_of_the_alternating_algebra_are_the_subsets	specimen	306	0			unreviewed
preamble/tests/test_free_constructions.sage	test_the_alternating_algebra_of_a_countable_module_is_countable	specimen	326	0			unreviewed
preamble/tests/test_free_constructions.sage	test_the_subsets_of_a_countable_set_are_uncountable	specimen	349	0			unreviewed
preamble/tests/test_free_constructions.sage	test_finite_subsets_of_a_countable_set_are_countably_infinite	specimen	372	0			unreviewed
preamble/tests/test_free_constructions.sage	test_fixed_size_subsets_of_a_countable_set_are_countably_infinite	specimen	394	0			unreviewed
preamble/tests/test_free_constructions.sage	test_a_graded_piece_is_a_submodule_carrying_its_inclusion	specimen	412	0			unreviewed
preamble/tests/test_free_constructions.sage	test_degree_two_pieces_exist_for_countably_many_generators	specimen	433	0			unreviewed
preamble/tests/test_free_constructions.sage	test_tensor_and_divided_squares_respect_a_module_presentation	specimen	452	0			unreviewed
preamble/tests/test_free_constructions.sage	test_the_divided_square_classifies_quadratic_maps	specimen	474	0			unreviewed
preamble/tests/test_free_constructions.sage	test_divided_squares_are_symmetric_tensor_invariants	specimen	509	0			unreviewed
preamble/tests/test_free_constructions.sage	test_higher_divided_powers_are_symmetric_tensor_invariants	specimen	532	0			unreviewed
preamble/tests/test_free_constructions.sage	test_the_free_constructions_are_related_by_the_canonical_maps	specimen	559	0			unreviewed
preamble/tests/test_free_constructions.sage	test_symmetric_to_divided_is_not_an_isomorphism_over_the_integers	specimen	591	0			unreviewed
preamble/tests/test_free_constructions.sage	test_tensor_and_symmetric_freeness_are_homset_bijections	specimen	603	0			unreviewed
preamble/tests/test_free_constructions.sage	test_the_two_routes_to_an_element_of_a_free_module_agree	specimen	628	0			unreviewed
preamble/tests/test_free_constructions.sage	test_exterior_and_divided_power_functoriality_preserve_their_operations	specimen	658	0			unreviewed
preamble/tests/test_free_constructions.sage	test_the_divided_power_adjunction_is_extension_and_restriction	specimen	682	0			unreviewed
preamble/tests/test_free_constructions.sage	test_presented_free_algebras_are_quotients_by_the_module_relations	specimen	700	0			unreviewed
preamble/tests/test_free_constructions.sage	test_a_free_presented_abelian_group_has_infinite_exponent	specimen	722	0			unreviewed
preamble/tests/test_free_constructions.sage	test_a_presented_line_over_a_finite_field_has_field_cardinality	specimen	734	0			unreviewed
preamble/tests/test_free_constructions.sage	test_all_four_presented_constructions_have_their_defining_products	specimen	747	0			unreviewed
preamble/tests/test_free_constructions.sage	test_the_four_free_algebra_functors_preserve_identities_and_composition	specimen	778	0			unreviewed
preamble/tests/test_free_constructions.sage	test_the_free_algebra_units_are_natural_on_presented_modules	specimen	816	0			unreviewed
preamble/tests/test_free_constructions.sage	test_free_algebra_functors_preserve_their_characteristic_operations	specimen	850	0			unreviewed
preamble/tests/test_free_constructions.sage	test_the_grading_decomposes_every_element	specimen	883	0			unreviewed
preamble/tests/test_function_modules.sage	<module>	module	1	0			unreviewed
preamble/tests/test_function_modules.sage	test_functions_form_a_module_over_the_reals	specimen	68	0			unreviewed
preamble/tests/test_function_modules.sage	test_the_module_action_needs_no_generating_set	specimen	80	0			unreviewed
preamble/tests/test_function_modules.sage	test_a_form_can_be_given_by_its_pairing_rather_than_a_matrix	specimen	97	0			unreviewed
preamble/tests/test_function_modules.sage	test_that_form_is_symmetric_and_bilinear_on_specimens	specimen	116	0			unreviewed
preamble/tests/test_function_modules.sage	test_a_polynomial_is_refused_by_square_integrable_functions_on_the_line	specimen	137	0			unreviewed
preamble/tests/test_function_modules.sage	test_a_gaussian_and_its_polynomial_multiples_are_certified_for_l2	specimen	159	0			unreviewed
preamble/tests/test_function_modules.sage	test_an_elementary_expression_is_certified_smooth	specimen	173	0			unreviewed
preamble/tests/test_function_modules.sage	test_rational_functions_are_decided_completely_by_the_p_test	specimen	183	0			unreviewed
preamble/tests/test_function_modules.sage	test_a_linear_combination_of_members_is_a_member	specimen	205	0			unreviewed
preamble/tests/test_function_modules.sage	test_a_bounded_multiple_of_a_member_is_a_member	specimen	218	0			unreviewed
preamble/tests/test_function_modules.sage	test_the_integral_decides_what_the_structural_tiers_cannot	specimen	226	0			unreviewed
preamble/tests/test_function_modules.sage	test_a_vanishing_tail_certifies_what_the_integral_cannot_evaluate	specimen	245	0			unreviewed
preamble/tests/test_function_modules.sage	test_module_arithmetic_stays_symbolic_and_needs_no_certificate	specimen	271	0			unreviewed
preamble/tests/test_function_modules.sage	test_an_opaque_callable_is_trusted_where_an_expression_is_refused	specimen	291	0			unreviewed
preamble/tests/test_function_modules.sage	test_such_a_form_has_no_gram_matrix_and_says_so	specimen	304	0			unreviewed
preamble/tests/test_function_modules.sage	test_a_finitely_generated_form_still_has_one	specimen	321	0			unreviewed
preamble/tests/test_functor_codomains.sage	<module>	module	1	0			unreviewed
preamble/tests/test_functor_codomains.sage	test_free_module_functor_lands_in_modules	specimen	37	0			unreviewed
preamble/tests/test_functor_codomains.sage	test_underlying_set_of_group_functor_lands_in_sets	specimen	53	0			unreviewed
preamble/tests/test_functor_codomains.sage	test_group_ring_module_functor_lands_in_modules	specimen	67	0			unreviewed
preamble/tests/test_functor_codomains.sage	test_forgetful_module_functor_lands_in_sets	specimen	81	0			unreviewed
preamble/tests/test_functor_codomains.sage	test_group_ring_over_many_base_rings	specimen	160	0			unreviewed
preamble/tests/test_functor_codomains.sage	test_group_ring_is_noncommutative_exactly_when_the_group_is	specimen	204	0			unreviewed
preamble/tests/test_functor_codomains.sage	test_free_module_functor_carries_morphisms	specimen	225	0			unreviewed
preamble/tests/test_group_hierarchy.sage	<module>	module	1	0			unreviewed
preamble/tests/test_group_hierarchy.sage	test_groups_refine_on_witnesses_only	specimen	30	0			unreviewed
preamble/tests/test_group_hierarchy.sage	test_every_subgroup_has_its_inclusion_homomorphism	specimen	61	0			unreviewed
preamble/tests/test_group_hierarchy.sage	test_endomorphisms_of_an_abelian_group_form_a_ring	specimen	85	0			unreviewed
preamble/tests/test_group_hierarchy.sage	test_endomorphisms_of_a_nonabelian_group_are_refused	specimen	115	0			unreviewed
preamble/tests/test_group_hierarchy.sage	test_every_abelian_group_is_a_module_over_the_integers	specimen	137	0			unreviewed
preamble/tests/test_group_hierarchy.sage	test_finite_torsion_modules_are_finite_abelian_groups	specimen	168	0			unreviewed
preamble/tests/test_group_hierarchy.sage	test_a_module_presentation_uses_the_presentation_matrix_relations	specimen	191	0			unreviewed
preamble/tests/test_group_hierarchy.sage	test_trivial_action_is_a_functor_into_group_lattices	specimen	229	0			unreviewed
preamble/tests/test_group_hierarchy.sage	test_trivial_action_carries_lattice_maps_to_equivariant_ones	specimen	250	0			unreviewed
preamble/tests/test_group_hierarchy.sage	test_invariants_is_right_adjoint_to_the_trivial_action	specimen	267	0			unreviewed
preamble/tests/test_group_hierarchy.sage	test_a_group_generating_set_is_the_images_of_the_generating_morphism	specimen	305	0			unreviewed
preamble/tests/test_group_hierarchy.sage	test_finite_generation_is_what_makes_the_generating_set_finite	specimen	330	0			unreviewed
preamble/tests/test_group_hierarchy.sage	test_four_realizations_of_c2_expose_their_presentations_directly	specimen	352	0			unreviewed
preamble/tests/test_group_hierarchy.sage	test_standard_finite_groups_are_finitely_presented	specimen	373	0			unreviewed
preamble/tests/test_group_hierarchy.sage	test_groups_is_the_flat_catalogue_of_standard_groups	specimen	388	0			unreviewed
preamble/tests/test_infinite_modules.sage	<module>	module	1	0			unreviewed
preamble/tests/test_infinite_modules.sage	test_a_countably_framed_free_module_is_constructible	specimen	40	0			unreviewed
preamble/tests/test_infinite_modules.sage	test_its_generators_are_a_set_that_need_not_be_counted	specimen	51	0			unreviewed
preamble/tests/test_infinite_modules.sage	test_elements_add_and_scale_without_a_finite_basis	specimen	67	0			unreviewed
preamble/tests/test_infinite_modules.sage	test_finiteness_is_an_axiom_the_module_does_not_claim	specimen	79	0			unreviewed
preamble/tests/test_known_mathematics.sage	<module>	module	1	0			unreviewed
preamble/tests/test_known_mathematics.sage	Out	binding	33	0			unreviewed
preamble/tests/test_known_mathematics.sage	FINITELY_GENERATED	binding	95	0			unreviewed
preamble/tests/test_known_mathematics.sage	FINITE_GROUPS	binding	126	0			unreviewed
preamble/tests/test_known_mathematics.sage	test_a_finite_group_is_finitely_generated	specimen	146	0			unreviewed
preamble/tests/test_known_mathematics.sage	test_a_group_presented_on_finite_generators_is_finitely_generated	specimen	169	0			unreviewed
preamble/tests/test_known_mathematics.sage	test_the_free_group_on_two_generators_is_the_definitional_case	specimen	183	0			unreviewed
preamble/tests/test_known_mathematics.sage	test_refinement_repairs_an_undeclared_axiom_without_loss	specimen	191	0			unreviewed
preamble/tests/test_known_mathematics.sage	test_finite_weyl_group_order_matches_humphreys	specimen	228	0			unreviewed
preamble/tests/test_known_mathematics.sage	test_root_lattice_automorphism_order_matches_conway_sloane	specimen	248	0			unreviewed
preamble/tests/test_known_mathematics.sage	test_the_orthogonal_group_and_the_automorphism_group_are_one_object	specimen	288	0			unreviewed
preamble/tests/test_known_mathematics.sage	test_a_finite_automorphism_group_reports_its_order	specimen	304	0			unreviewed
preamble/tests/test_known_mathematics.sage	test_the_isometry_group_is_built_once	specimen	314	0			unreviewed
preamble/tests/test_known_mathematics.sage	test_the_isometry_group_is_finitely_presented	specimen	334	0			unreviewed
preamble/tests/test_known_mathematics.sage	test_a_group_answers_the_group_vocabulary	specimen	367	0			unreviewed
preamble/tests/test_known_mathematics.sage	test_a_finite_group_can_be_enumerated	specimen	383	0			unreviewed
preamble/tests/test_known_mathematics.sage	test_a_lattice_has_an_endomorphism_ring	specimen	390	0			unreviewed
preamble/tests/test_known_mathematics.sage	test_aut_of_a_n_is_plus_minus_one_times_the_weyl_group	specimen	401	0			unreviewed
preamble/tests/test_known_mathematics.sage	test_minus_one_lies_in_the_weyl_group_of_e8	specimen	411	0			unreviewed
preamble/tests/test_known_mathematics.sage	test_sl2z_is_the_amalgam_serre_describes	specimen	419	0			unreviewed
preamble/tests/test_known_mathematics.sage	test_finite_generation_is_a_value_never_an_exception	specimen	457	0			unreviewed
preamble/tests/test_known_mathematics.sage	test_generator_count_is_a_value_never_an_exception	specimen	472	0			unreviewed
preamble/tests/test_known_mathematics.sage	test_finiteness_is_a_value_never_an_exception	specimen	481	0			unreviewed
preamble/tests/test_known_mathematics.sage	test_the_absolute_galois_group_of_the_rationals_is_constructible	specimen	487	0			unreviewed
preamble/tests/test_known_mathematics.sage	test_absolute_galois_group_abelianity_uses_the_field_category	specimen	502	0			unreviewed
preamble/tests/test_known_mathematics.sage	test_finite_field_frobenius_uses_the_field_order	specimen	522	0			unreviewed
preamble/tests/test_known_mathematics.sage	test_quadratic_character_uses_the_quadratic_extension	specimen	537	0			unreviewed
preamble/tests/test_known_mathematics.sage	test_restriction_to_a_subfield_is_the_arithmetic_of_that_subfield	specimen	604	0			unreviewed
preamble/tests/test_known_mathematics.sage	test_restriction_to_a_subfield_is_a_group_homomorphism	specimen	633	0			unreviewed
preamble/tests/test_known_mathematics.sage	test_the_extensions_of_an_automorphism_form_a_coset_of_the_open_subgroup	specimen	653	0			unreviewed
preamble/tests/test_known_mathematics.sage	test_the_preamble_captures_sages_answer	specimen	730	0			unreviewed
preamble/tests/test_known_mathematics.sage	test_the_base_ring_is_the_owned_ring_and_captures_sages_answer	specimen	746	0			unreviewed
preamble/tests/test_known_mathematics.sage	test_the_zero_of_a_lattice_is_its_additive_identity	specimen	768	0			unreviewed
preamble/tests/test_known_mathematics.sage	test_the_module_generators_are_a_framing_carrying_the_gram_matrix	specimen	788	0			unreviewed
preamble/tests/test_known_mathematics.sage	test_audited_mathematics_reaches_the_preamble	specimen	948	0			unreviewed
preamble/tests/test_known_mathematics.sage	test_a_maximal_overlattice_is_reached_by_a_proper_inclusion	specimen	958	0			unreviewed
preamble/tests/test_known_mathematics.sage	test_the_symplectic_modular_group_is_finitely_generated	specimen	996	0			unreviewed
preamble/tests/test_known_mathematics.sage	test_the_unimodular_group_is_finitely_generated	specimen	1005	0			unreviewed
preamble/tests/test_known_mathematics.sage	test_a_ring_raised_to_a_rank_is_the_preamble_free_module	specimen	1049	0			unreviewed
preamble/tests/test_known_mathematics.sage	test_rank_one_sign_pair_separates_quadratic_from_bilinear_isometry	specimen	1087	0			unreviewed
preamble/tests/test_known_mathematics.sage	test_the_level_of_an_even_lattice_exceeds_the_exponent_of_its_discriminant_group	specimen	1110	0			unreviewed
preamble/tests/test_known_mathematics.sage	test_elementary_2adic_form_u_k_has_brown_invariant_zero	specimen	1146	0			unreviewed
preamble/tests/test_known_mathematics.sage	test_elementary_2adic_form_v_1_has_brown_invariant_four_and_is_anisotropic	specimen	1162	0			unreviewed
preamble/tests/test_known_mathematics.sage	test_brown_invariant_is_additive_over_the_primary_splitting	specimen	1175	0			unreviewed
preamble/tests/test_known_mathematics.sage	test_milgram_identifies_brown_with_the_signature_mod_eight	specimen	1196	0			unreviewed
preamble/tests/test_known_mathematics.sage	test_lagrangian_glue_of_the_rank_one_sign_pair_is_unimodular	specimen	1214	0			unreviewed
preamble/tests/test_known_mathematics.sage	test_d8_isotropic_self_glue_reconstructs_e8	specimen	1248	0			unreviewed
preamble/tests/test_known_mathematics.sage	test_a2_discriminant_form_is_anisotropic_and_not_metabolic	specimen	1267	0			unreviewed
preamble/tests/test_known_mathematics.sage	test_form_negation_via_twist_matches_the_negation_rules	specimen	1281	0			unreviewed
preamble/tests/test_known_mathematics.sage	test_quadratic_isomorphism_refines_bilinear_refines_group	specimen	1306	0			unreviewed
preamble/tests/test_known_mathematics.sage	test_rank_one_2adic_form_separates_the_two_orthogonal_groups	specimen	1327	0			unreviewed
preamble/tests/test_known_mathematics.sage	test_voronoi_cell_of_the_square_lattice_is_the_half_cube	specimen	1348	0			unreviewed
preamble/tests/test_known_mathematics.sage	test_voronoi_relevant_vectors_of_the_square_lattice_are_the_facet_normals	specimen	1361	0			unreviewed
preamble/tests/test_known_mathematics.sage	test_hexagonal_lattice_voronoi_cell_is_a_hexagon	specimen	1369	0			unreviewed
preamble/tests/test_known_mathematics.sage	test_closest_vector_is_exact_on_the_square_lattice	specimen	1379	0			unreviewed
preamble/tests/test_known_mathematics.sage	test_the_orthogonal_complement_of_a_root_in_e8_is_e7	specimen	1404	0			unreviewed
preamble/tests/test_known_mathematics.sage	test_the_orthogonal_complement_of_a2_in_e8_is_e6	specimen	1425	0			unreviewed
preamble/tests/test_known_mathematics.sage	test_a2_plus_its_negation_glues_to_an_even_unimodular_lattice_of_index_3	specimen	1439	0			unreviewed
preamble/tests/test_known_mathematics.sage	test_milgram_on_the_a2_discriminant_form	specimen	1451	0			unreviewed
preamble/tests/test_known_mathematics.sage	test_the_genus_of_a2_holds_its_defining_data_and_one_class	specimen	1458	0			unreviewed
preamble/tests/test_known_mathematics.sage	test_is_isometric_decides_the_definite_case_by_the_engine	specimen	1469	0			unreviewed
preamble/tests/test_known_mathematics.sage	test_the_reflection_in_a_root_of_a2_acts_by_the_definition	specimen	1478	0			unreviewed
preamble/tests/test_known_mathematics.sage	test_nikulin_complement_pair_discriminant_forms_are_anti_isometric	specimen	1491	0			unreviewed
preamble/tests/test_known_mathematics.sage	test_an_anti_isometry_needs_the_sign_a2_versus_its_twist	specimen	1507	0			unreviewed
preamble/tests/test_known_mathematics.sage	test_splag_forms_51a_and_51b_share_a_genus_but_not_a_class	specimen	1525	0			unreviewed
preamble/tests/test_known_mathematics.sage	test_local_excess_matches_the_conway_sloane_existence_formula	specimen	1586	0			unreviewed
preamble/tests/test_known_mathematics.sage	test_a_genus_datum_exists_exactly_when_nikulin_admits_it	specimen	1613	0			unreviewed
preamble/tests/test_known_mathematics.sage	test_a4_isometries_act_on_the_cyclic_glue_group_by_negation	specimen	1658	0			unreviewed
preamble/tests/test_known_mathematics.sage	test_d4_weyl_group_fixes_the_glue_while_triality_permutes_it	specimen	1680	0			unreviewed
preamble/tests/test_known_mathematics.sage	test_a4_a4_order_five_glue_reconstructs_e8	specimen	1717	0			unreviewed
preamble/tests/test_known_mathematics.sage	test_a2_diagram_automorphism_inverts_the_glue_group	specimen	1758	0			unreviewed
preamble/tests/test_known_mathematics.sage	test_the_k3_lattice_is_the_unique_even_unimodular_lattice_of_its_signature	specimen	1782	0			unreviewed
preamble/tests/test_known_mathematics.sage	test_degree_two_polarization_splits_ns_and_transcendental_anti_isometrically	specimen	1798	0			unreviewed
preamble/tests/test_known_mathematics.sage	test_degree_four_polarization_has_order_four_transcendental_discriminant	specimen	1829	0			unreviewed
preamble/tests/test_known_mathematics.sage	test_a_root_class_in_the_k3_lattice_and_its_complement	specimen	1854	0			unreviewed
preamble/tests/test_known_mathematics.sage	test_the_enriques_lattice_is_a_unimodular_summand_of_the_k3_lattice	specimen	1874	0			unreviewed
preamble/tests/test_known_mathematics.sage	test_dickson_ross_ternary_forms_are_isometric_with_the_splag_witness	specimen	1892	0			unreviewed
preamble/tests/test_known_mathematics.sage	test_a_similarity_is_an_isometry_from_the_twist	specimen	1908	0			unreviewed
preamble/tests/test_known_mathematics.sage	test_the_isometry_torsor_transporter_recovers_the_acting_element	specimen	1922	0			unreviewed
preamble/tests/test_known_mathematics.sage	test_every_two_elementary_realization_is_the_nikulin_table_row	specimen	1980	0			unreviewed
preamble/tests/test_known_mathematics.sage	test_abstract_group_automorphism_order_matches_the_literature	specimen	2051	0			unreviewed
preamble/tests/test_known_mathematics.sage	test_aut_of_c8_is_elementary_abelian	specimen	2059	0			unreviewed
preamble/tests/test_known_mathematics.sage	test_aut_of_the_klein_four_group_is_nonabelian_of_order_six	specimen	2075	0			unreviewed
preamble/tests/test_known_mathematics.sage	test_the_conjugation_morphism_realizes_all_of_aut_s3	specimen	2092	0			unreviewed
preamble/tests/test_known_mathematics.sage	test_s6_has_outer_automorphisms_of_index_two	specimen	2107	0			unreviewed
preamble/tests/test_known_mathematics.sage	test_a_cuspidal_plane_cubic_has_distinct_genera	specimen	2131	0			unreviewed
preamble/tests/test_known_mathematics.sage	test_affine_and_projective_space_divisor_groups_over_a_field	specimen	2143	0			unreviewed
preamble/tests/test_known_mathematics.sage	test_the_two_cuspidal_cubics_meet_to_order_four_at_the_origin	specimen	2163	0			unreviewed
preamble/tests/test_known_mathematics.sage	test_sterk_root_configurations_use_the_lattice_reflection	specimen	2197	0			unreviewed
preamble/tests/test_known_mathematics.sage	test_the_bogachev_kolpakov_gram_matrices_reproduce_the_printed_forms	specimen	2246	0			unreviewed
preamble/tests/test_known_mathematics.sage	test_the_bogachev_kolpakov_specimens_are_the_source_lattices_negated	specimen	2276	0			unreviewed
preamble/tests/test_known_mathematics.sage	test_vinbergs_criterion_bounds_the_root_lengths_of_both_specimens	specimen	2298	0			unreviewed
preamble/tests/test_known_mathematics.sage	test_the_sixteen_printed_vinberg_roots_are_roots_of_the_lattice	specimen	2322	0			unreviewed
preamble/tests/test_known_mathematics.sage	test_the_bogachev_kolpakov_lattice_with_roots_is_not_reflective	specimen	2356	0			unreviewed
preamble/tests/test_known_mathematics.sage	test_the_root_length_49_case_is_excluded_by_a_local_obstruction	specimen	2369	0			unreviewed
preamble/tests/test_known_mathematics.sage	test_vinberg_enumeration_separates_the_two_bogachev_kolpakov_lattices	specimen	2397	0			unreviewed
preamble/tests/test_lattice_generator_syntax.sage	<module>	module	1	0			unreviewed
preamble/tests/test_lattice_generator_syntax.sage	test_set_literal_preparser_preserves_sage_generator_declarations	specimen	58	0			unreviewed
preamble/tests/test_lattice_generator_syntax.sage	test_explicit_generator_form_lowers_to_names_keyword	specimen	95	0			unreviewed
preamble/tests/test_lattice_generator_syntax.sage	test_ellipsis_form_expands_the_range	specimen	109	0			unreviewed
preamble/tests/test_lattice_generator_syntax.sage	test_explicit_generator_form_binds_names	specimen	125	0			unreviewed
preamble/tests/test_lattice_generator_syntax.sage	test_generator_count_must_match_the_rank	specimen	133	0			unreviewed
preamble/tests/test_lattice_generator_syntax.sage	test_assign_names_then_inject_works	specimen	144	0			unreviewed
preamble/tests/test_lattice_generator_syntax.sage	test_variable_names_before_assignment_raises	specimen	155	0			unreviewed
preamble/tests/test_lattice_generator_syntax.sage	test_pow_is_repeated_direct_sum	specimen	174	0			unreviewed
preamble/tests/test_lattice_generator_syntax.sage	test_named_lattice_helper_gives_the_intended_sugar	specimen	191	0			unreviewed
preamble/tests/test_lattice_generator_syntax.sage	test_named_lattice_helper_rejects_a_count_mismatch	specimen	202	0			unreviewed
preamble/tests/test_objects_are_one_object.sage	<module>	module	1	0			unreviewed
preamble/tests/test_objects_are_one_object.sage	test_compiler_runtime_names_do_not_enter_the_installed_namespace	specimen	37	0			unreviewed
preamble/tests/test_objects_are_one_object.sage	test_a_free_module_is_one_object_per_ring_and_set	specimen	51	0			unreviewed
preamble/tests/test_objects_are_one_object.sage	test_the_owned_ring_and_the_engines_key_one_free_module	specimen	73	0			unreviewed
preamble/tests/test_objects_are_one_object.sage	test_an_ordered_set_is_one_object_per_enumeration	specimen	89	0			unreviewed
preamble/tests/test_objects_are_one_object.sage	test_a_set_holds_the_rings_integers_however_it_was_written	specimen	97	0			unreviewed
preamble/tests/test_objects_are_one_object.sage	test_a_commutative_ring_is_its_own_centre_and_an_algebra_over_itself	specimen	121	0			unreviewed
preamble/tests/test_objects_are_one_object.sage	test_forgetting_structure_returns_one_named_base_ring	specimen	130	0			unreviewed
preamble/tests/test_objects_are_one_object.sage	test_a_free_algebra_places_the_scalars_as_multiples_of_the_unit	specimen	151	0			unreviewed
preamble/tests/test_objects_are_one_object.sage	test_the_module_action_scales_the_element_it_is_given	specimen	160	0			unreviewed
preamble/tests/test_objects_are_one_object.sage	test_a_quadratic_form_scales_by_the_square	specimen	175	0			unreviewed
preamble/tests/test_objects_are_one_object.sage	test_the_lattice_axioms_compose_in_any_order	specimen	187	0			unreviewed
preamble/tests/test_objects_are_one_object.sage	test_integral_lattices_is_that_join_and_holds_the_specimens	specimen	203	0			unreviewed
preamble/tests/test_power_sets.sage	<module>	module	1	0			unreviewed
preamble/tests/test_power_sets.sage	test_power_set_accepts_finite_and_canonical_infinite_subsets	specimen	20	0			unreviewed
preamble/tests/test_power_sets.sage	test_a_power_set_element_is_a_subobject_with_a_characteristic_morphism	specimen	36	0			unreviewed
preamble/tests/test_power_sets.sage	test_characteristic_morphisms_construct_power_set_elements	specimen	54	0			unreviewed
preamble/tests/test_power_sets.sage	test_predicates_construct_infinite_subsets_without_enumeration	specimen	74	0			unreviewed
preamble/tests/test_power_sets.sage	test_power_set_boolean_algebra_is_intrinsic	specimen	89	0			unreviewed
preamble/tests/test_power_sets.sage	test_power_set_is_a_bounded_distributive_lattice	specimen	112	0			unreviewed
preamble/tests/test_power_sets.sage	test_characteristic_morphisms_preserve_boolean_operations_pointwise	specimen	130	0			unreviewed
preamble/tests/test_power_sets.sage	test_inverse_image_makes_power_set_contravariant	specimen	152	0			unreviewed
preamble/tests/test_power_sets.sage	test_inverse_image_respects_identity_composition_and_boolean_operations	specimen	175	0			unreviewed
preamble/tests/test_power_sets.sage	test_direct_image_is_left_adjoint_to_inverse_image	specimen	205	0			unreviewed
preamble/tests/test_power_sets.sage	test_power_set_cardinalities_cover_standard_finite_and_infinite_sets	specimen	228	0			unreviewed
preamble/tests/test_power_sets.sage	test_cantor_inequality_holds_for_the_standard_catalogue	specimen	250	0			unreviewed
preamble/tests/test_power_sets.sage	test_iterated_power_sets_contain_subsets_of_the_previous_power_set	specimen	264	0			unreviewed
preamble/tests/test_preamble.sage	<module>	module	1	0			unreviewed
preamble/tests/test_preamble.sage	test_named_lattices_have_their_defining_invariants	specimen	431	0			unreviewed
preamble/tests/test_preamble.sage	test_root_lattices_use_the_negative_definite_convention	specimen	456	0			unreviewed
preamble/tests/test_preamble.sage	test_k3_degree_2d_family	specimen	466	0			unreviewed
preamble/tests/test_preamble.sage	test_two_elementary_table_is_nikulins_75	specimen	475	0			unreviewed
preamble/tests/test_preamble.sage	test_two_elementary_filled_entries_match_nikulin_invariants	specimen	490	0			unreviewed
preamble/tests/test_preamble.sage	test_discriminant_bilinear_form_elements_pair	specimen	507	0			unreviewed
preamble/tests/test_preamble.sage	test_is_p_elementary_rejects_nearby_non_examples	specimen	539	0			unreviewed
preamble/tests/test_preamble.sage	test_named_lattice_aliases_are_identical_objects	specimen	549	0			unreviewed
preamble/tests/test_preamble.sage	test_sterk_configurations_match_published_norm_breakdown	specimen	572	0			unreviewed
preamble/tests/test_preamble.sage	test_every_sterk_vector_is_a_root	specimen	586	0			unreviewed
preamble/tests/test_preamble.sage	test_s4_12_is_isotropic_not_a_root	specimen	595	0			unreviewed
preamble/tests/test_preamble.sage	test_five_selected_isotropic_vectors	specimen	603	0			unreviewed
preamble/tests/test_preamble.sage	test_getsterk5_reproduces_sterk_5_from_a_different_lattice	specimen	613	0			unreviewed
preamble/tests/test_preamble.sage	test_diagonal_embedding_is_e8_2_into_tdp	specimen	625	0			unreviewed
preamble/tests/test_preamble.sage	test_embedding_chain_TCo_TEn_TdP_LK3	specimen	632	0			unreviewed
preamble/tests/test_preamble.sage	test_block_hom_Z2_U2_into_U_U2	specimen	658	0			unreviewed
preamble/tests/test_preamble.sage	test_block_hom_sum_of_blocks_diagonal	specimen	680	0			unreviewed
preamble/tests/test_preamble.sage	test_involutions_are_involutions_and_isometries	specimen	715	0			unreviewed
preamble/tests/test_preamble.sage	test_with_action_receives_a_homomorphism_the_caller_constructed	specimen	728	0			unreviewed
preamble/tests/test_preamble.sage	test_coinvariant_lattice_returns_subobject	specimen	764	0			unreviewed
preamble/tests/test_preamble.sage	test_invariant_and_coinvariant_lattices_reproduce_the_named_lattices	specimen	787	0			unreviewed
preamble/tests/test_preamble.sage	test_invariant_and_coinvariant_ranks_sum_to_22	specimen	809	0			unreviewed
preamble/tests/test_preamble.sage	test_source_claim_block_holds	specimen	824	0			unreviewed
preamble/tests/test_preamble.sage	test_the_8_6_0_lattice_has_its_recorded_invariants	specimen	852	0			unreviewed
preamble/tests/test_preamble.sage	test_delta_is_zero_on_the_two_elementary_lattices	specimen	872	0			unreviewed
preamble/tests/test_preamble.sage	test_definiteness_predicates	specimen	881	0			unreviewed
preamble/tests/test_preamble.sage	test_isotropy_on_the_hyperbolic_plane_is_the_exact_norm	specimen	893	0			unreviewed
preamble/tests/test_preamble.sage	test_coxeter_diagram_uses_the_owned_sage_parent	specimen	912	0			unreviewed
preamble/tests/test_preamble.sage	test_diagram_layouts_match_root_counts	specimen	922	0			unreviewed
preamble/tests/test_preamble.sage	test_sterks_in_ten_are_root_configurations	specimen	936	0			unreviewed
preamble/tests/test_preamble.sage	test_sterks1_and_sterks3_use_different_dual_scalings	specimen	950	0			unreviewed
preamble/tests/test_preamble.sage	test_nothing_from_the_sterk_section_is_unported	specimen	968	0			unreviewed
preamble/tests/test_preamble.sage	test_to_lin_comb_generators_labels_elements	specimen	974	0			unreviewed
preamble/tests/test_preamble.sage	test_sublattices_is_a_usable_dict	specimen	983	0			unreviewed
preamble/tests/test_preamble.sage	test_twist_accepts_names	specimen	992	0			unreviewed
preamble/tests/test_preamble.sage	test_lattice_latex_representation	specimen	998	0			unreviewed
preamble/tests/test_preamble.sage	test_catalogue_latex_fits_mathjax_and_has_balanced_environments	specimen	1054	0			unreviewed
preamble/tests/test_preamble.sage	test_standard_lattice_show_pattern_renders_correctly_in_mathjax	specimen	1078	0			unreviewed
preamble/tests/test_preamble.sage	test_direct_sum_subdivides_gram_matrix	specimen	1094	0			unreviewed
preamble/tests/test_preamble.sage	test_lattice_element_multiplication_and_exponentiation	specimen	1102	0			unreviewed
preamble/tests/test_preamble.sage	test_vinberg_algorithm_negates_roots_when_it_twists	specimen	1114	0			unreviewed
preamble/tests/test_preamble.sage	test_get_isotropic_type_classifies	specimen	1132	0			unreviewed
preamble/tests/test_preamble.sage	test_install_hooks_are_idempotent	specimen	1169	0			unreviewed
preamble/tests/test_preamble.sage	test_lattices_install_binds_specimens_and_lk3_generators	specimen	1179	0			unreviewed
preamble/tests/test_preamble.sage	test_subobject_sum_and_intersection_are_the_lattice_operations	specimen	1209	0			unreviewed
preamble/tests/test_preamble_algebra_syntax.sage	<module>	module	1	0			unreviewed
preamble/tests/test_preamble_algebra_syntax.sage	test_free_algebra_on_delta_records_the_generating_set	specimen	90	0			unreviewed
preamble/tests/test_preamble_algebra_syntax.sage	test_free_algebra_delta_constructor_matches_algebras_free_category	specimen	113	0			unreviewed
preamble/tests/test_preamble_algebra_syntax.sage	test_delta_countable_alias_for_aleph_zero	specimen	125	0			unreviewed
preamble/tests/test_preamble_algebra_syntax.sage	test_free_algebra_on_delta_aleph_zero_is_free_algebra_on_naturals	specimen	132	0			unreviewed
preamble/tests/test_preamble_algebra_syntax.sage	test_free_algebra_on_delta_aleph_zero_and_NN_match_via_free_category	specimen	153	0			unreviewed
preamble/tests/test_preamble_algebra_syntax.sage	test_free_algebra_on_natural_numbers_has_countable_generators	specimen	166	0			unreviewed
preamble/tests/test_preamble_algebra_syntax.sage	test_free_algebra_does_not_treat_lists_or_tuples_as_elements	specimen	180	0			unreviewed
preamble/tests/test_preamble_algebra_syntax.sage	test_free_algebra_map_from_set_morphism_is_generator_determined	specimen	190	0			unreviewed
preamble/tests/test_preamble_algebra_syntax.sage	test_finitely_generated_free_algebra_hom_from_generator_images	specimen	209	0			unreviewed
preamble/tests/test_preamble_algebra_syntax.sage	test_free_algebra_morphism_composition_and_identity	specimen	235	0			unreviewed
preamble/tests/test_preamble_algebra_syntax.sage	test_finitely_presented_algebra_remembers_presentation_data	specimen	313	0			unreviewed
preamble/tests/test_preamble_algebra_syntax.sage	test_finitely_presented_algebra_accepts_ideal_input_as_relations	specimen	351	0			unreviewed
preamble/tests/test_preamble_algebra_syntax.sage	test_finitely_presented_algebra_base_change_is_explicit	specimen	367	0			unreviewed
preamble/tests/test_preamble_algebra_syntax.sage	test_finitely_presented_algebra_base_change_transports_coefficients	specimen	395	0			unreviewed
preamble/tests/test_preamble_algebra_syntax.sage	test_algebra_parent_base_change_rejects_invalid_map	specimen	415	0			unreviewed
preamble/tests/test_preamble_algebra_syntax.sage	test_free_algebra_linear_combination_is_not_front_door	specimen	430	0			unreviewed
preamble/tests/test_preamble_algebra_syntax.sage	test_polynomial_ring_standard_syntax_and_isomorphism	specimen	439	0			unreviewed
preamble/tests/test_preamble_algebra_syntax.sage	test_finite_free_algebra_set_permutation_is_isomorphism	specimen	459	0			unreviewed
preamble/tests/test_preamble_algebra_syntax.sage	test_standard_rings_have_explicit_base_maps	specimen	482	0			unreviewed
preamble/tests/test_preamble_algebra_syntax.sage	test_standard_ring_has_distinct_base_maps	specimen	597	0			unreviewed
preamble/tests/test_preamble_algebra_syntax.sage	test_constructed_rings_are_explicit_objects_of_expected_algebra_categories	specimen	615	0			unreviewed
preamble/tests/test_preamble_algebra_syntax.sage	test_integral_and_fractional_Z_ideals_are_explicit_modules	specimen	651	0			unreviewed
preamble/tests/test_preamble_algebra_syntax.sage	test_ideal_membership_uses_the_span_of_all_module_generators	specimen	668	0			unreviewed
preamble/tests/test_preamble_algebra_syntax.sage	test_fractional_ideals_in_quadratic_integer_rings_are_explicit_modules	specimen	680	0			unreviewed
preamble/tests/test_preamble_algebra_syntax.sage	test_degree_is_the_grading_and_holds_at_every_rank	specimen	709	0			unreviewed
preamble/tests/test_preamble_algebra_syntax.sage	test_roots_are_asked_only_of_an_algebra_of_rank_one	specimen	745	0			unreviewed
preamble/tests/test_preamble_algebra_syntax.sage	test_division_and_factorisation_come_back_as_algebra_elements	specimen	782	0			unreviewed
preamble/tests/test_preamble_algebra_syntax.sage	test_evaluation_and_derivation_are_asked_by_generator	specimen	826	0			unreviewed
preamble/tests/test_preamble_algebra_syntax.sage	test_a_number_field_is_the_quotient_by_its_defining_polynomial	specimen	857	0			unreviewed
preamble/tests/test_preamble_algebra_syntax.sage	test_the_arithmetic_of_a_number_field_is_answered_in_owned_terms	specimen	898	0			unreviewed
preamble/tests/test_preamble_algebra_syntax.sage	test_an_integral_basis_is_a_basis_of_an_underlying_R_algebra	specimen	947	0			unreviewed
preamble/tests/test_preamble_algebra_syntax.sage	test_an_element_of_a_number_field_is_a_QQ_linear_endomorphism	specimen	993	0			unreviewed
preamble/tests/test_preamble_algebra_syntax.sage	test_a_polynomial_factors_over_an_extension_it_gains_a_root_in	specimen	1046	0			unreviewed
preamble/tests/test_preamble_refine.sage	<module>	module	1	0			unreviewed
preamble/tests/test_preamble_refine.sage	test_refinement_refuses_a_module_without_its_action_morphism	specimen	61	0			unreviewed
preamble/tests/test_preamble_refine.sage	test_parent_methods_come_from_refined_category	specimen	79	0			unreviewed
preamble/tests/test_preamble_refine.sage	test_element_methods_come_from_refined_category	specimen	91	0			unreviewed
preamble/tests/test_preamble_refine.sage	test_refined_element_compares_without_coercion_recursion	specimen	110	0			unreviewed
preamble/tests/test_preamble_refine.sage	test_unequal_rank_hom_from_generator_images	specimen	126	0			unreviewed
preamble/tests/test_preamble_refine.sage	test_heap_morphism_methods_come_from_refined_category	specimen	167	0			unreviewed
preamble/tests/test_preamble_refine.sage	test_install_hooks_refine_parents_and_elements	specimen	196	0			unreviewed
preamble/tests/test_preamble_refine.sage	test_cython_parents_refuse_refinement_and_so_keep_their_underlying_set	specimen	204	0			unreviewed
preamble/tests/test_preamble_refine.sage	test_a_module_takes_zero_to_its_own_zero	specimen	255	0			unreviewed
preamble/tests/test_preamble_refine.sage	test_a_polynomial_ring_is_the_free_algebra_the_notebook_receives	specimen	269	0			unreviewed
preamble/tests/test_preamble_refine.sage	test_real_roots_come_from_the_algebraic_closure	specimen	304	0			unreviewed
preamble/tests/test_preamble_refine.sage	test_the_noncrystallographic_coxeter_groups_have_their_orders	specimen	343	0			unreviewed
preamble/tests/test_ring_centers.sage	<module>	module	1	0			unreviewed
preamble/tests/test_ring_centers.sage	test_a_commutative_ring_is_its_own_centre	specimen	52	0			unreviewed
preamble/tests/test_ring_centers.sage	test_the_even_part_of_a_wedge_is_central_and_a_generator_is_not	specimen	63	0			unreviewed
preamble/tests/test_ring_centers.sage	test_the_centre_of_a_wedge_is_a_subring_one_can_ask_about	specimen	79	0			unreviewed
preamble/tests/test_ring_centers.sage	test_the_centre_of_a_wedge_is_commutative	specimen	98	0			unreviewed
preamble/tests/test_ring_centers.sage	test_a_ring_that_cannot_name_generators_declines	specimen	109	0			unreviewed
preamble/tests/test_ring_centers.sage	test_an_infinite_generating_set_is_not_a_finite_check	specimen	124	0			unreviewed
preamble/tests/test_ring_centers.sage	test_an_algebra_map_corestricts_to_the_centre_when_the_generators_are_central	specimen	139	0			unreviewed
preamble/tests/test_ring_centers.sage	test_a_map_whose_generators_leave_the_centre_does_not_corestrict	specimen	160	0			unreviewed
preamble/tests/test_ring_centers.sage	test_the_core_of_a_category_has_the_same_objects	specimen	173	0			unreviewed
preamble/tests/test_ring_centers.sage	test_a_category_performs_its_constructions_as_an_object_of_Cat	specimen	184	0			unreviewed
preamble/tests/test_ring_centers.sage	test_the_centre_functor_transports_an_isomorphism	specimen	204	0			unreviewed
preamble/tests/test_ring_centers.sage	test_the_centre_functor_refuses_an_arrow_that_is_not_invertible	specimen	220	0			unreviewed
preamble/tests/test_ring_quotient_value_modules.sage	<module>	module	1	0			unreviewed
preamble/tests/test_ring_quotient_value_modules.sage	test_the_session_names_Q_mod_Z_and_lands_it_in_the_owned_category	specimen	28	0			unreviewed
preamble/tests/test_ring_quotient_value_modules.sage	test_a_finitely_generated_submodule_of_Q_mod_Z_is_cyclic	specimen	49	0			unreviewed
preamble/tests/test_ring_quotient_value_modules.sage	test_the_modulus_enters_the_submodule_of_Q_mod_2Z	specimen	69	0			unreviewed
preamble/tests/test_ring_quotient_value_modules.sage	test_the_fraction_field_is_the_modulus_zero_object	specimen	84	0			unreviewed
preamble/tests/test_ring_quotient_value_modules.sage	test_the_countable_framing_of_Q_mod_Z_is_surjective_on_specimens	specimen	105	0			unreviewed
preamble/tests/test_ring_quotient_value_modules.sage	test_the_quotient_framing_is_the_fraction_field_framing_projected	specimen	123	0			unreviewed
preamble/tests/test_ring_quotient_value_modules.sage	test_the_A2_discriminant_bilinear_scale_is_the_subgroup_of_order_three	specimen	136	0			unreviewed
preamble/tests/test_ring_quotient_value_modules.sage	test_the_A2_discriminant_quadratic_scale_lives_in_Q_mod_2Z	specimen	151	0			unreviewed
preamble/tests/test_sage_symbols.py	<module>	module	1	0			unreviewed
preamble/tests/test_sage_symbols.py	test_generated_imports_support_a_polynomial_matrix_identity	specimen	8	0			unreviewed
preamble/tests/test_session_namespace.sage	<module>	module	1	0			unreviewed
preamble/tests/test_session_namespace.sage	session	function	18	0			unreviewed
preamble/tests/test_session_namespace.sage	test_a_session_ring_is_the_ring_and_not_the_engine	specimen	25	0			unreviewed
preamble/tests/test_session_namespace.sage	test_a_lattice_from_the_session_namespace_answers_for_itself	specimen	47	0			unreviewed
preamble/tests/test_session_namespace.sage	test_loading_a_script_leaves_the_session_rings_owned	specimen	61	0			unreviewed
preamble/tests/test_sterk_artifacts.sage	<module>	module	1	0			unreviewed
preamble/tests/test_sterk_artifacts.sage	test_the_empty_subdiagram_is_connected_elliptic_and_labeled_a0	specimen	112	0			unreviewed
preamble/tests/test_sterk_artifacts.sage	test_connected_elliptic_subdiagrams_reproduce_the_committed_artifacts	specimen	132	0			unreviewed
preamble/tests/test_subobject_lll.sage	<module>	module	1	0			unreviewed
preamble/tests/test_subobject_lll.sage	test_the_reduced_framing_is_the_one_reduction_defines	specimen	46	0			unreviewed
preamble/tests/test_subobject_lll.sage	test_reduction_keeps_the_submodule_and_shortens_its_generators	specimen	58	0			unreviewed
preamble/tests/test_subobject_lll.sage	test_reduction_agrees_on_the_negative_definite_target	specimen	71	0			unreviewed
preamble/tests/test_tensor_and_direct_sum.sage	<module>	module	1	0			unreviewed
preamble/tests/test_tensor_and_direct_sum.sage	test_sum_of_a_list_is_the_orthogonal_direct_sum	specimen	48	0			unreviewed
preamble/tests/test_tensor_and_direct_sum.sage	test_direct_sum_satisfies_the_biproduct_identity	specimen	57	0			unreviewed
preamble/tests/test_tensor_and_direct_sum.sage	test_direct_summands_are_orthogonal_and_keep_their_own_form	specimen	91	0			unreviewed
preamble/tests/test_tensor_and_direct_sum.sage	test_direct_sum_determinant_is_the_product_of_the_summand_determinants	specimen	116	0			unreviewed
preamble/tests/test_tensor_and_direct_sum.sage	test_tensor_rank_is_the_product_of_the_ranks	specimen	125	0			unreviewed
preamble/tests/test_tensor_and_direct_sum.sage	test_tensor_gram_is_the_kronecker_product	specimen	135	0			unreviewed
preamble/tests/test_tensor_and_direct_sum.sage	test_tensor_determinant_follows_the_kronecker_rule	specimen	150	0			unreviewed
preamble/tests/test_tensor_and_direct_sum.sage	test_tensor_is_a_cocone_under_the_cartesian_product	specimen	166	0			unreviewed
preamble/tests/test_tensor_and_direct_sum.sage	test_the_universal_map_is_bilinear_not_linear	specimen	187	0			unreviewed
preamble/tests/test_tensor_and_direct_sum.sage	test_the_universal_property_factors_a_bilinear_map	specimen	205	0			unreviewed
preamble/tests/test_tensor_and_direct_sum.sage	test_the_factorization_through_tensor_is_unique	specimen	228	0			unreviewed
preamble/tests/test_tensor_and_direct_sum.sage	test_the_form_on_a_triple_tensor_is_the_product_of_the_three_pairings	specimen	251	0			unreviewed
preamble/tests/test_tensor_and_direct_sum.sage	test_direct_sum_distributes_over_tensor	specimen	283	0			unreviewed
preamble/tests/test_tensors.sage	<module>	module	1	0			unreviewed
preamble/tests/test_tensors.sage	test_a_gram_matrix_is_a_twice_covariant_tensor	specimen	37	0			unreviewed
preamble/tests/test_tensors.sage	test_the_nesting_says_how_many_slots_and_covariance_is_the_default	specimen	51	0			unreviewed
preamble/tests/test_tensors.sage	test_a_multiplication_table_is_a_type_one_two_tensor	specimen	59	0			unreviewed
preamble/tests/test_tensors.sage	test_a_stated_valence_must_account_for_every_slot	specimen	82	0			unreviewed
preamble/tests/test_tensors.sage	test_ragged_components_are_refused	specimen	90	0			unreviewed
preamble/tests/test_tensors.sage	test_tensors_of_one_type_add_and_scale	specimen	98	0			unreviewed
preamble/tests/test_tensors.sage	test_a_multiplication_table_multiplies	specimen	112	0			unreviewed
preamble/tests/test_tensors.sage	test_feeding_one_element_leaves_a_tensor_with_the_rest_of_the_slots	specimen	129	0			unreviewed
preamble/tests/test_tensors.sage	test_contraction_pairs_an_upper_slot_with_a_lower_one	specimen	140	0			unreviewed
preamble/tests/test_tensors.sage	test_the_trace_contracts_a_tensor_against_itself	specimen	155	0			unreviewed
preamble/tests/test_tensors.sage	test_the_gram_matrix_is_the_forms_covariant_tensor	specimen	163	0			unreviewed
preamble/tests/test_tensors.sage	test_a_unimodular_form_raises_and_lowers_an_index	specimen	184	0			unreviewed
preamble/tests/test_tensors.sage	test_raising_an_integral_index_requires_unimodularity	specimen	195	0			unreviewed
preamble/tests/test_tensors.sage	test_a_nondegenerate_lattice_raises_indices_after_rationalization	specimen	203	0			unreviewed
preamble/tests/test_tensors.sage	test_the_correlation_is_an_isomorphism_exactly_when_unimodular	specimen	218	0			unreviewed
preamble/tests/test_tensors.sage	test_tensor_values_are_sage_elements	specimen	232	0			unreviewed
preamble/tests/test_tensors.sage	test_mixed_tensors_are_the_homogeneous_pieces_of_one_bigraded_algebra	specimen	242	0			unreviewed
preamble/tests/test_tensors.sage	test_covariant_slots_use_the_dual_module	specimen	264	0			unreviewed
preamble/tests/test_tensors.sage	test_a_tensor_piece_is_the_tensor_product_of_powers_of_a_module_and_its_dual	specimen	282	0			unreviewed
preamble/tests/test_tensors.sage	test_the_degree_two_piece_of_the_tensor_algebra_is_the_tensor_square	specimen	293	0			unreviewed
preamble/utilities.py	<module>	module	1	0			unreviewed
preamble/utilities.py	lmap	function	11	1	src/dzack_research/preamble/utilities.py		unreviewed
preamble/utilities.py	lzip	function	16	1	src/dzack_research/preamble/utilities.py		unreviewed
preamble/utilities.py	to_var_names	function	21	1	src/dzack_research/preamble/utilities.py		unreviewed
preamble/utilities.py	zipsum	function	26	1	src/dzack_research/preamble/utilities.py		unreviewed
